2025-08-01 09:12:00,830 - INFO - Initializing ExpLTV Pipeline...
2025-08-01 09:12:01,172 - INFO - Pipeline initialized. Output directory: output
2025-08-01 09:12:01,172 - INFO - Starting complete ExpLTV pipeline execution...
2025-08-01 09:12:01,172 - INFO - Step 1: Extracting data from BigQuery...
2025-08-01 09:12:04,544 - INFO - Extracted 3,310 players from BigQuery
2025-08-01 09:12:04,545 - INFO - Step 2: Engineering advanced behavioral features...
2025-08-01 09:12:04,629 - INFO - Created 45 features
2025-08-01 09:12:04,629 - INFO - Step 3: Creating user categories (Whales, Low Spenders, Non-payers)...
2025-08-01 09:12:04,633 - INFO - User categorization complete: {'Non-payer': np.int64(2819), 'Low_Spender': np.int64(453), 'Medium_Spender': np.int64(27), 'Whale': np.int64(11)}
2025-08-01 09:12:04,633 - INFO - Step 4: Training ExpLTV model with whale detection...
2025-08-01 09:12:04,634 - INFO - Training Enhanced ZILN Model with Neural Network...
2025-08-01 09:12:04,635 - INFO - Training set: 3,310 players
2025-08-01 09:12:04,635 - INFO - Payers: 491 (14.8%)
2025-08-01 09:12:04,635 - INFO - Average revenue (payers): $0.48
2025-08-01 09:12:04,635 - INFO - Training Neural Network Model...
2025-08-01 09:14:08,693 - INFO - Initializing ExpLTV Pipeline...
2025-08-01 09:14:09,016 - INFO - Pipeline initialized. Output directory: output
2025-08-01 09:14:09,016 - INFO - Starting complete ExpLTV pipeline execution...
2025-08-01 09:14:09,016 - INFO - Step 1: Extracting data from BigQuery...
2025-08-01 09:14:12,171 - INFO - Extracted 3,310 players from BigQuery
2025-08-01 09:14:12,172 - INFO - Step 2: Engineering advanced behavioral features...
2025-08-01 09:14:12,219 - INFO - Created 45 features
2025-08-01 09:14:12,219 - INFO - Step 3: Creating user categories (Whales, Low Spenders, Non-payers)...
2025-08-01 09:14:12,223 - INFO - User categorization complete: {'Non-payer': np.int64(2819), 'Low_Spender': np.int64(453), 'Medium_Spender': np.int64(27), 'Whale': np.int64(11)}
2025-08-01 09:14:12,224 - INFO - Step 4: Training ExpLTV model with whale detection...
2025-08-01 09:14:12,224 - INFO - Training Enhanced ZILN Model with Neural Network...
2025-08-01 09:14:12,224 - INFO - Training set: 3,310 players
2025-08-01 09:14:12,225 - INFO - Payers: 491 (14.8%)
2025-08-01 09:14:12,225 - INFO - Average revenue (payers): $0.48
2025-08-01 09:14:12,225 - INFO - Training Neural Network Model...
2025-08-01 09:18:13,663 - INFO - Initializing ExpLTV Pipeline...
2025-08-01 09:18:14,124 - INFO - Pipeline initialized. Output directory: output
2025-08-01 09:18:14,124 - INFO - Starting complete ExpLTV pipeline execution...
2025-08-01 09:18:14,124 - INFO - Step 1: Extracting data from BigQuery...
2025-08-01 09:18:17,290 - INFO - Extracted 3,310 players from BigQuery
2025-08-01 09:18:17,290 - INFO - Step 2: Engineering advanced behavioral features...
2025-08-01 09:18:17,436 - INFO - Created 45 features
2025-08-01 09:18:17,436 - INFO - Step 3: Creating user categories (Whales, Low Spenders, Non-payers)...
2025-08-01 09:18:17,441 - INFO - User categorization complete: {'Non-payer': np.int64(2819), 'Low_Spender': np.int64(453), 'Medium_Spender': np.int64(27), 'Whale': np.int64(11)}
2025-08-01 09:18:17,441 - INFO - Step 4: Training ExpLTV model with whale detection...
2025-08-01 09:18:17,442 - INFO - Training Enhanced ZILN Model with Neural Network...
2025-08-01 09:18:17,442 - INFO - Training set: 3,310 players
2025-08-01 09:18:17,442 - INFO - Payers: 491 (14.8%)
2025-08-01 09:18:17,442 - INFO - Average revenue (payers): $0.48
2025-08-01 09:18:17,442 - INFO - Training Neural Network Model...
2025-08-01 09:23:22,313 - INFO - Initializing ExpLTV Pipeline...
2025-08-01 09:23:22,654 - INFO - Pipeline initialized. Output directory: output
2025-08-01 09:23:22,654 - INFO - Starting complete ExpLTV pipeline execution...
2025-08-01 09:23:22,654 - INFO - Step 1: Extracting data from BigQuery...
2025-08-01 09:23:25,823 - INFO - Extracted 3,310 players from BigQuery
2025-08-01 09:23:25,823 - INFO - Step 2: Engineering advanced behavioral features...
2025-08-01 09:23:25,872 - INFO - Created 45 features
2025-08-01 09:23:25,872 - INFO - Step 3: Creating user categories (Whales, Low Spenders, Non-payers)...
2025-08-01 09:23:25,876 - INFO - User categorization complete: {'Non-payer': np.int64(2819), 'Low_Spender': np.int64(453), 'Medium_Spender': np.int64(27), 'Whale': np.int64(11)}
2025-08-01 09:23:25,876 - INFO - Step 4: Training ExpLTV model with whale detection...
2025-08-01 09:23:25,877 - INFO - Training Enhanced ZILN Model with Neural Network...
2025-08-01 09:23:25,877 - INFO - Training set: 3,310 players
2025-08-01 09:23:25,877 - INFO - Payers: 491 (14.8%)
2025-08-01 09:23:25,877 - INFO - Average revenue (payers): $0.48
2025-08-01 09:23:25,877 - INFO - Training Neural Network Model...
2025-08-01 09:23:26,463 - ERROR - Pipeline failed with error: Found input variables with inconsistent numbers of samples: [6371, 6597]
2025-08-01 09:24:10,467 - INFO - Initializing ExpLTV Pipeline...
2025-08-01 09:24:10,785 - INFO - Pipeline initialized. Output directory: output
2025-08-01 09:24:10,785 - INFO - Starting complete ExpLTV pipeline execution...
2025-08-01 09:24:10,785 - INFO - Step 1: Extracting data from BigQuery...
2025-08-01 09:24:13,847 - INFO - Extracted 3,310 players from BigQuery
2025-08-01 09:24:13,847 - INFO - Step 2: Engineering advanced behavioral features...
2025-08-01 09:24:13,892 - INFO - Created 45 features
2025-08-01 09:24:13,892 - INFO - Step 3: Creating user categories (Whales, Low Spenders, Non-payers)...
2025-08-01 09:24:13,897 - INFO - User categorization complete: {'Non-payer': np.int64(2819), 'Low_Spender': np.int64(453), 'Medium_Spender': np.int64(27), 'Whale': np.int64(11)}
2025-08-01 09:24:13,897 - INFO - Step 4: Training ExpLTV model with whale detection...
2025-08-01 09:24:13,898 - INFO - Applying SMOTE. Before: 3310 samples
2025-08-01 09:24:13,905 - WARNING - SMOTE failed: cannot safely cast non-equivalent float64 to int64. Using original data.
2025-08-01 09:24:13,905 - INFO - Training Enhanced ZILN Model with Neural Network...
2025-08-01 09:24:13,905 - INFO - Training set: 3,310 players
2025-08-01 09:24:13,905 - INFO - Payers: 491 (14.8%)
2025-08-01 09:24:13,905 - INFO - Average revenue (payers): $0.48
2025-08-01 09:24:13,905 - INFO - Training Neural Network Model...
2025-08-01 09:24:14,438 - ERROR - Pipeline failed with error: Found input variables with inconsistent numbers of samples: [6430, 6597]
2025-08-01 09:26:40,062 - INFO - Initializing ExpLTV Pipeline...
2025-08-01 09:26:40,399 - INFO - Pipeline initialized. Output directory: output
2025-08-01 09:26:40,399 - INFO - Starting complete ExpLTV pipeline execution...
2025-08-01 09:26:40,399 - INFO - Step 1: Extracting data from BigQuery...
2025-08-01 09:26:43,452 - INFO - Extracted 3,310 players from BigQuery
2025-08-01 09:26:43,453 - INFO - Step 2: Engineering advanced behavioral features...
2025-08-01 09:26:43,502 - INFO - Created 45 features
2025-08-01 09:26:43,502 - INFO - Step 3: Creating user categories (Whales, Low Spenders, Non-payers)...
2025-08-01 09:26:43,506 - INFO - User categorization complete: {'Non-payer': np.int64(2819), 'Low_Spender': np.int64(453), 'Medium_Spender': np.int64(27), 'Whale': np.int64(11)}
2025-08-01 09:26:43,507 - INFO - Step 4: Training ExpLTV model with whale detection...
2025-08-01 09:26:43,507 - INFO - Applying SMOTE. Before: 3310 samples
2025-08-01 09:26:43,515 - INFO - SMOTE applied. After: 5638 samples, Payer ratio: 0.500
2025-08-01 09:26:43,515 - INFO - Using SMOTE-resampled data: 5638 samples
2025-08-01 09:26:43,516 - INFO - Created whale labels for SMOTE data: 5638 labels, 2819 whales
2025-08-01 09:26:43,516 - INFO - Training Enhanced ZILN Model with Neural Network...
2025-08-01 09:26:43,516 - INFO - Training set: 5,638 players
2025-08-01 09:26:43,516 - INFO - Payers: 2,819 (50.0%)
2025-08-01 09:26:43,516 - INFO - Average revenue (payers): $0.02
2025-08-01 09:26:43,516 - INFO - Training Neural Network Model...
2025-08-01 09:26:44,070 - ERROR - Pipeline failed with error: name 'logger' is not defined
2025-08-01 09:27:01,241 - INFO - Initializing ExpLTV Pipeline...
2025-08-01 09:27:01,536 - INFO - Pipeline initialized. Output directory: output
2025-08-01 09:27:01,536 - INFO - Starting complete ExpLTV pipeline execution...
2025-08-01 09:27:01,536 - INFO - Step 1: Extracting data from BigQuery...
2025-08-01 09:27:05,242 - INFO - Extracted 3,310 players from BigQuery
2025-08-01 09:27:05,242 - INFO - Step 2: Engineering advanced behavioral features...
2025-08-01 09:27:05,287 - INFO - Created 45 features
2025-08-01 09:27:05,287 - INFO - Step 3: Creating user categories (Whales, Low Spenders, Non-payers)...
2025-08-01 09:27:05,291 - INFO - User categorization complete: {'Non-payer': np.int64(2819), 'Low_Spender': np.int64(453), 'Medium_Spender': np.int64(27), 'Whale': np.int64(11)}
2025-08-01 09:27:05,291 - INFO - Step 4: Training ExpLTV model with whale detection...
2025-08-01 09:27:05,291 - INFO - Applying SMOTE. Before: 3310 samples
2025-08-01 09:27:05,298 - INFO - SMOTE applied. After: 5638 samples, Payer ratio: 0.500
2025-08-01 09:27:05,299 - INFO - Using SMOTE-resampled data: 5638 samples
2025-08-01 09:27:05,299 - INFO - Created whale labels for SMOTE data: 5638 labels, 2819 whales
2025-08-01 09:27:05,299 - INFO - Training Enhanced ZILN Model with Neural Network...
2025-08-01 09:27:05,299 - INFO - Training set: 5,638 players
2025-08-01 09:27:05,299 - INFO - Payers: 2,819 (50.0%)
2025-08-01 09:27:05,299 - INFO - Average revenue (payers): $0.02
2025-08-01 09:27:05,299 - INFO - Training Neural Network Model...
2025-08-01 09:27:05,791 - INFO - Starting training for 50 epochs...
2025-08-01 09:27:05,791 - INFO - Epoch | Train Loss | Val Loss | LR | Time
2025-08-01 09:27:09,072 - INFO - Training completed after 50 epochs
2025-08-01 09:27:09,072 - INFO - Best validation loss: 0.404914
2025-08-01 09:27:09,374 - INFO - Training progress plot saved to output/training_progress.png
2025-08-01 09:27:09,374 - INFO - Enhanced ZILN model training completed
2025-08-01 09:27:09,374 - INFO - Model training completed
2025-08-01 09:27:09,374 - INFO - Step 5: Running comprehensive backtesting and validation...
2025-08-01 09:27:09,374 - INFO - Starting comprehensive backtesting...
2025-08-01 09:27:09,375 - INFO - Applying SMOTE. Before: 3310 samples
2025-08-01 09:27:09,381 - INFO - SMOTE applied. After: 5638 samples, Payer ratio: 0.500
2025-08-01 09:27:09,381 - INFO - Running random split validation...
2025-08-01 09:27:09,381 - ERROR - Pipeline failed with error: Found input variables with inconsistent numbers of samples: [5638, 3310]
2025-08-01 09:28:14,191 - INFO - Initializing ExpLTV Pipeline...
2025-08-01 09:28:14,510 - INFO - Pipeline initialized. Output directory: output
2025-08-01 09:28:14,510 - INFO - Starting complete ExpLTV pipeline execution...
2025-08-01 09:28:14,510 - INFO - Step 1: Extracting data from BigQuery...
2025-08-01 09:28:17,603 - INFO - Extracted 3,310 players from BigQuery
2025-08-01 09:28:17,604 - INFO - Step 2: Engineering advanced behavioral features...
2025-08-01 09:28:17,649 - INFO - Created 45 features
2025-08-01 09:28:17,649 - INFO - Step 3: Creating user categories (Whales, Low Spenders, Non-payers)...
2025-08-01 09:28:17,653 - INFO - User categorization complete: {'Non-payer': np.int64(2819), 'Low_Spender': np.int64(453), 'Medium_Spender': np.int64(27), 'Whale': np.int64(11)}
2025-08-01 09:28:17,653 - INFO - Step 4: Training ExpLTV model with whale detection...
2025-08-01 09:28:17,653 - INFO - Applying SMOTE. Before: 3310 samples
2025-08-01 09:28:17,662 - INFO - SMOTE applied. After: 5638 samples, Payer ratio: 0.500
2025-08-01 09:28:17,662 - INFO - Using SMOTE-resampled data: 5638 samples
2025-08-01 09:28:17,663 - INFO - Created whale labels for SMOTE data: 5638 labels, 2819 whales
2025-08-01 09:28:17,663 - INFO - Training Enhanced ZILN Model with Neural Network...
2025-08-01 09:28:17,663 - INFO - Training set: 5,638 players
2025-08-01 09:28:17,663 - INFO - Payers: 2,819 (50.0%)
2025-08-01 09:28:17,663 - INFO - Average revenue (payers): $0.02
2025-08-01 09:28:17,663 - INFO - Training Neural Network Model...
2025-08-01 09:28:18,208 - INFO - Starting training for 50 epochs...
2025-08-01 09:28:18,208 - INFO - Epoch | Train Loss | Val Loss | LR | Time
2025-08-01 09:28:21,331 - INFO - Training completed after 50 epochs
2025-08-01 09:28:21,331 - INFO - Best validation loss: 0.402252
2025-08-01 09:28:21,540 - INFO - Training progress plot saved to output/training_progress.png
2025-08-01 09:28:21,540 - INFO - Enhanced ZILN model training completed
2025-08-01 09:28:21,540 - INFO - Model training completed
2025-08-01 09:28:21,540 - INFO - Step 5: Running comprehensive backtesting and validation...
2025-08-01 09:28:21,540 - INFO - Starting comprehensive backtesting...
2025-08-01 09:28:21,541 - INFO - Applying SMOTE. Before: 3310 samples
2025-08-01 09:31:32,416 - INFO - Initializing ExpLTV Pipeline...
2025-08-01 09:31:32,753 - INFO - Pipeline initialized. Output directory: output
2025-08-01 09:31:32,753 - INFO - Starting complete ExpLTV pipeline execution...
2025-08-01 09:31:32,753 - INFO - Step 1: Extracting data from BigQuery...
2025-08-01 09:31:35,781 - INFO - Extracted 3,310 players from BigQuery
2025-08-01 09:31:35,782 - INFO - Step 2: Engineering advanced behavioral features...
2025-08-01 09:31:35,826 - INFO - Created 45 features
2025-08-01 09:31:35,826 - INFO - Step 3: Creating user categories (Whales, Low Spenders, Non-payers)...
2025-08-01 09:31:35,831 - INFO - User categorization complete: {'Non-payer': np.int64(2819), 'Low_Spender': np.int64(453), 'Medium_Spender': np.int64(27), 'Whale': np.int64(11)}
2025-08-01 09:31:35,831 - INFO - Step 4: Training ExpLTV model with whale detection...
2025-08-01 09:31:35,831 - INFO - Applying SMOTE. Before: 3310 samples
2025-08-01 09:31:35,838 - INFO - SMOTE applied. After: 5638 samples, Payer ratio: 0.500
2025-08-01 09:31:35,839 - INFO - Using SMOTE-resampled data: 5638 samples
2025-08-01 09:31:35,839 - INFO - Created whale labels for SMOTE data: 5638 labels, 2819 whales
2025-08-01 09:31:35,839 - INFO - Training Enhanced ZILN Model with Neural Network...
2025-08-01 09:31:35,839 - INFO - Training set: 5,638 players
2025-08-01 09:31:35,839 - INFO - Payers: 2,819 (50.0%)
2025-08-01 09:31:35,839 - INFO - Average revenue (payers): $0.02
2025-08-01 09:31:35,839 - INFO - Training Neural Network Model...
2025-08-01 09:31:36,378 - INFO - Starting training for 50 epochs...
2025-08-01 09:31:36,378 - INFO - Epoch | Train Loss | Val Loss | LR | Time
2025-08-01 09:31:39,446 - INFO - Training completed after 50 epochs
2025-08-01 09:31:39,447 - INFO - Best validation loss: 0.387146
2025-08-01 09:31:39,656 - INFO - Training progress plot saved to output/training_progress.png
2025-08-01 09:31:39,656 - INFO - Enhanced ZILN model training completed
2025-08-01 09:31:39,656 - INFO - Model training completed
2025-08-01 09:31:39,656 - INFO - Step 5: Running comprehensive backtesting and validation...
2025-08-01 09:31:39,656 - INFO - Starting comprehensive backtesting...
2025-08-01 09:31:39,657 - INFO - Running random split validation...
2025-08-01 09:31:39,659 - INFO - Training Enhanced ZILN Model with Neural Network...
2025-08-01 09:31:39,659 - INFO - Training set: 2,648 players
2025-08-01 09:31:39,659 - INFO - Payers: 393 (14.8%)
2025-08-01 09:31:39,659 - INFO - Average revenue (payers): $0.52
2025-08-01 09:31:39,659 - INFO - Training Neural Network Model...
2025-08-01 09:31:39,665 - INFO - Starting training for 50 epochs...
2025-08-01 09:31:39,665 - INFO - Epoch | Train Loss | Val Loss | LR | Time
2025-08-01 09:31:40,877 - INFO - Training completed after 41 epochs
2025-08-01 09:31:40,877 - INFO - Best validation loss: 0.930853
2025-08-01 09:31:40,954 - INFO - Training progress plot saved to output/training_progress.png
2025-08-01 09:31:40,955 - INFO - Enhanced ZILN model training completed
2025-08-01 09:31:40,968 - INFO - Running cross-validation...
2025-08-01 09:31:40,969 - INFO - Training Enhanced ZILN Model with Neural Network...
2025-08-01 09:31:40,969 - INFO - Training set: 555 players
2025-08-01 09:31:40,969 - INFO - Payers: 491 (88.5%)
2025-08-01 09:31:40,969 - INFO - Average revenue (payers): $0.48
2025-08-01 09:31:40,969 - INFO - Training Neural Network Model...
2025-08-01 09:31:40,973 - INFO - Starting training for 250 epochs...
2025-08-01 09:31:40,973 - INFO - Epoch | Train Loss | Val Loss | LR | Time
2025-08-01 09:31:41,610 - INFO - Training completed after 54 epochs
2025-08-01 09:31:41,610 - INFO - Best validation loss: 3.808386
2025-08-01 09:31:41,681 - INFO - Training progress plot saved to output/training_progress.png
2025-08-01 09:31:41,681 - INFO - Enhanced ZILN model training completed
2025-08-01 09:31:41,688 - INFO - Training Enhanced ZILN Model with Neural Network...
2025-08-01 09:31:41,688 - INFO - Training set: 1,106 players
2025-08-01 09:31:41,688 - INFO - Payers: 491 (44.4%)
2025-08-01 09:31:41,688 - INFO - Average revenue (payers): $0.48
2025-08-01 09:31:41,688 - INFO - Training Neural Network Model...
2025-08-01 09:31:41,693 - INFO - Starting training for 250 epochs...
2025-08-01 09:31:41,693 - INFO - Epoch | Train Loss | Val Loss | LR | Time
2025-08-01 09:31:42,635 - INFO - Training completed after 47 epochs
2025-08-01 09:31:42,636 - INFO - Best validation loss: 2.206706
2025-08-01 09:31:42,708 - INFO - Training progress plot saved to output/training_progress.png
2025-08-01 09:31:42,708 - INFO - Enhanced ZILN model training completed
2025-08-01 09:31:42,715 - INFO - Training Enhanced ZILN Model with Neural Network...
2025-08-01 09:31:42,715 - INFO - Training set: 1,657 players
2025-08-01 09:31:42,715 - INFO - Payers: 491 (29.6%)
2025-08-01 09:31:42,715 - INFO - Average revenue (payers): $0.48
2025-08-01 09:31:42,715 - INFO - Training Neural Network Model...
2025-08-01 09:31:42,721 - INFO - Starting training for 250 epochs...
2025-08-01 09:31:42,721 - INFO - Epoch | Train Loss | Val Loss | LR | Time
2025-08-01 09:31:45,574 - INFO - Training completed after 96 epochs
2025-08-01 09:31:45,574 - INFO - Best validation loss: 7.878730
2025-08-01 09:31:45,644 - INFO - Training progress plot saved to output/training_progress.png
2025-08-01 09:31:45,645 - INFO - Enhanced ZILN model training completed
2025-08-01 09:31:45,652 - INFO - Training Enhanced ZILN Model with Neural Network...
2025-08-01 09:31:45,652 - INFO - Training set: 2,208 players
2025-08-01 09:31:45,652 - INFO - Payers: 491 (22.2%)
2025-08-01 09:31:45,652 - INFO - Average revenue (payers): $0.48
2025-08-01 09:31:45,652 - INFO - Training Neural Network Model...
2025-08-01 09:31:45,658 - INFO - Starting training for 250 epochs...
2025-08-01 09:31:45,658 - INFO - Epoch | Train Loss | Val Loss | LR | Time
2025-08-01 09:31:47,591 - INFO - Training completed after 48 epochs
2025-08-01 09:31:47,591 - INFO - Best validation loss: 0.663635
2025-08-01 09:31:47,662 - INFO - Training progress plot saved to output/training_progress.png
2025-08-01 09:31:47,662 - INFO - Enhanced ZILN model training completed
2025-08-01 09:31:47,669 - INFO - Training Enhanced ZILN Model with Neural Network...
2025-08-01 09:31:47,670 - INFO - Training set: 2,759 players
2025-08-01 09:31:47,670 - INFO - Payers: 491 (17.8%)
2025-08-01 09:31:47,670 - INFO - Average revenue (payers): $0.48
2025-08-01 09:31:47,670 - INFO - Training Neural Network Model...
2025-08-01 09:31:47,675 - INFO - Starting training for 250 epochs...
2025-08-01 09:31:47,676 - INFO - Epoch | Train Loss | Val Loss | LR | Time
2025-08-01 09:31:49,822 - INFO - Training completed after 43 epochs
2025-08-01 09:31:49,822 - INFO - Best validation loss: 0.407105
2025-08-01 09:31:49,896 - INFO - Training progress plot saved to output/training_progress.png
2025-08-01 09:31:49,896 - INFO - Enhanced ZILN model training completed
2025-08-01 09:31:49,902 - INFO - Running segment-based validation...
2025-08-01 09:31:49,902 - INFO - Training Enhanced ZILN Model with Neural Network...
2025-08-01 09:31:49,902 - INFO - Training set: 3,310 players
2025-08-01 09:31:49,903 - INFO - Payers: 491 (14.8%)
2025-08-01 09:31:49,903 - INFO - Average revenue (payers): $0.48
2025-08-01 09:31:49,903 - INFO - Training Neural Network Model...
2025-08-01 09:31:49,909 - INFO - Starting training for 50 epochs...
2025-08-01 09:31:49,909 - INFO - Epoch | Train Loss | Val Loss | LR | Time
2025-08-01 09:31:51,310 - INFO - Training completed after 38 epochs
2025-08-01 09:31:51,310 - INFO - Best validation loss: 1.154372
2025-08-01 09:31:51,386 - INFO - Training progress plot saved to output/training_progress.png
2025-08-01 09:31:51,386 - INFO - Enhanced ZILN model training completed
2025-08-01 09:31:51,419 - INFO - Running revenue tier validation...
2025-08-01 09:31:51,419 - INFO - Training Enhanced ZILN Model with Neural Network...
2025-08-01 09:31:51,420 - INFO - Training set: 3,310 players
2025-08-01 09:31:51,420 - INFO - Payers: 491 (14.8%)
2025-08-01 09:31:51,420 - INFO - Average revenue (payers): $0.48
2025-08-01 09:31:51,420 - INFO - Training Neural Network Model...
2025-08-01 09:31:51,426 - INFO - Starting training for 50 epochs...
2025-08-01 09:31:51,426 - INFO - Epoch | Train Loss | Val Loss | LR | Time
2025-08-01 09:31:53,241 - INFO - Training completed after 50 epochs
2025-08-01 09:31:53,242 - INFO - Best validation loss: 1.134518
2025-08-01 09:31:53,315 - INFO - Training progress plot saved to output/training_progress.png
2025-08-01 09:31:53,315 - INFO - Enhanced ZILN model training completed
2025-08-01 09:31:53,340 - INFO - Running whale detection validation...
2025-08-01 09:31:53,363 - INFO - Backtesting completed successfully
2025-08-01 09:31:53,363 - INFO - Backtesting completed
2025-08-01 09:31:53,363 - INFO - Step 6: Creating visualizations and reports...
2025-08-01 09:31:53,363 - ERROR - Pipeline failed with error: ResultVisualizer.create_all_plots() got an unexpected keyword argument 'include_whale_analysis'
2025-08-01 09:32:17,791 - INFO - Initializing ExpLTV Pipeline...
2025-08-01 09:32:18,127 - INFO - Pipeline initialized. Output directory: output
2025-08-01 09:32:18,127 - INFO - Starting complete ExpLTV pipeline execution...
2025-08-01 09:32:18,127 - INFO - Step 1: Extracting data from BigQuery...
2025-08-01 09:32:21,433 - INFO - Extracted 3,310 players from BigQuery
2025-08-01 09:32:21,433 - INFO - Step 2: Engineering advanced behavioral features...
2025-08-01 09:32:21,477 - INFO - Created 45 features
2025-08-01 09:32:21,477 - INFO - Step 3: Creating user categories (Whales, Low Spenders, Non-payers)...
2025-08-01 09:32:21,481 - INFO - User categorization complete: {'Non-payer': np.int64(2819), 'Low_Spender': np.int64(453), 'Medium_Spender': np.int64(27), 'Whale': np.int64(11)}
2025-08-01 09:32:21,482 - INFO - Step 4: Training ExpLTV model with whale detection...
2025-08-01 09:32:21,482 - INFO - Applying SMOTE. Before: 3310 samples
2025-08-01 09:57:42,676 - INFO - Initializing ExpLTV Pipeline...
2025-08-01 09:57:42,994 - INFO - Pipeline initialized. Output directory: output
2025-08-01 09:57:42,995 - INFO - Starting complete ExpLTV pipeline execution...
2025-08-01 09:57:42,995 - INFO - Step 1: Extracting data from BigQuery...
2025-08-01 09:57:46,080 - INFO - Extracted 3,310 players from BigQuery
2025-08-01 09:57:46,080 - INFO - Step 2: Engineering advanced behavioral features...
2025-08-01 09:57:46,126 - INFO - Created 45 features
2025-08-01 09:57:46,126 - INFO - Step 3: Creating user categories (Whales, Low Spenders, Non-payers)...
2025-08-01 09:57:46,130 - INFO - User categorization complete: {'Non-payer': np.int64(2819), 'Low_Spender': np.int64(453), 'Medium_Spender': np.int64(27), 'Whale': np.int64(11)}
2025-08-01 09:57:46,130 - INFO - Step 4: Training ExpLTV model with whale detection...
2025-08-01 09:57:46,131 - INFO - Training Enhanced ZILN Model with Neural Network...
2025-08-01 09:57:46,132 - INFO - Training set: 3,310 players
2025-08-01 09:57:46,132 - INFO - Payers: 491 (14.8%)
2025-08-01 09:57:46,132 - INFO - Average revenue (payers): $0.48
2025-08-01 09:57:46,132 - INFO - Training Neural Network Model...
2025-08-01 09:57:46,638 - INFO - Starting training for 50 epochs...
2025-08-01 09:57:46,638 - INFO - Epoch | Train Loss | Val Loss | LR | Time
2025-08-01 09:57:48,437 - INFO - Training completed after 50 epochs
2025-08-01 09:57:48,437 - INFO - Best validation loss: 4.183029
2025-08-01 09:57:48,624 - INFO - Training progress plot saved to output/training_progress.png
2025-08-01 09:57:48,625 - INFO - Enhanced ZILN model training completed
2025-08-01 09:57:48,625 - INFO - Model training completed
2025-08-01 09:57:48,625 - INFO - Step 5: Running comprehensive backtesting and validation...
2025-08-01 09:57:48,625 - INFO - Starting comprehensive backtesting...
2025-08-01 09:57:48,625 - INFO - Running random split validation...
2025-08-01 09:57:48,627 - INFO - Training Enhanced ZILN Model with Neural Network...
2025-08-01 09:57:48,627 - INFO - Training set: 2,648 players
2025-08-01 09:57:48,627 - INFO - Payers: 393 (14.8%)
2025-08-01 09:57:48,627 - INFO - Average revenue (payers): $0.52
2025-08-01 09:57:48,627 - INFO - Training Neural Network Model...
2025-08-01 09:57:48,633 - INFO - Starting training for 50 epochs...
2025-08-01 09:57:48,633 - INFO - Epoch | Train Loss | Val Loss | LR | Time
2025-08-01 09:57:49,719 - INFO - Training completed after 37 epochs
2025-08-01 09:57:49,719 - INFO - Best validation loss: 0.918748
2025-08-01 09:57:49,793 - INFO - Training progress plot saved to output/training_progress.png
2025-08-01 09:57:49,793 - INFO - Enhanced ZILN model training completed
2025-08-01 09:57:49,805 - INFO - Running cross-validation...
2025-08-01 09:57:49,806 - INFO - Training Enhanced ZILN Model with Neural Network...
2025-08-01 09:57:49,806 - INFO - Training set: 555 players
2025-08-01 09:57:49,806 - INFO - Payers: 491 (88.5%)
2025-08-01 09:57:49,806 - INFO - Average revenue (payers): $0.48
2025-08-01 09:57:49,806 - INFO - Training Neural Network Model...
2025-08-01 09:57:49,811 - INFO - Starting training for 250 epochs...
2025-08-01 09:57:49,811 - INFO - Epoch | Train Loss | Val Loss | LR | Time
2025-08-01 09:57:50,566 - INFO - Training completed after 70 epochs
2025-08-01 09:57:50,566 - INFO - Best validation loss: 3.761160
2025-08-01 09:57:50,637 - INFO - Training progress plot saved to output/training_progress.png
2025-08-01 09:57:50,637 - INFO - Enhanced ZILN model training completed
2025-08-01 09:57:50,644 - INFO - Training Enhanced ZILN Model with Neural Network...
2025-08-01 09:57:50,644 - INFO - Training set: 1,106 players
2025-08-01 09:57:50,644 - INFO - Payers: 491 (44.4%)
2025-08-01 09:57:50,644 - INFO - Average revenue (payers): $0.48
2025-08-01 09:57:50,644 - INFO - Training Neural Network Model...
2025-08-01 09:57:50,648 - INFO - Starting training for 250 epochs...
2025-08-01 09:57:50,648 - INFO - Epoch | Train Loss | Val Loss | LR | Time
2025-08-01 09:57:51,702 - INFO - Training completed after 48 epochs
2025-08-01 09:57:51,702 - INFO - Best validation loss: 2.169987
2025-08-01 09:57:51,772 - INFO - Training progress plot saved to output/training_progress.png
2025-08-01 09:57:51,772 - INFO - Enhanced ZILN model training completed
2025-08-01 09:57:51,779 - INFO - Training Enhanced ZILN Model with Neural Network...
2025-08-01 09:57:51,780 - INFO - Training set: 1,657 players
2025-08-01 09:57:51,780 - INFO - Payers: 491 (29.6%)
2025-08-01 09:57:51,780 - INFO - Average revenue (payers): $0.48
2025-08-01 09:57:51,780 - INFO - Training Neural Network Model...
2025-08-01 09:57:51,785 - INFO - Starting training for 250 epochs...
2025-08-01 09:57:51,785 - INFO - Epoch | Train Loss | Val Loss | LR | Time
2025-08-01 09:57:53,137 - INFO - Training completed after 46 epochs
2025-08-01 09:57:53,137 - INFO - Best validation loss: 8.011520
2025-08-01 09:57:53,205 - INFO - Training progress plot saved to output/training_progress.png
2025-08-01 09:57:53,205 - INFO - Enhanced ZILN model training completed
2025-08-01 09:57:53,212 - INFO - Training Enhanced ZILN Model with Neural Network...
2025-08-01 09:57:53,213 - INFO - Training set: 2,208 players
2025-08-01 09:57:53,213 - INFO - Payers: 491 (22.2%)
2025-08-01 09:57:53,213 - INFO - Average revenue (payers): $0.48
2025-08-01 09:57:53,213 - INFO - Training Neural Network Model...
2025-08-01 09:57:53,218 - INFO - Starting training for 250 epochs...
2025-08-01 09:57:53,218 - INFO - Epoch | Train Loss | Val Loss | LR | Time
2025-08-01 09:57:54,785 - INFO - Training completed after 39 epochs
2025-08-01 09:57:54,785 - INFO - Best validation loss: 0.690932
2025-08-01 09:57:54,858 - INFO - Training progress plot saved to output/training_progress.png
2025-08-01 09:57:54,859 - INFO - Enhanced ZILN model training completed
2025-08-01 09:57:54,865 - INFO - Training Enhanced ZILN Model with Neural Network...
2025-08-01 09:57:54,866 - INFO - Training set: 2,759 players
2025-08-01 09:57:54,866 - INFO - Payers: 491 (17.8%)
2025-08-01 09:57:54,866 - INFO - Average revenue (payers): $0.48
2025-08-01 09:57:54,866 - INFO - Training Neural Network Model...
2025-08-01 09:57:54,872 - INFO - Starting training for 250 epochs...
2025-08-01 09:57:54,872 - INFO - Epoch | Train Loss | Val Loss | LR | Time
2025-08-01 09:57:56,707 - INFO - Training completed after 36 epochs
2025-08-01 09:57:56,707 - INFO - Best validation loss: 0.474718
2025-08-01 09:57:56,783 - INFO - Training progress plot saved to output/training_progress.png
2025-08-01 09:57:56,783 - INFO - Enhanced ZILN model training completed
2025-08-01 09:57:56,789 - INFO - Running segment-based validation...
2025-08-01 09:57:56,789 - INFO - Training Enhanced ZILN Model with Neural Network...
2025-08-01 09:57:56,789 - INFO - Training set: 3,310 players
2025-08-01 09:57:56,789 - INFO - Payers: 491 (14.8%)
2025-08-01 09:57:56,789 - INFO - Average revenue (payers): $0.48
2025-08-01 09:57:56,789 - INFO - Training Neural Network Model...
2025-08-01 09:57:56,796 - INFO - Starting training for 50 epochs...
2025-08-01 09:57:56,796 - INFO - Epoch | Train Loss | Val Loss | LR | Time
2025-08-01 09:57:58,087 - INFO - Training completed after 35 epochs
2025-08-01 09:57:58,087 - INFO - Best validation loss: 1.179472
2025-08-01 09:57:58,163 - INFO - Training progress plot saved to output/training_progress.png
2025-08-01 09:57:58,164 - INFO - Enhanced ZILN model training completed
2025-08-01 09:57:58,195 - INFO - Running revenue tier validation...
2025-08-01 09:57:58,195 - INFO - Training Enhanced ZILN Model with Neural Network...
2025-08-01 09:57:58,196 - INFO - Training set: 3,310 players
2025-08-01 09:57:58,196 - INFO - Payers: 491 (14.8%)
2025-08-01 09:57:58,196 - INFO - Average revenue (payers): $0.48
2025-08-01 09:57:58,196 - INFO - Training Neural Network Model...
2025-08-01 09:57:58,201 - INFO - Starting training for 50 epochs...
2025-08-01 09:57:58,201 - INFO - Epoch | Train Loss | Val Loss | LR | Time
2025-08-01 09:57:59,477 - INFO - Training completed after 36 epochs
2025-08-01 09:57:59,477 - INFO - Best validation loss: 1.159014
2025-08-01 09:57:59,554 - INFO - Training progress plot saved to output/training_progress.png
2025-08-01 09:57:59,554 - INFO - Enhanced ZILN model training completed
2025-08-01 09:57:59,581 - INFO - Running whale detection validation...
2025-08-01 09:57:59,603 - INFO - Backtesting completed successfully
2025-08-01 09:57:59,603 - INFO - Backtesting completed
2025-08-01 09:57:59,603 - INFO - Step 6: Creating visualizations and reports...
2025-08-01 09:58:04,456 - INFO - Visualizations created
2025-08-01 09:58:04,456 - INFO - Step 7: Saving engineered data and results...
2025-08-01 09:58:04,491 - INFO - Engineered data saved to output/engineered_data.csv
2025-08-01 09:58:04,493 - INFO - Backtest results saved to output/backtest_results.json
2025-08-01 09:58:04,493 - INFO - Pipeline results saved to output/pipeline_results.json
2025-08-01 09:58:04,493 - INFO - Validation report saved to output/validation_report.txt
2025-08-01 09:58:04,493 - INFO - Pipeline completed successfully in 0.4 minutes
2025-08-01 09:58:04,494 - INFO - Initializing ExpLTV Pipeline...
2025-08-01 09:58:04,793 - INFO - Pipeline initialized. Output directory: output
2025-08-01 09:58:04,793 - INFO - Starting complete ExpLTV pipeline execution...
2025-08-01 09:58:04,793 - INFO - Step 1: Extracting data from BigQuery...
2025-08-01 09:58:07,744 - INFO - Extracted 3,310 players from BigQuery
2025-08-01 09:58:07,745 - INFO - Step 2: Engineering advanced behavioral features...
2025-08-01 09:58:07,763 - INFO - Created 45 features
2025-08-01 09:58:07,763 - INFO - Step 3: Creating user categories (Whales, Low Spenders, Non-payers)...
2025-08-01 09:58:07,767 - INFO - User categorization complete: {'Non-payer': np.int64(2819), 'Low_Spender': np.int64(453), 'Medium_Spender': np.int64(27), 'Whale': np.int64(11)}
2025-08-01 09:58:07,767 - INFO - Step 4: Training ExpLTV model with whale detection...
2025-08-01 09:58:07,768 - INFO - Applying SMOTE. Before: 3310 samples
2025-08-01 09:58:07,776 - INFO - SMOTE applied. After: 5638 samples, Payer ratio: 0.500
2025-08-01 09:58:07,777 - INFO - Using SMOTE-resampled data: 5638 samples
2025-08-01 09:58:07,777 - INFO - Created whale labels for SMOTE data: 5638 labels, 2819 whales
2025-08-01 09:58:07,777 - INFO - Training Enhanced ZILN Model with Neural Network...
2025-08-01 09:58:07,777 - INFO - Training set: 5,638 players
2025-08-01 09:58:07,777 - INFO - Payers: 2,819 (50.0%)
2025-08-01 09:58:07,777 - INFO - Average revenue (payers): $0.02
2025-08-01 09:58:07,777 - INFO - Training Neural Network Model...
2025-08-01 09:58:07,784 - INFO - Starting training for 50 epochs...
2025-08-01 09:58:07,784 - INFO - Epoch | Train Loss | Val Loss | LR | Time
2025-08-01 09:58:10,915 - INFO - Training completed after 50 epochs
2025-08-01 09:58:10,916 - INFO - Best validation loss: 0.368658
2025-08-01 09:58:10,995 - INFO - Training progress plot saved to output/training_progress.png
2025-08-01 09:58:10,995 - INFO - Enhanced ZILN model training completed
2025-08-01 09:58:10,995 - INFO - Model training completed
2025-08-01 09:58:10,995 - INFO - Step 5: Running comprehensive backtesting and validation...
2025-08-01 09:58:10,995 - INFO - Starting comprehensive backtesting...
2025-08-01 09:58:10,996 - INFO - Running random split validation...
2025-08-01 09:58:10,997 - INFO - Training Enhanced ZILN Model with Neural Network...
2025-08-01 09:58:10,998 - INFO - Training set: 2,648 players
2025-08-01 09:58:10,998 - INFO - Payers: 393 (14.8%)
2025-08-01 09:58:10,998 - INFO - Average revenue (payers): $0.52
2025-08-01 09:58:10,998 - INFO - Training Neural Network Model...
2025-08-01 09:58:11,004 - INFO - Starting training for 50 epochs...
2025-08-01 09:58:11,004 - INFO - Epoch | Train Loss | Val Loss | LR | Time
2025-08-01 09:58:12,584 - INFO - Training completed after 50 epochs
2025-08-01 09:58:12,585 - INFO - Best validation loss: 0.908877
2025-08-01 09:58:12,656 - INFO - Training progress plot saved to output/training_progress.png
2025-08-01 09:58:12,657 - INFO - Enhanced ZILN model training completed
2025-08-01 09:58:12,670 - INFO - Running cross-validation...
2025-08-01 09:58:12,670 - INFO - Training Enhanced ZILN Model with Neural Network...
2025-08-01 09:58:12,671 - INFO - Training set: 555 players
2025-08-01 09:58:12,671 - INFO - Payers: 491 (88.5%)
2025-08-01 09:58:12,671 - INFO - Average revenue (payers): $0.48
2025-08-01 09:58:12,671 - INFO - Training Neural Network Model...
2025-08-01 09:58:12,675 - INFO - Starting training for 250 epochs...
2025-08-01 09:58:12,675 - INFO - Epoch | Train Loss | Val Loss | LR | Time
2025-08-01 09:58:13,308 - INFO - Training completed after 56 epochs
2025-08-01 09:58:13,308 - INFO - Best validation loss: 3.677499
2025-08-01 09:58:13,377 - INFO - Training progress plot saved to output/training_progress.png
2025-08-01 09:58:13,377 - INFO - Enhanced ZILN model training completed
2025-08-01 09:58:13,385 - INFO - Training Enhanced ZILN Model with Neural Network...
2025-08-01 09:58:13,385 - INFO - Training set: 1,106 players
2025-08-01 09:58:13,385 - INFO - Payers: 491 (44.4%)
2025-08-01 09:58:13,385 - INFO - Average revenue (payers): $0.48
2025-08-01 09:58:13,385 - INFO - Training Neural Network Model...
2025-08-01 09:58:13,390 - INFO - Starting training for 250 epochs...
2025-08-01 09:58:13,390 - INFO - Epoch | Train Loss | Val Loss | LR | Time
2025-08-01 09:58:15,109 - INFO - Training completed after 80 epochs
2025-08-01 09:58:15,109 - INFO - Best validation loss: 2.097667
2025-08-01 09:58:15,187 - INFO - Training progress plot saved to output/training_progress.png
2025-08-01 09:58:15,187 - INFO - Enhanced ZILN model training completed
2025-08-01 09:58:15,194 - INFO - Training Enhanced ZILN Model with Neural Network...
2025-08-01 09:58:15,194 - INFO - Training set: 1,657 players
2025-08-01 09:58:15,195 - INFO - Payers: 491 (29.6%)
2025-08-01 09:58:15,195 - INFO - Average revenue (payers): $0.48
2025-08-01 09:58:15,195 - INFO - Training Neural Network Model...
2025-08-01 09:58:15,200 - INFO - Starting training for 250 epochs...
2025-08-01 09:58:15,200 - INFO - Epoch | Train Loss | Val Loss | LR | Time
2025-08-01 09:58:16,471 - INFO - Training completed after 39 epochs
2025-08-01 09:58:16,471 - INFO - Best validation loss: 8.096067
2025-08-01 09:58:16,544 - INFO - Training progress plot saved to output/training_progress.png
2025-08-01 09:58:16,545 - INFO - Enhanced ZILN model training completed
2025-08-01 09:58:16,552 - INFO - Training Enhanced ZILN Model with Neural Network...
2025-08-01 09:58:16,552 - INFO - Training set: 2,208 players
2025-08-01 09:58:16,552 - INFO - Payers: 491 (22.2%)
2025-08-01 09:58:16,552 - INFO - Average revenue (payers): $0.48
2025-08-01 09:58:16,552 - INFO - Training Neural Network Model...
2025-08-01 09:58:16,558 - INFO - Starting training for 250 epochs...
2025-08-01 09:58:16,558 - INFO - Epoch | Train Loss | Val Loss | LR | Time
2025-08-01 09:58:18,187 - INFO - Training completed after 40 epochs
2025-08-01 09:58:18,187 - INFO - Best validation loss: 0.537786
2025-08-01 09:58:18,263 - INFO - Training progress plot saved to output/training_progress.png
2025-08-01 09:58:18,263 - INFO - Enhanced ZILN model training completed
2025-08-01 09:58:18,270 - INFO - Training Enhanced ZILN Model with Neural Network...
2025-08-01 09:58:18,271 - INFO - Training set: 2,759 players
2025-08-01 09:58:18,271 - INFO - Payers: 491 (17.8%)
2025-08-01 09:58:18,271 - INFO - Average revenue (payers): $0.48
2025-08-01 09:58:18,271 - INFO - Training Neural Network Model...
2025-08-01 09:58:18,277 - INFO - Starting training for 250 epochs...
2025-08-01 09:58:18,277 - INFO - Epoch | Train Loss | Val Loss | LR | Time
2025-08-01 09:58:20,212 - INFO - Training completed after 38 epochs
2025-08-01 09:58:20,212 - INFO - Best validation loss: 0.486200
2025-08-01 09:58:20,290 - INFO - Training progress plot saved to output/training_progress.png
2025-08-01 09:58:20,290 - INFO - Enhanced ZILN model training completed
2025-08-01 09:58:20,297 - INFO - Running segment-based validation...
2025-08-01 09:58:20,297 - INFO - Training Enhanced ZILN Model with Neural Network...
2025-08-01 09:58:20,297 - INFO - Training set: 3,310 players
2025-08-01 09:58:20,297 - INFO - Payers: 491 (14.8%)
2025-08-01 09:58:20,297 - INFO - Average revenue (payers): $0.48
2025-08-01 09:58:20,297 - INFO - Training Neural Network Model...
2025-08-01 09:58:20,303 - INFO - Starting training for 50 epochs...
2025-08-01 09:58:20,304 - INFO - Epoch | Train Loss | Val Loss | LR | Time
2025-08-01 09:58:21,860 - INFO - Training completed after 41 epochs
2025-08-01 09:58:21,860 - INFO - Best validation loss: 1.225738
2025-08-01 09:58:21,938 - INFO - Training progress plot saved to output/training_progress.png
2025-08-01 09:58:21,939 - INFO - Enhanced ZILN model training completed
2025-08-01 09:58:21,971 - INFO - Running revenue tier validation...
2025-08-01 09:58:21,971 - INFO - Training Enhanced ZILN Model with Neural Network...
2025-08-01 09:58:21,972 - INFO - Training set: 3,310 players
2025-08-01 09:58:21,972 - INFO - Payers: 491 (14.8%)
2025-08-01 09:58:21,972 - INFO - Average revenue (payers): $0.48
2025-08-01 09:58:21,972 - INFO - Training Neural Network Model...
2025-08-01 09:58:21,978 - INFO - Starting training for 50 epochs...
2025-08-01 09:58:21,978 - INFO - Epoch | Train Loss | Val Loss | LR | Time
2025-08-01 09:58:23,232 - INFO - Training completed after 32 epochs
2025-08-01 09:58:23,232 - INFO - Best validation loss: 1.187964
2025-08-01 09:58:23,306 - INFO - Training progress plot saved to output/training_progress.png
2025-08-01 09:58:23,307 - INFO - Enhanced ZILN model training completed
2025-08-01 09:58:23,333 - INFO - Running whale detection validation...
2025-08-01 09:58:23,355 - INFO - Backtesting completed successfully
2025-08-01 09:58:23,355 - INFO - Backtesting completed
2025-08-01 09:58:23,355 - INFO - Step 6: Creating visualizations and reports...
2025-08-01 09:58:28,211 - INFO - Visualizations created
2025-08-01 09:58:28,212 - INFO - Step 7: Saving engineered data and results...
2025-08-01 09:58:28,245 - INFO - Engineered data saved to output/engineered_data.csv
2025-08-01 09:58:28,247 - INFO - Backtest results saved to output/backtest_results.json
2025-08-01 09:58:28,247 - INFO - Pipeline results saved to output/pipeline_results.json
2025-08-01 09:58:28,247 - INFO - Validation report saved to output/validation_report.txt
2025-08-01 09:58:28,247 - INFO - Pipeline completed successfully in 0.4 minutes
2025-08-01 10:02:16,532 - INFO - Initializing ExpLTV Pipeline...
2025-08-01 10:02:16,831 - INFO - Pipeline initialized. Output directory: output
2025-08-01 10:02:16,831 - INFO - Starting complete ExpLTV pipeline execution...
2025-08-01 10:02:16,831 - INFO - Step 1: Extracting data from BigQuery...
2025-08-01 10:02:19,748 - INFO - Extracted 3,310 players from BigQuery
2025-08-01 10:02:19,749 - INFO - Step 2: Engineering advanced behavioral features...
2025-08-01 10:02:19,794 - INFO - Created 45 features
2025-08-01 10:02:19,794 - INFO - Step 3: Creating user categories (Whales, Low Spenders, Non-payers)...
2025-08-01 10:02:19,798 - INFO - User categorization complete: {'Non-payer': np.int64(2819), 'Low_Spender': np.int64(453), 'Medium_Spender': np.int64(27), 'Whale': np.int64(11)}
2025-08-01 10:02:19,798 - INFO - Step 4: Training ExpLTV model with whale detection...
2025-08-01 10:02:19,799 - INFO - Training Enhanced ZILN Model with Neural Network...
2025-08-01 10:02:19,799 - INFO - Training set: 3,310 players
2025-08-01 10:02:19,799 - INFO - Payers: 491 (14.8%)
2025-08-01 10:02:19,799 - INFO - Average revenue (payers): $0.48
2025-08-01 10:02:19,799 - INFO - Training Neural Network Model...
2025-08-01 10:02:20,321 - INFO - Starting training for 50 epochs...
2025-08-01 10:02:20,321 - INFO - Epoch | Train Loss | Val Loss | LR | Time
2025-08-01 10:02:22,219 - INFO - Training completed after 50 epochs
2025-08-01 10:02:22,219 - INFO - Best validation loss: 4.173383
2025-08-01 10:02:22,410 - INFO - Training progress plot saved to output/training_progress.png
2025-08-01 10:02:22,411 - INFO - Enhanced ZILN model training completed
2025-08-01 10:02:22,411 - INFO - Model training completed
2025-08-01 10:02:22,411 - INFO - Step 5: Running comprehensive backtesting and validation...
2025-08-01 10:02:22,411 - INFO - Starting comprehensive backtesting...
2025-08-01 10:02:22,411 - INFO - Running random split validation...
2025-08-01 10:02:22,413 - INFO - Training Enhanced ZILN Model with Neural Network...
2025-08-01 10:02:22,413 - INFO - Training set: 2,648 players
2025-08-01 10:02:22,413 - INFO - Payers: 393 (14.8%)
2025-08-01 10:02:22,413 - INFO - Average revenue (payers): $0.52
2025-08-01 10:02:22,413 - INFO - Training Neural Network Model...
2025-08-01 10:02:22,419 - INFO - Starting training for 50 epochs...
2025-08-01 10:02:22,419 - INFO - Epoch | Train Loss | Val Loss | LR | Time
2025-08-01 10:02:23,369 - INFO - Training completed after 31 epochs
2025-08-01 10:02:23,369 - INFO - Best validation loss: 0.997258
2025-08-01 10:02:23,445 - INFO - Training progress plot saved to output/training_progress.png
2025-08-01 10:02:23,445 - INFO - Enhanced ZILN model training completed
2025-08-01 10:02:23,457 - INFO - Running cross-validation...
2025-08-01 10:02:23,458 - INFO - Training Enhanced ZILN Model with Neural Network...
2025-08-01 10:02:23,458 - INFO - Training set: 555 players
2025-08-01 10:02:23,458 - INFO - Payers: 491 (88.5%)
2025-08-01 10:02:23,458 - INFO - Average revenue (payers): $0.48
2025-08-01 10:02:23,458 - INFO - Training Neural Network Model...
2025-08-01 10:02:23,463 - INFO - Starting training for 250 epochs...
2025-08-01 10:02:23,463 - INFO - Epoch | Train Loss | Val Loss | LR | Time
2025-08-01 10:02:24,143 - INFO - Training completed after 57 epochs
2025-08-01 10:02:24,143 - INFO - Best validation loss: 3.786588
2025-08-01 10:02:24,211 - INFO - Training progress plot saved to output/training_progress.png
2025-08-01 10:02:24,211 - INFO - Enhanced ZILN model training completed
2025-08-01 10:02:24,218 - INFO - Training Enhanced ZILN Model with Neural Network...
2025-08-01 10:02:24,218 - INFO - Training set: 1,106 players
2025-08-01 10:02:24,218 - INFO - Payers: 491 (44.4%)
2025-08-01 10:02:24,218 - INFO - Average revenue (payers): $0.48
2025-08-01 10:02:24,218 - INFO - Training Neural Network Model...
2025-08-01 10:02:24,222 - INFO - Starting training for 250 epochs...
2025-08-01 10:02:24,222 - INFO - Epoch | Train Loss | Val Loss | LR | Time
2025-08-01 10:02:25,124 - INFO - Training completed after 44 epochs
2025-08-01 10:02:25,125 - INFO - Best validation loss: 2.247669
2025-08-01 10:02:25,196 - INFO - Training progress plot saved to output/training_progress.png
2025-08-01 10:02:25,197 - INFO - Enhanced ZILN model training completed
2025-08-01 10:02:25,204 - INFO - Training Enhanced ZILN Model with Neural Network...
2025-08-01 10:02:25,204 - INFO - Training set: 1,657 players
2025-08-01 10:02:25,204 - INFO - Payers: 491 (29.6%)
2025-08-01 10:02:25,204 - INFO - Average revenue (payers): $0.48
2025-08-01 10:02:25,204 - INFO - Training Neural Network Model...
2025-08-01 10:02:25,209 - INFO - Starting training for 250 epochs...
2025-08-01 10:02:25,209 - INFO - Epoch | Train Loss | Val Loss | LR | Time
2025-08-01 10:02:26,822 - INFO - Training completed after 50 epochs
2025-08-01 10:02:26,822 - INFO - Best validation loss: 8.027652
2025-08-01 10:02:26,890 - INFO - Training progress plot saved to output/training_progress.png
2025-08-01 10:02:26,890 - INFO - Enhanced ZILN model training completed
2025-08-01 10:02:26,901 - INFO - Training Enhanced ZILN Model with Neural Network...
2025-08-01 10:02:26,901 - INFO - Training set: 2,208 players
2025-08-01 10:02:26,901 - INFO - Payers: 491 (22.2%)
2025-08-01 10:02:26,901 - INFO - Average revenue (payers): $0.48
2025-08-01 10:02:26,901 - INFO - Training Neural Network Model...
2025-08-01 10:02:26,906 - INFO - Starting training for 250 epochs...
2025-08-01 10:02:26,906 - INFO - Epoch | Train Loss | Val Loss | LR | Time
2025-08-01 10:02:29,103 - INFO - Training completed after 54 epochs
2025-08-01 10:02:29,103 - INFO - Best validation loss: 0.693717
2025-08-01 10:02:29,175 - INFO - Training progress plot saved to output/training_progress.png
2025-08-01 10:02:29,175 - INFO - Enhanced ZILN model training completed
2025-08-01 10:02:29,182 - INFO - Training Enhanced ZILN Model with Neural Network...
2025-08-01 10:02:29,182 - INFO - Training set: 2,759 players
2025-08-01 10:02:29,182 - INFO - Payers: 491 (17.8%)
2025-08-01 10:02:29,182 - INFO - Average revenue (payers): $0.48
2025-08-01 10:02:29,182 - INFO - Training Neural Network Model...
2025-08-01 10:02:29,188 - INFO - Starting training for 250 epochs...
2025-08-01 10:02:29,188 - INFO - Epoch | Train Loss | Val Loss | LR | Time
2025-08-01 10:02:31,711 - INFO - Training completed after 48 epochs
2025-08-01 10:02:31,712 - INFO - Best validation loss: 0.431856
2025-08-01 10:02:31,785 - INFO - Training progress plot saved to output/training_progress.png
2025-08-01 10:02:31,786 - INFO - Enhanced ZILN model training completed
2025-08-01 10:02:31,792 - INFO - Running segment-based validation...
2025-08-01 10:02:31,792 - INFO - Training Enhanced ZILN Model with Neural Network...
2025-08-01 10:02:31,792 - INFO - Training set: 3,310 players
2025-08-01 10:02:31,792 - INFO - Payers: 491 (14.8%)
2025-08-01 10:02:31,793 - INFO - Average revenue (payers): $0.48
2025-08-01 10:02:31,793 - INFO - Training Neural Network Model...
2025-08-01 10:02:31,798 - INFO - Starting training for 50 epochs...
2025-08-01 10:02:31,798 - INFO - Epoch | Train Loss | Val Loss | LR | Time
2025-08-01 10:02:33,717 - INFO - Training completed after 50 epochs
2025-08-01 10:02:33,718 - INFO - Best validation loss: 1.120210
2025-08-01 10:02:33,792 - INFO - Training progress plot saved to output/training_progress.png
2025-08-01 10:02:33,793 - INFO - Enhanced ZILN model training completed
2025-08-01 10:02:33,824 - INFO - Running revenue tier validation...
2025-08-01 10:02:33,824 - INFO - Training Enhanced ZILN Model with Neural Network...
2025-08-01 10:02:33,825 - INFO - Training set: 3,310 players
2025-08-01 10:02:33,825 - INFO - Payers: 491 (14.8%)
2025-08-01 10:02:33,825 - INFO - Average revenue (payers): $0.48
2025-08-01 10:02:33,825 - INFO - Training Neural Network Model...
2025-08-01 10:02:33,831 - INFO - Starting training for 50 epochs...
2025-08-01 10:02:33,831 - INFO - Epoch | Train Loss | Val Loss | LR | Time
2025-08-01 10:02:35,681 - INFO - Training completed after 49 epochs
2025-08-01 10:02:35,681 - INFO - Best validation loss: 1.124665
2025-08-01 10:02:35,753 - INFO - Training progress plot saved to output/training_progress.png
2025-08-01 10:02:35,753 - INFO - Enhanced ZILN model training completed
2025-08-01 10:02:35,779 - INFO - Running whale detection validation...
2025-08-01 10:02:35,801 - INFO - Backtesting completed successfully
2025-08-01 10:02:35,801 - INFO - Backtesting completed
2025-08-01 10:02:35,801 - INFO - Step 6: Creating visualizations and reports...
2025-08-01 10:02:40,709 - INFO - Visualizations created
2025-08-01 10:02:40,710 - INFO - Step 7: Saving engineered data and results...
2025-08-01 10:02:40,743 - INFO - Engineered data saved to output/engineered_data.csv
2025-08-01 10:02:40,745 - INFO - Backtest results saved to output/backtest_results.json
2025-08-01 10:02:40,745 - INFO - Pipeline results saved to output/pipeline_results.json
2025-08-01 10:02:40,745 - INFO - Validation report saved to output/validation_report.txt
2025-08-01 10:02:40,746 - INFO - Pipeline completed successfully in 0.4 minutes
2025-08-01 10:02:54,300 - INFO - Initializing ExpLTV Pipeline...
2025-08-01 10:02:54,601 - INFO - Pipeline initialized. Output directory: output
2025-08-01 10:02:54,601 - INFO - Starting complete ExpLTV pipeline execution...
2025-08-01 10:02:54,601 - INFO - Step 1: Extracting data from BigQuery...
2025-08-01 10:02:57,727 - INFO - Extracted 3,310 players from BigQuery
2025-08-01 10:02:57,727 - INFO - Step 2: Engineering advanced behavioral features...
2025-08-01 10:02:57,772 - INFO - Created 45 features
2025-08-01 10:02:57,772 - INFO - Step 3: Creating user categories (Whales, Low Spenders, Non-payers)...
2025-08-01 10:02:57,777 - INFO - User categorization complete: {'Non-payer': np.int64(2819), 'Low_Spender': np.int64(453), 'Medium_Spender': np.int64(27), 'Whale': np.int64(11)}
2025-08-01 10:02:57,777 - INFO - Step 4: Training ExpLTV model with whale detection...
2025-08-01 10:02:57,777 - INFO - Applying SMOTE. Before: 3310 samples
2025-08-01 10:02:57,787 - INFO - SMOTE applied. After: 5638 samples, Payer ratio: 0.500
2025-08-01 10:02:57,788 - INFO - Using SMOTE-resampled data: 5638 samples
2025-08-01 10:02:57,788 - INFO - Created whale labels for SMOTE data: 5638 labels, 2819 whales
2025-08-01 10:02:57,788 - INFO - Training Enhanced ZILN Model with Neural Network...
2025-08-01 10:02:57,788 - INFO - Training set: 5,638 players
2025-08-01 10:02:57,788 - INFO - Payers: 2,819 (50.0%)
2025-08-01 10:02:57,788 - INFO - Average revenue (payers): $0.02
2025-08-01 10:02:57,788 - INFO - Training Neural Network Model...
2025-08-01 10:02:58,276 - INFO - Starting training for 50 epochs...
2025-08-01 10:02:58,276 - INFO - Epoch | Train Loss | Val Loss | LR | Time
2025-08-01 10:03:01,361 - INFO - Training completed after 50 epochs
2025-08-01 10:03:01,361 - INFO - Best validation loss: 0.382010
2025-08-01 10:03:01,557 - INFO - Training progress plot saved to output/training_progress.png
2025-08-01 10:03:01,557 - INFO - Enhanced ZILN model training completed
2025-08-01 10:03:01,558 - INFO - Model training completed
2025-08-01 10:03:01,558 - INFO - Step 5: Running comprehensive backtesting and validation...
2025-08-01 10:03:01,558 - INFO - Starting comprehensive backtesting...
2025-08-01 10:03:01,558 - INFO - Running random split validation...
2025-08-01 10:03:01,560 - INFO - Training Enhanced ZILN Model with Neural Network...
2025-08-01 10:03:01,560 - INFO - Training set: 2,648 players
2025-08-01 10:03:01,560 - INFO - Payers: 393 (14.8%)
2025-08-01 10:03:01,560 - INFO - Average revenue (payers): $0.52
2025-08-01 10:03:01,560 - INFO - Training Neural Network Model...
2025-08-01 10:03:01,566 - INFO - Starting training for 50 epochs...
2025-08-01 10:03:01,566 - INFO - Epoch | Train Loss | Val Loss | LR | Time
2025-08-01 10:03:02,946 - INFO - Training completed after 46 epochs
2025-08-01 10:03:02,946 - INFO - Best validation loss: 0.913185
2025-08-01 10:03:03,018 - INFO - Training progress plot saved to output/training_progress.png
2025-08-01 10:03:03,018 - INFO - Enhanced ZILN model training completed
2025-08-01 10:03:03,030 - INFO - Running cross-validation...
2025-08-01 10:03:03,031 - INFO - Training Enhanced ZILN Model with Neural Network...
2025-08-01 10:03:03,031 - INFO - Training set: 555 players
2025-08-01 10:03:03,031 - INFO - Payers: 491 (88.5%)
2025-08-01 10:03:03,031 - INFO - Average revenue (payers): $0.48
2025-08-01 10:03:03,031 - INFO - Training Neural Network Model...
2025-08-01 10:03:03,036 - INFO - Starting training for 250 epochs...
2025-08-01 10:03:03,036 - INFO - Epoch | Train Loss | Val Loss | LR | Time
2025-08-01 10:03:03,642 - INFO - Training completed after 52 epochs
2025-08-01 10:03:03,642 - INFO - Best validation loss: 3.787486
2025-08-01 10:03:03,711 - INFO - Training progress plot saved to output/training_progress.png
2025-08-01 10:03:03,712 - INFO - Enhanced ZILN model training completed
2025-08-01 10:03:03,719 - INFO - Training Enhanced ZILN Model with Neural Network...
2025-08-01 10:03:03,719 - INFO - Training set: 1,106 players
2025-08-01 10:03:03,719 - INFO - Payers: 491 (44.4%)
2025-08-01 10:03:03,719 - INFO - Average revenue (payers): $0.48
2025-08-01 10:03:03,719 - INFO - Training Neural Network Model...
2025-08-01 10:03:03,723 - INFO - Starting training for 250 epochs...
2025-08-01 10:03:03,723 - INFO - Epoch | Train Loss | Val Loss | LR | Time
2025-08-01 10:03:04,395 - INFO - Training completed after 35 epochs
2025-08-01 10:03:04,395 - INFO - Best validation loss: 2.432103
2025-08-01 10:03:04,475 - INFO - Training progress plot saved to output/training_progress.png
2025-08-01 10:03:04,475 - INFO - Enhanced ZILN model training completed
2025-08-01 10:03:04,483 - INFO - Training Enhanced ZILN Model with Neural Network...
2025-08-01 10:03:04,483 - INFO - Training set: 1,657 players
2025-08-01 10:03:04,483 - INFO - Payers: 491 (29.6%)
2025-08-01 10:03:04,483 - INFO - Average revenue (payers): $0.48
2025-08-01 10:03:04,483 - INFO - Training Neural Network Model...
2025-08-01 10:03:04,488 - INFO - Starting training for 250 epochs...
2025-08-01 10:03:04,488 - INFO - Epoch | Train Loss | Val Loss | LR | Time
2025-08-01 10:03:05,965 - INFO - Training completed after 49 epochs
2025-08-01 10:03:05,965 - INFO - Best validation loss: 8.010625
2025-08-01 10:03:06,036 - INFO - Training progress plot saved to output/training_progress.png
2025-08-01 10:03:06,037 - INFO - Enhanced ZILN model training completed
2025-08-01 10:03:06,044 - INFO - Training Enhanced ZILN Model with Neural Network...
2025-08-01 10:03:06,044 - INFO - Training set: 2,208 players
2025-08-01 10:03:06,044 - INFO - Payers: 491 (22.2%)
2025-08-01 10:03:06,044 - INFO - Average revenue (payers): $0.48
2025-08-01 10:03:06,044 - INFO - Training Neural Network Model...
2025-08-01 10:03:06,050 - INFO - Starting training for 250 epochs...
2025-08-01 10:03:06,050 - INFO - Epoch | Train Loss | Val Loss | LR | Time
2025-08-01 10:03:07,555 - INFO - Training completed after 40 epochs
2025-08-01 10:03:07,555 - INFO - Best validation loss: 0.746433
2025-08-01 10:03:07,631 - INFO - Training progress plot saved to output/training_progress.png
2025-08-01 10:03:07,631 - INFO - Enhanced ZILN model training completed
2025-08-01 10:03:07,638 - INFO - Training Enhanced ZILN Model with Neural Network...
2025-08-01 10:03:07,638 - INFO - Training set: 2,759 players
2025-08-01 10:03:07,638 - INFO - Payers: 491 (17.8%)
2025-08-01 10:03:07,638 - INFO - Average revenue (payers): $0.48
2025-08-01 10:03:07,638 - INFO - Training Neural Network Model...
2025-08-01 10:03:07,644 - INFO - Starting training for 250 epochs...
2025-08-01 10:03:07,644 - INFO - Epoch | Train Loss | Val Loss | LR | Time
2025-08-01 10:03:09,937 - INFO - Training completed after 47 epochs
2025-08-01 10:03:09,938 - INFO - Best validation loss: 0.395183
2025-08-01 10:03:10,012 - INFO - Training progress plot saved to output/training_progress.png
2025-08-01 10:03:10,012 - INFO - Enhanced ZILN model training completed
2025-08-01 10:03:10,019 - INFO - Running segment-based validation...
2025-08-01 10:03:10,019 - INFO - Training Enhanced ZILN Model with Neural Network...
2025-08-01 10:03:10,020 - INFO - Training set: 3,310 players
2025-08-01 10:03:10,020 - INFO - Payers: 491 (14.8%)
2025-08-01 10:03:10,020 - INFO - Average revenue (payers): $0.48
2025-08-01 10:03:10,020 - INFO - Training Neural Network Model...
2025-08-01 10:03:10,026 - INFO - Starting training for 50 epochs...
2025-08-01 10:03:10,026 - INFO - Epoch | Train Loss | Val Loss | LR | Time
2025-08-01 10:03:11,394 - INFO - Training completed after 38 epochs
2025-08-01 10:03:11,394 - INFO - Best validation loss: 1.142062
2025-08-01 10:03:11,474 - INFO - Training progress plot saved to output/training_progress.png
2025-08-01 10:03:11,474 - INFO - Enhanced ZILN model training completed
2025-08-01 10:03:11,508 - INFO - Running revenue tier validation...
2025-08-01 10:03:11,508 - INFO - Training Enhanced ZILN Model with Neural Network...
2025-08-01 10:03:11,508 - INFO - Training set: 3,310 players
2025-08-01 10:03:11,508 - INFO - Payers: 491 (14.8%)
2025-08-01 10:03:11,508 - INFO - Average revenue (payers): $0.48
2025-08-01 10:03:11,508 - INFO - Training Neural Network Model...
2025-08-01 10:03:11,514 - INFO - Starting training for 50 epochs...
2025-08-01 10:03:11,514 - INFO - Epoch | Train Loss | Val Loss | LR | Time
2025-08-01 10:03:12,827 - INFO - Training completed after 35 epochs
2025-08-01 10:03:12,827 - INFO - Best validation loss: 1.144464
2025-08-01 10:03:12,902 - INFO - Training progress plot saved to output/training_progress.png
2025-08-01 10:03:12,902 - INFO - Enhanced ZILN model training completed
2025-08-01 10:03:12,929 - INFO - Running whale detection validation...
2025-08-01 10:03:12,951 - INFO - Backtesting completed successfully
2025-08-01 10:03:12,951 - INFO - Backtesting completed
2025-08-01 10:03:12,951 - INFO - Step 6: Creating visualizations and reports...
2025-08-01 10:03:17,841 - INFO - Visualizations created
2025-08-01 10:03:17,841 - INFO - Step 7: Saving engineered data and results...
2025-08-01 10:03:17,875 - INFO - Engineered data saved to output/engineered_data.csv
2025-08-01 10:03:17,877 - INFO - Backtest results saved to output/backtest_results.json
2025-08-01 10:03:17,877 - INFO - Pipeline results saved to output/pipeline_results.json
2025-08-01 10:03:17,877 - INFO - Validation report saved to output/validation_report.txt
2025-08-01 10:03:17,877 - INFO - Pipeline completed successfully in 0.4 minutes
2025-08-01 10:04:54,766 - INFO - Initializing ExpLTV Pipeline...
2025-08-01 10:04:55,064 - INFO - Pipeline initialized. Output directory: output
2025-08-01 10:04:55,064 - INFO - Starting complete ExpLTV pipeline execution...
2025-08-01 10:04:55,064 - INFO - Step 1: Extracting data from BigQuery...
2025-08-01 10:04:58,271 - INFO - Extracted 3,310 players from BigQuery
2025-08-01 10:04:58,272 - INFO - Step 2: Engineering advanced behavioral features...
2025-08-01 10:04:58,318 - INFO - Created 45 features
2025-08-01 10:04:58,318 - INFO - Step 3: Creating user categories (Whales, Low Spenders, Non-payers)...
2025-08-01 10:04:58,322 - INFO - User categorization complete: {'Non-payer': np.int64(2819), 'Low_Spender': np.int64(453), 'Medium_Spender': np.int64(27), 'Whale': np.int64(11)}
2025-08-01 10:04:58,322 - INFO - Step 4: Training ExpLTV model with whale detection...
2025-08-01 10:04:58,323 - INFO - Training Enhanced ZILN Model with Neural Network...
2025-08-01 10:04:58,323 - INFO - Training set: 3,310 players
2025-08-01 10:04:58,323 - INFO - Payers: 491 (14.8%)
2025-08-01 10:04:58,323 - INFO - Average revenue (payers): $0.48
2025-08-01 10:04:58,323 - INFO - Training Neural Network Model...
2025-08-01 10:04:58,824 - INFO - Starting training for 50 epochs...
2025-08-01 10:04:58,824 - INFO - Epoch | Train Loss | Val Loss | LR | Time
2025-08-01 10:05:00,695 - INFO - Training completed after 50 epochs
2025-08-01 10:05:00,695 - INFO - Best validation loss: 4.175508
2025-08-01 10:05:00,893 - INFO - Training progress plot saved to output/training_progress.png
2025-08-01 10:05:00,893 - INFO - Enhanced ZILN model training completed
2025-08-01 10:05:00,893 - INFO - Model training completed
2025-08-01 10:05:00,893 - INFO - Step 5: Running comprehensive backtesting and validation...
2025-08-01 10:05:00,893 - INFO - Starting comprehensive backtesting...
2025-08-01 10:05:00,894 - INFO - Running random split validation...
2025-08-01 10:05:00,895 - INFO - Training Enhanced ZILN Model with Neural Network...
2025-08-01 10:05:00,896 - INFO - Training set: 2,648 players
2025-08-01 10:05:00,896 - INFO - Payers: 393 (14.8%)
2025-08-01 10:05:00,896 - INFO - Average revenue (payers): $0.52
2025-08-01 10:05:00,896 - INFO - Training Neural Network Model...
2025-08-01 10:05:00,902 - INFO - Starting training for 50 epochs...
2025-08-01 10:05:00,902 - INFO - Epoch | Train Loss | Val Loss | LR | Time
2025-08-01 10:05:02,269 - INFO - Training completed after 43 epochs
2025-08-01 10:05:02,269 - INFO - Best validation loss: 0.925381
2025-08-01 10:05:02,348 - INFO - Training progress plot saved to output/training_progress.png
2025-08-01 10:05:02,348 - INFO - Enhanced ZILN model training completed
2025-08-01 10:05:02,361 - INFO - Running cross-validation...
2025-08-01 10:05:02,362 - INFO - Training Enhanced ZILN Model with Neural Network...
2025-08-01 10:05:02,362 - INFO - Training set: 555 players
2025-08-01 10:05:02,362 - INFO - Payers: 491 (88.5%)
2025-08-01 10:05:02,362 - INFO - Average revenue (payers): $0.48
2025-08-01 10:05:02,362 - INFO - Training Neural Network Model...
2025-08-01 10:05:02,367 - INFO - Starting training for 250 epochs...
2025-08-01 10:05:02,367 - INFO - Epoch | Train Loss | Val Loss | LR | Time
2025-08-01 10:05:02,996 - INFO - Training completed after 58 epochs
2025-08-01 10:05:02,996 - INFO - Best validation loss: 3.833555
2025-08-01 10:05:03,065 - INFO - Training progress plot saved to output/training_progress.png
2025-08-01 10:05:03,065 - INFO - Enhanced ZILN model training completed
2025-08-01 10:05:03,072 - INFO - Training Enhanced ZILN Model with Neural Network...
2025-08-01 10:05:03,072 - INFO - Training set: 1,106 players
2025-08-01 10:05:03,072 - INFO - Payers: 491 (44.4%)
2025-08-01 10:05:03,072 - INFO - Average revenue (payers): $0.48
2025-08-01 10:05:03,072 - INFO - Training Neural Network Model...
2025-08-01 10:05:03,077 - INFO - Starting training for 250 epochs...
2025-08-01 10:05:03,077 - INFO - Epoch | Train Loss | Val Loss | LR | Time
2025-08-01 10:05:04,746 - INFO - Training completed after 79 epochs
2025-08-01 10:05:04,746 - INFO - Best validation loss: 2.073969
2025-08-01 10:05:04,824 - INFO - Training progress plot saved to output/training_progress.png
2025-08-01 10:05:04,824 - INFO - Enhanced ZILN model training completed
2025-08-01 10:05:04,831 - INFO - Training Enhanced ZILN Model with Neural Network...
2025-08-01 10:05:04,831 - INFO - Training set: 1,657 players
2025-08-01 10:05:04,831 - INFO - Payers: 491 (29.6%)
2025-08-01 10:05:04,831 - INFO - Average revenue (payers): $0.48
2025-08-01 10:05:04,831 - INFO - Training Neural Network Model...
2025-08-01 10:05:04,836 - INFO - Starting training for 250 epochs...
2025-08-01 10:05:04,836 - INFO - Epoch | Train Loss | Val Loss | LR | Time
2025-08-01 10:05:06,598 - INFO - Training completed after 58 epochs
2025-08-01 10:05:06,598 - INFO - Best validation loss: 8.008101
2025-08-01 10:05:06,669 - INFO - Training progress plot saved to output/training_progress.png
2025-08-01 10:05:06,669 - INFO - Enhanced ZILN model training completed
2025-08-01 10:05:06,676 - INFO - Training Enhanced ZILN Model with Neural Network...
2025-08-01 10:05:06,677 - INFO - Training set: 2,208 players
2025-08-01 10:05:06,677 - INFO - Payers: 491 (22.2%)
2025-08-01 10:05:06,677 - INFO - Average revenue (payers): $0.48
2025-08-01 10:05:06,677 - INFO - Training Neural Network Model...
2025-08-01 10:05:06,682 - INFO - Starting training for 250 epochs...
2025-08-01 10:05:06,682 - INFO - Epoch | Train Loss | Val Loss | LR | Time
2025-08-01 10:05:08,800 - INFO - Training completed after 53 epochs
2025-08-01 10:05:08,800 - INFO - Best validation loss: 0.553494
2025-08-01 10:05:08,876 - INFO - Training progress plot saved to output/training_progress.png
2025-08-01 10:05:08,876 - INFO - Enhanced ZILN model training completed
2025-08-01 10:05:08,884 - INFO - Training Enhanced ZILN Model with Neural Network...
2025-08-01 10:05:08,884 - INFO - Training set: 2,759 players
2025-08-01 10:05:08,884 - INFO - Payers: 491 (17.8%)
2025-08-01 10:05:08,884 - INFO - Average revenue (payers): $0.48
2025-08-01 10:05:08,884 - INFO - Training Neural Network Model...
2025-08-01 10:05:08,890 - INFO - Starting training for 250 epochs...
2025-08-01 10:05:08,890 - INFO - Epoch | Train Loss | Val Loss | LR | Time
2025-08-01 10:05:11,049 - INFO - Training completed after 43 epochs
2025-08-01 10:05:11,049 - INFO - Best validation loss: 0.451804
2025-08-01 10:05:11,123 - INFO - Training progress plot saved to output/training_progress.png
2025-08-01 10:05:11,123 - INFO - Enhanced ZILN model training completed
2025-08-01 10:05:11,129 - INFO - Running segment-based validation...
2025-08-01 10:05:11,129 - INFO - Training Enhanced ZILN Model with Neural Network...
2025-08-01 10:05:11,130 - INFO - Training set: 3,310 players
2025-08-01 10:05:11,130 - INFO - Payers: 491 (14.8%)
2025-08-01 10:05:11,130 - INFO - Average revenue (payers): $0.48
2025-08-01 10:05:11,130 - INFO - Training Neural Network Model...
2025-08-01 10:05:11,136 - INFO - Starting training for 50 epochs...
2025-08-01 10:05:11,136 - INFO - Epoch | Train Loss | Val Loss | LR | Time
2025-08-01 10:05:12,445 - INFO - Training completed after 34 epochs
2025-08-01 10:05:12,445 - INFO - Best validation loss: 1.218751
2025-08-01 10:05:12,520 - INFO - Training progress plot saved to output/training_progress.png
2025-08-01 10:05:12,520 - INFO - Enhanced ZILN model training completed
2025-08-01 10:05:12,553 - INFO - Running revenue tier validation...
2025-08-01 10:05:12,553 - INFO - Training Enhanced ZILN Model with Neural Network...
2025-08-01 10:05:12,553 - INFO - Training set: 3,310 players
2025-08-01 10:05:12,553 - INFO - Payers: 491 (14.8%)
2025-08-01 10:05:12,554 - INFO - Average revenue (payers): $0.48
2025-08-01 10:05:12,554 - INFO - Training Neural Network Model...
2025-08-01 10:05:12,559 - INFO - Starting training for 50 epochs...
2025-08-01 10:05:12,559 - INFO - Epoch | Train Loss | Val Loss | LR | Time
2025-08-01 10:05:13,951 - INFO - Training completed after 36 epochs
2025-08-01 10:05:13,951 - INFO - Best validation loss: 1.204380
2025-08-01 10:05:14,028 - INFO - Training progress plot saved to output/training_progress.png
2025-08-01 10:05:14,028 - INFO - Enhanced ZILN model training completed
2025-08-01 10:05:14,052 - INFO - Running whale detection validation...
2025-08-01 10:05:14,073 - INFO - Backtesting completed successfully
2025-08-01 10:05:14,073 - INFO - Backtesting completed
2025-08-01 10:05:14,073 - INFO - Step 6: Creating visualizations and reports...
2025-08-01 10:05:18,988 - INFO - Visualizations created
2025-08-01 10:05:18,988 - INFO - Step 7: Saving engineered data and results...
2025-08-01 10:05:19,021 - INFO - Engineered data saved to output/engineered_data.csv
2025-08-01 10:05:19,023 - INFO - Backtest results saved to output/backtest_results.json
2025-08-01 10:05:19,023 - INFO - Pipeline results saved to output/pipeline_results.json
2025-08-01 10:05:19,023 - INFO - Validation report saved to output/validation_report.txt
2025-08-01 10:05:19,023 - INFO - Pipeline completed successfully in 0.4 minutes
2025-08-01 10:05:33,419 - INFO - Initializing ExpLTV Pipeline...
2025-08-01 10:05:33,756 - INFO - Pipeline initialized. Output directory: output
2025-08-01 10:05:33,756 - INFO - Starting complete ExpLTV pipeline execution...
2025-08-01 10:05:33,756 - INFO - Step 1: Extracting data from BigQuery...
2025-08-01 10:05:36,722 - INFO - Extracted 3,310 players from BigQuery
2025-08-01 10:05:36,722 - INFO - Step 2: Engineering advanced behavioral features...
2025-08-01 10:05:36,767 - INFO - Created 45 features
2025-08-01 10:05:36,767 - INFO - Step 3: Creating user categories (Whales, Low Spenders, Non-payers)...
2025-08-01 10:05:36,774 - INFO - User categorization complete: {'Non-payer': np.int64(2819), 'Low_Spender': np.int64(453), 'Medium_Spender': np.int64(27), 'Whale': np.int64(11)}
2025-08-01 10:05:36,774 - INFO - Step 4: Training ExpLTV model with whale detection...
2025-08-01 10:05:36,774 - INFO - Applying SMOTE. Before: 3310 samples
2025-08-01 10:05:36,782 - INFO - SMOTE applied. After: 5638 samples, Payer ratio: 0.500
2025-08-01 10:05:36,782 - INFO - Using SMOTE-resampled data: 5638 samples
2025-08-01 10:05:36,782 - INFO - Created whale labels for SMOTE data: 5638 labels, 2819 whales
2025-08-01 10:05:36,782 - INFO - Training Enhanced ZILN Model with Neural Network...
2025-08-01 10:05:36,783 - INFO - Training set: 5,638 players
2025-08-01 10:05:36,783 - INFO - Payers: 2,819 (50.0%)
2025-08-01 10:05:36,783 - INFO - Average revenue (payers): $0.02
2025-08-01 10:05:36,783 - INFO - Training Neural Network Model...
2025-08-01 10:05:37,319 - INFO - Starting training for 50 epochs...
2025-08-01 10:05:37,319 - INFO - Epoch | Train Loss | Val Loss | LR | Time
2025-08-01 10:05:40,457 - INFO - Training completed after 50 epochs
2025-08-01 10:05:40,457 - INFO - Best validation loss: 0.407906
2025-08-01 10:05:40,653 - INFO - Training progress plot saved to output/training_progress.png
2025-08-01 10:05:40,653 - INFO - Enhanced ZILN model training completed
2025-08-01 10:05:40,653 - INFO - Model training completed
2025-08-01 10:05:40,653 - INFO - Step 5: Running comprehensive backtesting and validation...
2025-08-01 10:05:40,653 - INFO - Starting comprehensive backtesting...
2025-08-01 10:05:40,654 - INFO - Running random split validation...
2025-08-01 10:05:40,655 - INFO - Training Enhanced ZILN Model with Neural Network...
2025-08-01 10:05:40,656 - INFO - Training set: 2,648 players
2025-08-01 10:05:40,656 - INFO - Payers: 393 (14.8%)
2025-08-01 10:05:40,656 - INFO - Average revenue (payers): $0.52
2025-08-01 10:05:40,656 - INFO - Training Neural Network Model...
2025-08-01 10:05:40,661 - INFO - Starting training for 50 epochs...
2025-08-01 10:05:40,661 - INFO - Epoch | Train Loss | Val Loss | LR | Time
2025-08-01 10:05:41,720 - INFO - Training completed after 35 epochs
2025-08-01 10:05:41,720 - INFO - Best validation loss: 0.989554
2025-08-01 10:05:41,796 - INFO - Training progress plot saved to output/training_progress.png
2025-08-01 10:05:41,796 - INFO - Enhanced ZILN model training completed
2025-08-01 10:05:41,808 - INFO - Running cross-validation...
2025-08-01 10:05:41,809 - INFO - Training Enhanced ZILN Model with Neural Network...
2025-08-01 10:05:41,809 - INFO - Training set: 555 players
2025-08-01 10:05:41,809 - INFO - Payers: 491 (88.5%)
2025-08-01 10:05:41,809 - INFO - Average revenue (payers): $0.48
2025-08-01 10:05:41,809 - INFO - Training Neural Network Model...
2025-08-01 10:05:41,813 - INFO - Starting training for 250 epochs...
2025-08-01 10:05:41,814 - INFO - Epoch | Train Loss | Val Loss | LR | Time
2025-08-01 10:05:42,420 - INFO - Training completed after 56 epochs
2025-08-01 10:05:42,420 - INFO - Best validation loss: 3.739748
2025-08-01 10:05:42,488 - INFO - Training progress plot saved to output/training_progress.png
2025-08-01 10:05:42,488 - INFO - Enhanced ZILN model training completed
2025-08-01 10:05:42,496 - INFO - Training Enhanced ZILN Model with Neural Network...
2025-08-01 10:05:42,496 - INFO - Training set: 1,106 players
2025-08-01 10:05:42,496 - INFO - Payers: 491 (44.4%)
2025-08-01 10:05:42,496 - INFO - Average revenue (payers): $0.48
2025-08-01 10:05:42,496 - INFO - Training Neural Network Model...
2025-08-01 10:05:42,501 - INFO - Starting training for 250 epochs...
2025-08-01 10:05:42,501 - INFO - Epoch | Train Loss | Val Loss | LR | Time
2025-08-01 10:05:44,026 - INFO - Training completed after 73 epochs
2025-08-01 10:05:44,026 - INFO - Best validation loss: 2.192216
2025-08-01 10:05:44,102 - INFO - Training progress plot saved to output/training_progress.png
2025-08-01 10:05:44,103 - INFO - Enhanced ZILN model training completed
2025-08-01 10:05:44,110 - INFO - Training Enhanced ZILN Model with Neural Network...
2025-08-01 10:05:44,110 - INFO - Training set: 1,657 players
2025-08-01 10:05:44,110 - INFO - Payers: 491 (29.6%)
2025-08-01 10:05:44,110 - INFO - Average revenue (payers): $0.48
2025-08-01 10:05:44,110 - INFO - Training Neural Network Model...
2025-08-01 10:05:44,115 - INFO - Starting training for 250 epochs...
2025-08-01 10:05:44,115 - INFO - Epoch | Train Loss | Val Loss | LR | Time
2025-08-01 10:05:45,227 - INFO - Training completed after 38 epochs
2025-08-01 10:05:45,227 - INFO - Best validation loss: 8.192660
2025-08-01 10:05:45,297 - INFO - Training progress plot saved to output/training_progress.png
2025-08-01 10:05:45,297 - INFO - Enhanced ZILN model training completed
2025-08-01 10:05:45,304 - INFO - Training Enhanced ZILN Model with Neural Network...
2025-08-01 10:05:45,304 - INFO - Training set: 2,208 players
2025-08-01 10:05:45,304 - INFO - Payers: 491 (22.2%)
2025-08-01 10:05:45,304 - INFO - Average revenue (payers): $0.48
2025-08-01 10:05:45,304 - INFO - Training Neural Network Model...
2025-08-01 10:05:45,310 - INFO - Starting training for 250 epochs...
2025-08-01 10:05:45,310 - INFO - Epoch | Train Loss | Val Loss | LR | Time
2025-08-01 10:05:46,869 - INFO - Training completed after 39 epochs
2025-08-01 10:05:46,869 - INFO - Best validation loss: 0.676396
2025-08-01 10:05:46,944 - INFO - Training progress plot saved to output/training_progress.png
2025-08-01 10:05:46,944 - INFO - Enhanced ZILN model training completed
2025-08-01 10:05:46,951 - INFO - Training Enhanced ZILN Model with Neural Network...
2025-08-01 10:05:46,951 - INFO - Training set: 2,759 players
2025-08-01 10:05:46,951 - INFO - Payers: 491 (17.8%)
2025-08-01 10:05:46,951 - INFO - Average revenue (payers): $0.48
2025-08-01 10:05:46,951 - INFO - Training Neural Network Model...
2025-08-01 10:05:46,957 - INFO - Starting training for 250 epochs...
2025-08-01 10:05:46,957 - INFO - Epoch | Train Loss | Val Loss | LR | Time
2025-08-01 10:05:49,261 - INFO - Training completed after 46 epochs
2025-08-01 10:05:49,261 - INFO - Best validation loss: 0.445678
2025-08-01 10:05:49,334 - INFO - Training progress plot saved to output/training_progress.png
2025-08-01 10:05:49,335 - INFO - Enhanced ZILN model training completed
2025-08-01 10:05:49,341 - INFO - Running segment-based validation...
2025-08-01 10:05:49,341 - INFO - Training Enhanced ZILN Model with Neural Network...
2025-08-01 10:05:49,341 - INFO - Training set: 3,310 players
2025-08-01 10:05:49,341 - INFO - Payers: 491 (14.8%)
2025-08-01 10:05:49,341 - INFO - Average revenue (payers): $0.48
2025-08-01 10:05:49,342 - INFO - Training Neural Network Model...
2025-08-01 10:05:49,348 - INFO - Starting training for 50 epochs...
2025-08-01 10:05:49,348 - INFO - Epoch | Train Loss | Val Loss | LR | Time
2025-08-01 10:05:50,619 - INFO - Training completed after 34 epochs
2025-08-01 10:05:50,619 - INFO - Best validation loss: 1.151958
2025-08-01 10:05:50,695 - INFO - Training progress plot saved to output/training_progress.png
2025-08-01 10:05:50,695 - INFO - Enhanced ZILN model training completed
2025-08-01 10:05:50,725 - INFO - Running revenue tier validation...
2025-08-01 10:05:50,726 - INFO - Training Enhanced ZILN Model with Neural Network...
2025-08-01 10:05:50,726 - INFO - Training set: 3,310 players
2025-08-01 10:05:50,726 - INFO - Payers: 491 (14.8%)
2025-08-01 10:05:50,726 - INFO - Average revenue (payers): $0.48
2025-08-01 10:05:50,726 - INFO - Training Neural Network Model...
2025-08-01 10:05:50,732 - INFO - Starting training for 50 epochs...
2025-08-01 10:05:50,732 - INFO - Epoch | Train Loss | Val Loss | LR | Time
2025-08-01 10:05:51,900 - INFO - Training completed after 32 epochs
2025-08-01 10:05:51,901 - INFO - Best validation loss: 1.145647
2025-08-01 10:05:51,976 - INFO - Training progress plot saved to output/training_progress.png
2025-08-01 10:05:51,976 - INFO - Enhanced ZILN model training completed
2025-08-01 10:05:52,002 - INFO - Running whale detection validation...
2025-08-01 10:05:52,024 - INFO - Backtesting completed successfully
2025-08-01 10:05:52,024 - INFO - Backtesting completed
2025-08-01 10:05:52,024 - INFO - Step 6: Creating visualizations and reports...
2025-08-01 10:05:57,013 - INFO - Visualizations created
2025-08-01 10:05:57,014 - INFO - Step 7: Saving engineered data and results...
2025-08-01 10:05:57,048 - INFO - Engineered data saved to output/engineered_data.csv
2025-08-01 10:05:57,050 - INFO - Backtest results saved to output/backtest_results.json
2025-08-01 10:05:57,050 - INFO - Pipeline results saved to output/pipeline_results.json
2025-08-01 10:05:57,050 - INFO - Validation report saved to output/validation_report.txt
2025-08-01 10:05:57,051 - INFO - Pipeline completed successfully in 0.4 minutes
2025-08-01 10:08:32,126 - INFO - Initializing ExpLTV Pipeline...
2025-08-01 10:08:32,452 - INFO - Pipeline initialized. Output directory: output
2025-08-01 10:08:32,452 - INFO - Starting complete ExpLTV pipeline execution...
2025-08-01 10:08:32,452 - INFO - Step 1: Extracting data from BigQuery...
2025-08-01 10:08:35,640 - INFO - Extracted 3,310 players from BigQuery
2025-08-01 10:08:35,640 - INFO - Step 2: Engineering advanced behavioral features...
2025-08-01 10:08:35,683 - INFO - Created 45 features
2025-08-01 10:08:35,683 - INFO - Step 3: Creating user categories (Whales, Low Spenders, Non-payers)...
2025-08-01 10:08:35,688 - INFO - User categorization complete: {'Non-payer': np.int64(2819), 'Low_Spender': np.int64(453), 'Medium_Spender': np.int64(27), 'Whale': np.int64(11)}
2025-08-01 10:08:35,688 - INFO - Step 4: Training ExpLTV model with whale detection...
2025-08-01 10:08:35,688 - INFO - Training Enhanced ZILN Model with Neural Network...
2025-08-01 10:08:35,689 - INFO - Training set: 3,310 players
2025-08-01 10:08:35,689 - INFO - Payers: 491 (14.8%)
2025-08-01 10:08:35,689 - INFO - Average revenue (payers): $0.48
2025-08-01 10:08:35,689 - INFO - Training Neural Network Model...
2025-08-01 10:08:36,208 - INFO - Starting training for 50 epochs...
2025-08-01 10:08:36,208 - INFO - Epoch | Train Loss | Val Loss | LR | Time
2025-08-01 10:08:37,794 - INFO - Training completed after 45 epochs
2025-08-01 10:08:37,794 - INFO - Best validation loss: 1.500902
2025-08-01 10:08:38,044 - INFO - Training progress plot saved to output/training_progress.png
2025-08-01 10:08:38,044 - INFO - Enhanced ZILN model training completed
2025-08-01 10:08:38,044 - INFO - Model training completed
2025-08-01 10:08:38,044 - INFO - Step 5: Running comprehensive backtesting and validation...
2025-08-01 10:08:38,044 - INFO - Starting comprehensive backtesting...
2025-08-01 10:08:38,045 - INFO - Running random split validation...
2025-08-01 10:08:38,046 - INFO - Training Enhanced ZILN Model with Neural Network...
2025-08-01 10:08:38,047 - INFO - Training set: 2,648 players
2025-08-01 10:08:38,047 - INFO - Payers: 393 (14.8%)
2025-08-01 10:08:38,047 - INFO - Average revenue (payers): $0.52
2025-08-01 10:08:38,047 - INFO - Training Neural Network Model...
2025-08-01 10:08:38,053 - INFO - Starting training for 50 epochs...
2025-08-01 10:08:38,053 - INFO - Epoch | Train Loss | Val Loss | LR | Time
2025-08-01 10:08:39,503 - INFO - Training completed after 50 epochs
2025-08-01 10:08:39,503 - INFO - Best validation loss: 0.971881
2025-08-01 10:08:39,576 - INFO - Training progress plot saved to output/training_progress.png
2025-08-01 10:08:39,576 - INFO - Enhanced ZILN model training completed
2025-08-01 10:08:39,589 - INFO - Running cross-validation...
2025-08-01 10:08:39,589 - INFO - Training Enhanced ZILN Model with Neural Network...
2025-08-01 10:08:39,590 - INFO - Training set: 555 players
2025-08-01 10:08:39,590 - INFO - Payers: 491 (88.5%)
2025-08-01 10:08:39,590 - INFO - Average revenue (payers): $0.48
2025-08-01 10:08:39,590 - INFO - Training Neural Network Model...
2025-08-01 10:08:39,594 - INFO - Starting training for 250 epochs...
2025-08-01 10:08:39,594 - INFO - Epoch | Train Loss | Val Loss | LR | Time
2025-08-01 10:08:40,694 - INFO - Training completed after 104 epochs
2025-08-01 10:08:40,694 - INFO - Best validation loss: 0.785006
2025-08-01 10:08:40,773 - INFO - Training progress plot saved to output/training_progress.png
2025-08-01 10:08:40,773 - INFO - Enhanced ZILN model training completed
2025-08-01 10:08:40,781 - INFO - Training Enhanced ZILN Model with Neural Network...
2025-08-01 10:08:40,781 - INFO - Training set: 1,106 players
2025-08-01 10:08:40,781 - INFO - Payers: 491 (44.4%)
2025-08-01 10:08:40,781 - INFO - Average revenue (payers): $0.48
2025-08-01 10:08:40,781 - INFO - Training Neural Network Model...
2025-08-01 10:08:40,785 - INFO - Starting training for 250 epochs...
2025-08-01 10:08:40,785 - INFO - Epoch | Train Loss | Val Loss | LR | Time
2025-08-01 10:08:42,438 - INFO - Training completed after 81 epochs
2025-08-01 10:08:42,438 - INFO - Best validation loss: 0.900863
2025-08-01 10:08:42,517 - INFO - Training progress plot saved to output/training_progress.png
2025-08-01 10:08:42,517 - INFO - Enhanced ZILN model training completed
2025-08-01 10:08:42,524 - INFO - Training Enhanced ZILN Model with Neural Network...
2025-08-01 10:08:42,524 - INFO - Training set: 1,657 players
2025-08-01 10:08:42,524 - INFO - Payers: 491 (29.6%)
2025-08-01 10:08:42,524 - INFO - Average revenue (payers): $0.48
2025-08-01 10:08:42,524 - INFO - Training Neural Network Model...
2025-08-01 10:08:42,529 - INFO - Starting training for 250 epochs...
2025-08-01 10:08:42,530 - INFO - Epoch | Train Loss | Val Loss | LR | Time
2025-08-01 10:08:46,422 - INFO - Training completed after 132 epochs
2025-08-01 10:08:46,422 - INFO - Best validation loss: 1.168804
2025-08-01 10:08:46,500 - INFO - Training progress plot saved to output/training_progress.png
2025-08-01 10:08:46,500 - INFO - Enhanced ZILN model training completed
2025-08-01 10:08:46,507 - INFO - Training Enhanced ZILN Model with Neural Network...
2025-08-01 10:08:46,507 - INFO - Training set: 2,208 players
2025-08-01 10:08:46,507 - INFO - Payers: 491 (22.2%)
2025-08-01 10:08:46,507 - INFO - Average revenue (payers): $0.48
2025-08-01 10:08:46,507 - INFO - Training Neural Network Model...
2025-08-01 10:08:46,513 - INFO - Starting training for 250 epochs...
2025-08-01 10:08:46,513 - INFO - Epoch | Train Loss | Val Loss | LR | Time
2025-08-01 10:08:48,055 - INFO - Training completed after 39 epochs
2025-08-01 10:08:48,055 - INFO - Best validation loss: 0.890779
2025-08-01 10:08:48,133 - INFO - Training progress plot saved to output/training_progress.png
2025-08-01 10:08:48,133 - INFO - Enhanced ZILN model training completed
2025-08-01 10:08:48,140 - INFO - Training Enhanced ZILN Model with Neural Network...
2025-08-01 10:08:48,140 - INFO - Training set: 2,759 players
2025-08-01 10:08:48,140 - INFO - Payers: 491 (17.8%)
2025-08-01 10:08:48,140 - INFO - Average revenue (payers): $0.48
2025-08-01 10:08:48,140 - INFO - Training Neural Network Model...
2025-08-01 10:08:48,147 - INFO - Starting training for 250 epochs...
2025-08-01 10:08:48,147 - INFO - Epoch | Train Loss | Val Loss | LR | Time
2025-08-01 10:08:50,148 - INFO - Training completed after 40 epochs
2025-08-01 10:08:50,148 - INFO - Best validation loss: 0.514660
2025-08-01 10:08:50,224 - INFO - Training progress plot saved to output/training_progress.png
2025-08-01 10:08:50,224 - INFO - Enhanced ZILN model training completed
2025-08-01 10:08:50,230 - INFO - Running segment-based validation...
2025-08-01 10:08:50,230 - INFO - Training Enhanced ZILN Model with Neural Network...
2025-08-01 10:08:50,231 - INFO - Training set: 3,310 players
2025-08-01 10:08:50,231 - INFO - Payers: 491 (14.8%)
2025-08-01 10:08:50,231 - INFO - Average revenue (payers): $0.48
2025-08-01 10:08:50,231 - INFO - Training Neural Network Model...
2025-08-01 10:08:50,237 - INFO - Starting training for 50 epochs...
2025-08-01 10:08:50,237 - INFO - Epoch | Train Loss | Val Loss | LR | Time
2025-08-01 10:08:51,892 - INFO - Training completed after 46 epochs
2025-08-01 10:08:51,892 - INFO - Best validation loss: 1.380419
2025-08-01 10:08:51,964 - INFO - Training progress plot saved to output/training_progress.png
2025-08-01 10:08:51,964 - INFO - Enhanced ZILN model training completed
2025-08-01 10:08:51,997 - INFO - Running revenue tier validation...
2025-08-01 10:08:51,998 - INFO - Training Enhanced ZILN Model with Neural Network...
2025-08-01 10:08:51,998 - INFO - Training set: 3,310 players
2025-08-01 10:08:51,998 - INFO - Payers: 491 (14.8%)
2025-08-01 10:08:51,998 - INFO - Average revenue (payers): $0.48
2025-08-01 10:08:51,998 - INFO - Training Neural Network Model...
2025-08-01 10:08:52,004 - INFO - Starting training for 50 epochs...
2025-08-01 10:08:52,004 - INFO - Epoch | Train Loss | Val Loss | LR | Time
2025-08-01 10:08:53,854 - INFO - Training completed after 50 epochs
2025-08-01 10:08:53,854 - INFO - Best validation loss: 1.377356
2025-08-01 10:08:53,928 - INFO - Training progress plot saved to output/training_progress.png
2025-08-01 10:08:53,928 - INFO - Enhanced ZILN model training completed
2025-08-01 10:08:53,955 - INFO - Running whale detection validation...
2025-08-01 10:08:53,978 - INFO - Backtesting completed successfully
2025-08-01 10:08:53,978 - INFO - Backtesting completed
2025-08-01 10:08:53,978 - INFO - Step 6: Creating visualizations and reports...
2025-08-01 10:08:58,863 - INFO - Visualizations created
2025-08-01 10:08:58,864 - INFO - Step 7: Saving engineered data and results...
2025-08-01 10:08:58,896 - INFO - Engineered data saved to output/engineered_data.csv
2025-08-01 10:08:58,898 - INFO - Backtest results saved to output/backtest_results.json
2025-08-01 10:08:58,899 - INFO - Pipeline results saved to output/pipeline_results.json
2025-08-01 10:08:58,899 - INFO - Validation report saved to output/validation_report.txt
2025-08-01 10:08:58,899 - INFO - Pipeline completed successfully in 0.4 minutes
2025-08-01 10:09:22,890 - INFO - Initializing ExpLTV Pipeline...
2025-08-01 10:09:23,195 - INFO - Pipeline initialized. Output directory: output
2025-08-01 10:09:23,195 - INFO - Starting complete ExpLTV pipeline execution...
2025-08-01 10:09:23,195 - INFO - Step 1: Extracting data from BigQuery...
2025-08-01 10:09:26,155 - INFO - Extracted 3,310 players from BigQuery
2025-08-01 10:09:26,155 - INFO - Step 2: Engineering advanced behavioral features...
2025-08-01 10:09:26,201 - INFO - Created 45 features
2025-08-01 10:09:26,201 - INFO - Step 3: Creating user categories (Whales, Low Spenders, Non-payers)...
2025-08-01 10:09:26,205 - INFO - User categorization complete: {'Non-payer': np.int64(2819), 'Low_Spender': np.int64(453), 'Medium_Spender': np.int64(27), 'Whale': np.int64(11)}
2025-08-01 10:09:26,206 - INFO - Step 4: Training ExpLTV model with whale detection...
2025-08-01 10:09:26,206 - INFO - Applying SMOTE. Before: 3310 samples
2025-08-01 10:09:26,214 - INFO - SMOTE applied. After: 5638 samples, Payer ratio: 0.500
2025-08-01 10:09:26,215 - INFO - Using SMOTE-resampled data: 5638 samples
2025-08-01 10:09:26,215 - INFO - Created whale labels for SMOTE data: 5638 labels, 2819 whales
2025-08-01 10:09:26,215 - INFO - Training Enhanced ZILN Model with Neural Network...
2025-08-01 10:09:26,215 - INFO - Training set: 5,638 players
2025-08-01 10:09:26,215 - INFO - Payers: 2,819 (50.0%)
2025-08-01 10:09:26,216 - INFO - Average revenue (payers): $0.02
2025-08-01 10:09:26,216 - INFO - Training Neural Network Model...
2025-08-01 10:09:26,730 - INFO - Starting training for 50 epochs...
2025-08-01 10:09:26,730 - INFO - Epoch | Train Loss | Val Loss | LR | Time
2025-08-01 10:09:29,855 - INFO - Training completed after 50 epochs
2025-08-01 10:09:29,855 - INFO - Best validation loss: 1.222256
2025-08-01 10:09:30,044 - INFO - Training progress plot saved to output/training_progress.png
2025-08-01 10:09:30,045 - INFO - Enhanced ZILN model training completed
2025-08-01 10:09:30,045 - INFO - Model training completed
2025-08-01 10:09:30,045 - INFO - Step 5: Running comprehensive backtesting and validation...
2025-08-01 10:09:30,045 - INFO - Starting comprehensive backtesting...
2025-08-01 10:09:30,045 - INFO - Running random split validation...
2025-08-01 10:09:30,047 - INFO - Training Enhanced ZILN Model with Neural Network...
2025-08-01 10:09:30,047 - INFO - Training set: 2,648 players
2025-08-01 10:09:30,047 - INFO - Payers: 393 (14.8%)
2025-08-01 10:09:30,047 - INFO - Average revenue (payers): $0.52
2025-08-01 10:09:30,047 - INFO - Training Neural Network Model...
2025-08-01 10:09:30,053 - INFO - Starting training for 50 epochs...
2025-08-01 10:09:30,053 - INFO - Epoch | Train Loss | Val Loss | LR | Time
2025-08-01 10:09:31,537 - INFO - Training completed after 50 epochs
2025-08-01 10:09:31,537 - INFO - Best validation loss: 1.046724
2025-08-01 10:09:31,612 - INFO - Training progress plot saved to output/training_progress.png
2025-08-01 10:09:31,613 - INFO - Enhanced ZILN model training completed
2025-08-01 10:09:31,625 - INFO - Running cross-validation...
2025-08-01 10:09:31,626 - INFO - Training Enhanced ZILN Model with Neural Network...
2025-08-01 10:09:31,626 - INFO - Training set: 555 players
2025-08-01 10:09:31,626 - INFO - Payers: 491 (88.5%)
2025-08-01 10:09:31,626 - INFO - Average revenue (payers): $0.48
2025-08-01 10:09:31,626 - INFO - Training Neural Network Model...
2025-08-01 10:09:31,630 - INFO - Starting training for 250 epochs...
2025-08-01 10:09:31,630 - INFO - Epoch | Train Loss | Val Loss | LR | Time
2025-08-01 10:09:32,296 - INFO - Training completed after 61 epochs
2025-08-01 10:09:32,296 - INFO - Best validation loss: 1.022628
2025-08-01 10:09:32,366 - INFO - Training progress plot saved to output/training_progress.png
2025-08-01 10:09:32,366 - INFO - Enhanced ZILN model training completed
2025-08-01 10:09:32,373 - INFO - Training Enhanced ZILN Model with Neural Network...
2025-08-01 10:09:32,373 - INFO - Training set: 1,106 players
2025-08-01 10:09:32,373 - INFO - Payers: 491 (44.4%)
2025-08-01 10:09:32,373 - INFO - Average revenue (payers): $0.48
2025-08-01 10:09:32,373 - INFO - Training Neural Network Model...
2025-08-01 10:09:32,378 - INFO - Starting training for 250 epochs...
2025-08-01 10:09:32,378 - INFO - Epoch | Train Loss | Val Loss | LR | Time
2025-08-01 10:09:33,418 - INFO - Training completed after 49 epochs
2025-08-01 10:09:33,418 - INFO - Best validation loss: 0.999748
2025-08-01 10:09:33,487 - INFO - Training progress plot saved to output/training_progress.png
2025-08-01 10:09:33,487 - INFO - Enhanced ZILN model training completed
2025-08-01 10:09:33,494 - INFO - Training Enhanced ZILN Model with Neural Network...
2025-08-01 10:09:33,494 - INFO - Training set: 1,657 players
2025-08-01 10:09:33,494 - INFO - Payers: 491 (29.6%)
2025-08-01 10:09:33,494 - INFO - Average revenue (payers): $0.48
2025-08-01 10:09:33,494 - INFO - Training Neural Network Model...
2025-08-01 10:09:33,499 - INFO - Starting training for 250 epochs...
2025-08-01 10:09:33,499 - INFO - Epoch | Train Loss | Val Loss | LR | Time
2025-08-01 10:09:34,953 - INFO - Training completed after 47 epochs
2025-08-01 10:09:34,953 - INFO - Best validation loss: 1.267166
2025-08-01 10:09:35,024 - INFO - Training progress plot saved to output/training_progress.png
2025-08-01 10:09:35,024 - INFO - Enhanced ZILN model training completed
2025-08-01 10:09:35,031 - INFO - Training Enhanced ZILN Model with Neural Network...
2025-08-01 10:09:35,031 - INFO - Training set: 2,208 players
2025-08-01 10:09:35,032 - INFO - Payers: 491 (22.2%)
2025-08-01 10:09:35,032 - INFO - Average revenue (payers): $0.48
2025-08-01 10:09:35,032 - INFO - Training Neural Network Model...
2025-08-01 10:09:35,037 - INFO - Starting training for 250 epochs...
2025-08-01 10:09:35,037 - INFO - Epoch | Train Loss | Val Loss | LR | Time
2025-08-01 10:09:37,064 - INFO - Training completed after 51 epochs
2025-08-01 10:09:37,064 - INFO - Best validation loss: 0.897461
2025-08-01 10:09:37,135 - INFO - Training progress plot saved to output/training_progress.png
2025-08-01 10:09:37,135 - INFO - Enhanced ZILN model training completed
2025-08-01 10:09:37,143 - INFO - Training Enhanced ZILN Model with Neural Network...
2025-08-01 10:09:37,143 - INFO - Training set: 2,759 players
2025-08-01 10:09:37,143 - INFO - Payers: 491 (17.8%)
2025-08-01 10:09:37,143 - INFO - Average revenue (payers): $0.48
2025-08-01 10:09:37,143 - INFO - Training Neural Network Model...
2025-08-01 10:09:37,149 - INFO - Starting training for 250 epochs...
2025-08-01 10:09:37,149 - INFO - Epoch | Train Loss | Val Loss | LR | Time
2025-08-01 10:09:40,322 - INFO - Training completed after 63 epochs
2025-08-01 10:09:40,322 - INFO - Best validation loss: 0.525100
2025-08-01 10:09:40,397 - INFO - Training progress plot saved to output/training_progress.png
2025-08-01 10:09:40,397 - INFO - Enhanced ZILN model training completed
2025-08-01 10:09:40,404 - INFO - Running segment-based validation...
2025-08-01 10:09:40,404 - INFO - Training Enhanced ZILN Model with Neural Network...
2025-08-01 10:09:40,404 - INFO - Training set: 3,310 players
2025-08-01 10:09:40,404 - INFO - Payers: 491 (14.8%)
2025-08-01 10:09:40,404 - INFO - Average revenue (payers): $0.48
2025-08-01 10:09:40,404 - INFO - Training Neural Network Model...
2025-08-01 10:09:40,411 - INFO - Starting training for 50 epochs...
2025-08-01 10:09:40,411 - INFO - Epoch | Train Loss | Val Loss | LR | Time
2025-08-01 10:09:42,353 - INFO - Training completed after 50 epochs
2025-08-01 10:09:42,353 - INFO - Best validation loss: 1.400623
2025-08-01 10:09:42,420 - INFO - Training progress plot saved to output/training_progress.png
2025-08-01 10:09:42,420 - INFO - Enhanced ZILN model training completed
2025-08-01 10:09:42,451 - INFO - Running revenue tier validation...
2025-08-01 10:09:42,452 - INFO - Training Enhanced ZILN Model with Neural Network...
2025-08-01 10:09:42,452 - INFO - Training set: 3,310 players
2025-08-01 10:09:42,452 - INFO - Payers: 491 (14.8%)
2025-08-01 10:09:42,452 - INFO - Average revenue (payers): $0.48
2025-08-01 10:09:42,452 - INFO - Training Neural Network Model...
2025-08-01 10:09:42,458 - INFO - Starting training for 50 epochs...
2025-08-01 10:09:42,458 - INFO - Epoch | Train Loss | Val Loss | LR | Time
2025-08-01 10:09:44,319 - INFO - Training completed after 50 epochs
2025-08-01 10:09:44,319 - INFO - Best validation loss: 1.433222
2025-08-01 10:09:44,387 - INFO - Training progress plot saved to output/training_progress.png
2025-08-01 10:09:44,387 - INFO - Enhanced ZILN model training completed
2025-08-01 10:09:44,415 - INFO - Running whale detection validation...
2025-08-01 10:09:44,438 - INFO - Backtesting completed successfully
2025-08-01 10:09:44,438 - INFO - Backtesting completed
2025-08-01 10:09:44,438 - INFO - Step 6: Creating visualizations and reports...
2025-08-01 10:09:49,249 - INFO - Visualizations created
2025-08-01 10:09:49,249 - INFO - Step 7: Saving engineered data and results...
2025-08-01 10:09:49,282 - INFO - Engineered data saved to output/engineered_data.csv
2025-08-01 10:09:49,284 - INFO - Backtest results saved to output/backtest_results.json
2025-08-01 10:09:49,284 - INFO - Pipeline results saved to output/pipeline_results.json
2025-08-01 10:09:49,284 - INFO - Validation report saved to output/validation_report.txt
2025-08-01 10:09:49,284 - INFO - Pipeline completed successfully in 0.4 minutes
2025-08-01 10:11:13,476 - INFO - Initializing ExpLTV Pipeline...
2025-08-01 10:11:13,799 - INFO - Pipeline initialized. Output directory: output
2025-08-01 10:11:13,799 - INFO - Starting complete ExpLTV pipeline execution...
2025-08-01 10:11:13,799 - INFO - Step 1: Extracting data from BigQuery...
2025-08-01 10:11:16,631 - INFO - Extracted 3,310 players from BigQuery
2025-08-01 10:11:16,631 - INFO - Step 2: Engineering advanced behavioral features...
2025-08-01 10:11:16,675 - INFO - Created 45 features
2025-08-01 10:11:16,675 - INFO - Step 3: Creating user categories (Whales, Low Spenders, Non-payers)...
2025-08-01 10:11:16,680 - INFO - User categorization complete: {'Non-payer': np.int64(2819), 'Low_Spender': np.int64(453), 'Medium_Spender': np.int64(27), 'Whale': np.int64(11)}
2025-08-01 10:11:16,680 - INFO - Step 4: Training ExpLTV model with whale detection...
2025-08-01 10:11:16,680 - INFO - Training Enhanced ZILN Model with Neural Network...
2025-08-01 10:11:16,681 - INFO - Training set: 3,310 players
2025-08-01 10:11:16,681 - INFO - Payers: 491 (14.8%)
2025-08-01 10:11:16,681 - INFO - Average revenue (payers): $0.48
2025-08-01 10:11:16,681 - INFO - Training Neural Network Model...
2025-08-01 10:11:17,205 - INFO - Starting training for 50 epochs...
2025-08-01 10:11:17,205 - INFO - Epoch | Train Loss | Val Loss | LR | Time
2025-08-01 10:11:18,711 - INFO - Training completed after 41 epochs
2025-08-01 10:11:18,711 - INFO - Best validation loss: 1.448790
2025-08-01 10:11:18,905 - INFO - Training progress plot saved to output/training_progress.png
2025-08-01 10:11:18,905 - INFO - Enhanced ZILN model training completed
2025-08-01 10:11:18,905 - INFO - Model training completed
2025-08-01 10:11:18,905 - INFO - Step 5: Running comprehensive backtesting and validation...
2025-08-01 10:11:18,906 - INFO - Starting comprehensive backtesting...
2025-08-01 10:11:18,906 - INFO - Running random split validation...
2025-08-01 10:11:18,908 - INFO - Training Enhanced ZILN Model with Neural Network...
2025-08-01 10:11:18,908 - INFO - Training set: 2,648 players
2025-08-01 10:11:18,908 - INFO - Payers: 393 (14.8%)
2025-08-01 10:11:18,908 - INFO - Average revenue (payers): $0.52
2025-08-01 10:11:18,908 - INFO - Training Neural Network Model...
2025-08-01 10:11:18,914 - INFO - Starting training for 50 epochs...
2025-08-01 10:11:18,914 - INFO - Epoch | Train Loss | Val Loss | LR | Time
2025-08-01 10:11:20,389 - INFO - Training completed after 48 epochs
2025-08-01 10:11:20,389 - INFO - Best validation loss: 1.057856
2025-08-01 10:11:20,461 - INFO - Training progress plot saved to output/training_progress.png
2025-08-01 10:11:20,461 - INFO - Enhanced ZILN model training completed
2025-08-01 10:11:20,473 - INFO - Running cross-validation...
2025-08-01 10:11:20,474 - INFO - Training Enhanced ZILN Model with Neural Network...
2025-08-01 10:11:20,474 - INFO - Training set: 555 players
2025-08-01 10:11:20,474 - INFO - Payers: 491 (88.5%)
2025-08-01 10:11:20,474 - INFO - Average revenue (payers): $0.48
2025-08-01 10:11:20,474 - INFO - Training Neural Network Model...
2025-08-01 10:11:20,478 - INFO - Starting training for 250 epochs...
2025-08-01 10:11:20,479 - INFO - Epoch | Train Loss | Val Loss | LR | Time
2025-08-01 10:11:21,327 - INFO - Training completed after 77 epochs
2025-08-01 10:11:21,327 - INFO - Best validation loss: 0.809901
2025-08-01 10:11:21,398 - INFO - Training progress plot saved to output/training_progress.png
2025-08-01 10:11:21,398 - INFO - Enhanced ZILN model training completed
2025-08-01 10:11:21,405 - INFO - Training Enhanced ZILN Model with Neural Network...
2025-08-01 10:11:21,406 - INFO - Training set: 1,106 players
2025-08-01 10:11:21,406 - INFO - Payers: 491 (44.4%)
2025-08-01 10:11:21,406 - INFO - Average revenue (payers): $0.48
2025-08-01 10:11:21,406 - INFO - Training Neural Network Model...
2025-08-01 10:11:21,410 - INFO - Starting training for 250 epochs...
2025-08-01 10:11:21,410 - INFO - Epoch | Train Loss | Val Loss | LR | Time
2025-08-01 10:11:22,809 - INFO - Training completed after 65 epochs
2025-08-01 10:11:22,809 - INFO - Best validation loss: 0.975160
2025-08-01 10:11:22,880 - INFO - Training progress plot saved to output/training_progress.png
2025-08-01 10:11:22,880 - INFO - Enhanced ZILN model training completed
2025-08-01 10:11:22,888 - INFO - Training Enhanced ZILN Model with Neural Network...
2025-08-01 10:11:22,888 - INFO - Training set: 1,657 players
2025-08-01 10:11:22,888 - INFO - Payers: 491 (29.6%)
2025-08-01 10:11:22,888 - INFO - Average revenue (payers): $0.48
2025-08-01 10:11:22,888 - INFO - Training Neural Network Model...
2025-08-01 10:11:22,893 - INFO - Starting training for 250 epochs...
2025-08-01 10:11:22,893 - INFO - Epoch | Train Loss | Val Loss | LR | Time
2025-08-01 10:11:24,617 - INFO - Training completed after 55 epochs
2025-08-01 10:11:24,617 - INFO - Best validation loss: 1.276281
2025-08-01 10:11:24,685 - INFO - Training progress plot saved to output/training_progress.png
2025-08-01 10:11:24,685 - INFO - Enhanced ZILN model training completed
2025-08-01 10:11:24,692 - INFO - Training Enhanced ZILN Model with Neural Network...
2025-08-01 10:11:24,692 - INFO - Training set: 2,208 players
2025-08-01 10:11:24,692 - INFO - Payers: 491 (22.2%)
2025-08-01 10:11:24,692 - INFO - Average revenue (payers): $0.48
2025-08-01 10:11:24,692 - INFO - Training Neural Network Model...
2025-08-01 10:11:24,698 - INFO - Starting training for 250 epochs...
2025-08-01 10:11:24,698 - INFO - Epoch | Train Loss | Val Loss | LR | Time
2025-08-01 10:11:26,095 - INFO - Training completed after 36 epochs
2025-08-01 10:11:26,095 - INFO - Best validation loss: 0.944631
2025-08-01 10:11:26,168 - INFO - Training progress plot saved to output/training_progress.png
2025-08-01 10:11:26,169 - INFO - Enhanced ZILN model training completed
2025-08-01 10:11:26,176 - INFO - Training Enhanced ZILN Model with Neural Network...
2025-08-01 10:11:26,176 - INFO - Training set: 2,759 players
2025-08-01 10:11:26,176 - INFO - Payers: 491 (17.8%)
2025-08-01 10:11:26,176 - INFO - Average revenue (payers): $0.48
2025-08-01 10:11:26,176 - INFO - Training Neural Network Model...
2025-08-01 10:11:26,182 - INFO - Starting training for 250 epochs...
2025-08-01 10:11:26,182 - INFO - Epoch | Train Loss | Val Loss | LR | Time
2025-08-01 10:11:28,476 - INFO - Training completed after 46 epochs
2025-08-01 10:11:28,476 - INFO - Best validation loss: 0.547475
2025-08-01 10:11:28,545 - INFO - Training progress plot saved to output/training_progress.png
2025-08-01 10:11:28,546 - INFO - Enhanced ZILN model training completed
2025-08-01 10:11:28,552 - INFO - Running segment-based validation...
2025-08-01 10:11:28,552 - INFO - Training Enhanced ZILN Model with Neural Network...
2025-08-01 10:11:28,552 - INFO - Training set: 3,310 players
2025-08-01 10:11:28,552 - INFO - Payers: 491 (14.8%)
2025-08-01 10:11:28,552 - INFO - Average revenue (payers): $0.48
2025-08-01 10:11:28,553 - INFO - Training Neural Network Model...
2025-08-01 10:11:28,559 - INFO - Starting training for 50 epochs...
2025-08-01 10:11:28,559 - INFO - Epoch | Train Loss | Val Loss | LR | Time
2025-08-01 10:11:30,477 - INFO - Training completed after 50 epochs
2025-08-01 10:11:30,477 - INFO - Best validation loss: 1.398522
2025-08-01 10:11:30,544 - INFO - Training progress plot saved to output/training_progress.png
2025-08-01 10:11:30,545 - INFO - Enhanced ZILN model training completed
2025-08-01 10:11:30,576 - INFO - Running revenue tier validation...
2025-08-01 10:11:30,576 - INFO - Training Enhanced ZILN Model with Neural Network...
2025-08-01 10:11:30,576 - INFO - Training set: 3,310 players
2025-08-01 10:11:30,576 - INFO - Payers: 491 (14.8%)
2025-08-01 10:11:30,576 - INFO - Average revenue (payers): $0.48
2025-08-01 10:11:30,576 - INFO - Training Neural Network Model...
2025-08-01 10:11:30,583 - INFO - Starting training for 50 epochs...
2025-08-01 10:11:30,583 - INFO - Epoch | Train Loss | Val Loss | LR | Time
2025-08-01 10:11:32,467 - INFO - Training completed after 50 epochs
2025-08-01 10:11:32,468 - INFO - Best validation loss: 1.418080
2025-08-01 10:11:32,536 - INFO - Training progress plot saved to output/training_progress.png
2025-08-01 10:11:32,536 - INFO - Enhanced ZILN model training completed
2025-08-01 10:11:32,562 - INFO - Running whale detection validation...
2025-08-01 10:11:32,583 - INFO - Backtesting completed successfully
2025-08-01 10:11:32,583 - INFO - Backtesting completed
2025-08-01 10:11:32,583 - INFO - Step 6: Creating visualizations and reports...
2025-08-01 10:11:37,470 - INFO - Visualizations created
2025-08-01 10:11:37,470 - INFO - Step 7: Saving engineered data and results...
2025-08-01 10:11:37,503 - INFO - Engineered data saved to output/engineered_data.csv
2025-08-01 10:11:37,505 - INFO - Backtest results saved to output/backtest_results.json
2025-08-01 10:11:37,505 - INFO - Pipeline results saved to output/pipeline_results.json
2025-08-01 10:11:37,505 - INFO - Validation report saved to output/validation_report.txt
2025-08-01 10:11:37,505 - INFO - Pipeline completed successfully in 0.4 minutes
