,player_id,total_sessions,total_events,total_revenue,purchase_events,first_country,days_since_first_session,ltv_target,will_pay_in_future,historical_payer
0,AF3F2FA86CA6A586,1,1,0.0,0,US,65,49.99,1,0
1,5A7CC550FD3AD10,3,17,0.121,2,US,65,18.3947,1,1
2,45EF7CC846224864,1,30,5.083600000000001,2,US,64,14.097199999999999,1,1
3,28306EF89EB89460,2,12,19.99,1,US,65,11.226,1,1
4,885539F88CFBF39E,3,37,4.4109,7,US,65,10.473600000000001,1,1
5,7E39AAC97E8D33EB,9,74,0.12209999999999999,19,US,65,10.1532,1,1
6,7B0F4487FF2908D6,2,56,10.151000000000002,20,US,65,10.149799999999999,1,1
7,21AB637E9ACA061C,2,19,0.0528,5,US,63,10.104700000000001,1,1
8,F031764D54939297,1,6,0.0,0,US,65,10.0005,1,0
9,D329589D9B37BD7C,3,15,0.0942,1,US,64,8.203999999999999,1,1
10,A127C447BFF6EF64,2,13,0.3599,1,US,65,8.1916,1,1
11,FA3EBBB58737A0C9,4,22,0.0663,4,US,65,6.093500000000001,1,1
12,9D3F9930C1D43DCA,3,41,0.8725,8,US,65,5.98,1,1
13,5BFF71E50FD75C8,2,29,9.5576,4,US,63,4.5641,1,1
14,35A610D11095F0B4,6,58,1.3595000000000002,6,US,65,3.7551,1,1
15,1B3108CF224505EA,2,11,0.0,0,CA,65,3.5428000000000006,1,0
16,3406944CD34D9A8F,2,16,0.0644,2,JP,64,3.3692,1,1
17,D703C08B31DDE9BF,1,14,0.0267,2,US,63,3.125600000000001,1,1
18,FD79CCEA6A6268F3,1,15,0.1477,2,US,65,2.99,1,1
19,2ED1492A5A225481,1,3,0.0,0,US,65,2.99,1,0
20,9DF37CB575899B3A,5,15,0.23250000000000004,3,US,65,2.5197999999999996,1,1
21,6BB062A8CD63619C,2,4,0.0086,1,US,63,1.8507,1,1
22,D0FCD53171DE1191,3,14,0.0,0,US,65,1.5428000000000002,1,0
23,59B1051D2560705,2,4,0.0,0,US,64,1.4817999999999998,1,0
24,90CF8B79A3D26CB7,4,13,0.0036,2,DE,64,1.2568000000000001,1,1
25,6AD75391E7F5590B,2,31,1.4544,6,US,63,1.2289,1,1
26,69D1F67C846B98E6,1,16,0.31770000000000004,4,CA,65,1.0993,1,1
27,5183FF320AE46C6C,1,12,0.020700000000000003,3,US,63,1.0252000000000001,1,1
28,D9C2FE1E97B21BD4,1,2,0.0,0,US,65,1.023,1,0
29,DA58A358E36BA6C,3,10,0.0255,1,US,65,0.9435000000000002,1,1
30,8AD8B11F509FF53D,2,10,1.2438,2,US,63,0.7705,1,1
31,9BCC9672B66D4C67,2,23,0.532,8,US,65,0.7419,1,1
32,4302B67678A365C7,7,36,0.0,0,US,65,0.6414,1,0
33,1717C1C08947C6FD,4,7,0.2713,2,US,65,0.5166,1,1
34,D0A646ED6D45374C,2,34,0.573,5,US,63,0.5122,1,1
35,B05F7714F87BD5CB,3,11,0.0646,2,US,65,0.5072,1,1
36,FCB5339E6A342D3E,2,27,0.2566,2,US,64,0.5035,1,1
37,8A0D42ADE990DADF,9,28,0.19,7,US,65,0.48669999999999997,1,1
38,CA82B6B66DCBD9C9,1,18,0.5777,1,US,63,0.4264,1,1
39,3C9A6C72969C0FB7,5,27,0.5856,8,ZA,65,0.4048,1,1
40,D52F655DA1B6CE1C,1,3,0.0,0,US,64,0.3983,1,0
41,71993F44A428FDDD,2,33,0.17420000000000002,12,US,65,0.3603,1,1
42,BE2F26E774E28364,1,16,0.0901,5,AU,63,0.31160000000000004,1,1
43,EDA6CF90CA9C69D,1,7,0.0,0,US,63,0.3069,1,0
44,45019058902675C6,3,13,0.021900000000000003,3,CA,65,0.30560000000000004,1,1
45,71EF3EF3AB6E77AD,3,57,0.1515,20,US,64,0.30330000000000007,1,1
46,A7365B4ADA7B6EC3,10,41,0.3087,12,US,65,0.2783,1,1
47,C7F0393082538EFE,1,4,0.0299,1,US,65,0.27180000000000004,1,1
48,577996FCCB03B9E8,7,22,0.15209999999999999,6,US,65,0.2672,1,1
49,C760A35D632172E0,2,11,0.025,3,CA,64,0.2665,1,1
50,CCB8C022905943E4,1,2,0.0,0,US,65,0.26149999999999995,1,0
51,4A6F2462724AECE9,3,21,0.041499999999999995,7,US,63,0.2599,1,1
52,CE87B0C80BF16806,3,15,0.06259999999999999,4,US,64,0.2279,1,1
53,EA317135E5965766,1,4,0.0653,2,IT,65,0.21939999999999998,1,1
54,9BBC7EE96C9A312F,1,27,1.0830000000000002,8,US,63,0.2173,1,1
55,71D06930E15FF0F4,1,5,0.0,0,US,63,0.21230000000000002,1,0
56,41E9BF3602C5C88C,18,149,0.43089999999999995,54,US,65,0.21220000000000003,1,1
57,6B7B29CA043BD435,1,6,0.0221,2,US,64,0.2054,1,1
58,9CD04D3AA6EB423D,2,57,0.10390000000000002,24,US,65,0.20310000000000003,1,1
59,D88C5A3C44F0CDA6,3,96,0.4251999999999999,32,US,65,0.19339999999999996,1,1
60,35E6CF88CED79A7B,7,40,0.11860000000000001,5,JP,65,0.1869,1,1
61,FC7A72C88DB9C645,2,38,0.8023,13,US,63,0.1775,1,1
62,200AE407B2402144,3,15,0.19399999999999998,6,US,65,0.17639999999999997,1,1
63,3E83B3DA32026E21,2,7,0.0345,1,US,63,0.16570000000000001,1,1
64,BE9858995518D211,2,7,0.0633,2,US,65,0.1538,1,1
65,6E8C778F6E1743E8,4,16,0.0533,5,SA,64,0.1511,1,1
66,F7A44E3278187CE7,5,69,0.48140000000000005,23,US,65,0.1506,1,1
67,A53051FFA4DAA4F7,1,1,0.0,0,US,64,0.1475,1,0
68,72AF80BE78BF9A9A,1,11,0.0084,3,US,63,0.14300000000000002,1,1
69,FC8DF56EED496900,10,16,0.0,0,CA,64,0.1421,1,0
70,C74A41336F0C60EC,12,108,0.2324,29,US,65,0.1402,1,1
71,835A24D649E8724D,4,14,0.0652,1,US,65,0.13779999999999998,1,1
72,2F10880F84904626,2,36,0.2107,16,US,65,0.1355,1,1
73,72C0B908BD4BCBE,6,36,0.0411,12,SY,65,0.13549999999999998,1,1
74,1738C80263348427,4,27,0.0553,5,CA,65,0.13449999999999998,1,1
75,642EBD06ACA4781B,4,16,0.0588,15,ES,64,0.12910000000000002,1,1
76,1202529EBAFB2FA0,8,37,0.112,14,US,65,0.1285,1,1
77,F1899AB74EEA72AC,1,3,0.0,0,CA,64,0.1277,1,0
78,EC64F16C01F95D54,2,18,0.06960000000000001,7,US,65,0.1262,1,1
79,6AE9D60E0790827B,2,9,0.0202,3,US,64,0.11989999999999999,1,1
80,AD8E6083E27CFAD6,7,131,1.7505000000000002,33,US,65,0.1197,1,1
81,C9CE4B259333377A,3,15,0.2572,4,US,65,0.11960000000000001,1,1
82,64D99EBB8659F77D,1,27,0.1463,7,US,63,0.11950000000000001,1,1
83,E5513A09EA1E3DD,4,143,0.15910000000000002,47,GB,65,0.11710000000000001,1,1
84,DCF2ACCC244727B2,3,11,0.0215,2,US,65,0.1147,1,1
85,3CDA950883F0173A,10,38,10.4694,12,MT,65,0.1139,1,1
86,99D5AACEB5A83514,3,26,0.027000000000000003,3,US,65,0.1137,1,1
87,89AA3DE346E614C2,8,46,0.18460000000000001,13,US,65,0.1121,1,1
88,7670B522F007347A,4,69,0.25059999999999993,21,US,65,0.11199999999999999,1,1
89,B515B2CE41A912BC,1,1,0.0,0,MX,63,0.1072,1,0
90,8C6AB2FDF8288945,4,10,0.062,2,GB,64,0.10550000000000001,1,1
91,46024FEE1EA06563,1,3,0.0,0,US,63,0.1035,1,0
92,EAC75B2DF68C4C88,1,5,0.0,0,US,65,0.0978,1,0
93,91117B7D7BB6F0CE,4,27,0.1213,9,US,65,0.09649999999999999,1,1
94,87E76B2285FA8B76,3,12,0.0309,1,US,65,0.0959,1,1
95,D63161952CFD8319,2,2,0.0,0,US,63,0.09249999999999999,1,0
96,D2B38CEFEACA149A,3,31,0.47800000000000004,9,US,65,0.09210000000000002,1,1
97,1ED11709051C829B,1,4,0.0,0,US,65,0.0911,1,0
98,1BE82290F7BDE891,11,124,0.23409999999999997,32,CA,65,0.0896,1,1
99,B99A5B9D6DA71F55,1,9,0.1165,1,US,64,0.0873,1,1
100,62AB11C1E87EBF24,2,17,0.0183,6,US,63,0.0856,1,1
101,769EB355FEA73141,3,15,0.1061,4,US,65,0.0844,1,1
102,B50650A44F99EC90,2,25,0.1331,7,GB,65,0.0844,1,1
103,475E92BE14C02C14,2,9,0.0,0,US,65,0.0829,1,0
104,1A5EC9D8491EEA27,2,3,0.0,0,US,64,0.0795,1,0
105,1313B93F307A8A2B,10,113,0.19959999999999992,39,US,65,0.0778,1,1
106,529BD6C03824C90D,2,7,0.0222,1,NZ,63,0.0777,1,1
107,D232F43437C4297F,6,15,0.055999999999999994,4,US,65,0.077,1,1
108,D4D23B279C738AB6,1,1,0.0,0,US,64,0.0748,1,0
109,8483D53D2DB2B450,3,130,0.24819999999999995,47,GR,64,0.0746,1,1
110,571F695C15A8BA6C,1,9,0.0183,3,US,64,0.0735,1,1
111,A262107A2F222E1B,1,20,0.0886,5,DE,65,0.07300000000000001,1,1
112,E85B166A18F3387,3,37,0.010799999999999999,9,EG,64,0.07170000000000001,1,1
113,D642A38C9D021FE6,2,10,0.0676,2,US,65,0.0699,1,1
114,3F2D89F0FE13B5AB,4,10,0.0197,1,US,65,0.0686,1,1
115,8C76222FF455A68A,4,13,0.0684,4,US,65,0.0676,1,1
116,F96E93FB69531820,3,85,1.1309000000000002,28,US,64,0.0674,1,1
117,49E76C100558F245,2,7,0.0313,2,US,65,0.06659999999999999,1,1
118,FD5813AAB817DA06,4,19,0.0571,5,US,64,0.06570000000000001,1,1
119,28084E0396FDCB3,1,5,0.0195,1,US,65,0.06559999999999999,1,1
120,A761F6367AABF46A,1,22,0.031,1,US,63,0.065,1,1
121,AB3009D90AF3EE86,3,85,0.1766,30,US,65,0.0647,1,1
122,2D018E59ACC39A13,4,12,0.0605,2,US,65,0.06409999999999999,1,1
123,3733FDD3E765F8FF,3,44,0.25870000000000004,12,US,64,0.06390000000000001,1,1
124,C0813470DD2FB011,2,17,0.13319999999999999,4,AU,65,0.0588,1,1
125,79524434D9DD29D2,4,19,0.0129,4,US,64,0.0584,1,1
126,F2F5F7DBF7261506,2,71,0.0452,18,SE,65,0.05820000000000002,1,1
127,C64FDE024C480EEC,2,10,0.013399999999999999,2,US,65,0.053899999999999997,1,1
128,654619A84A196563,3,25,0.15089999999999998,5,BR,64,0.0537,1,1
129,597ED94590CF30E,1,5,0.0,0,US,65,0.0524,1,0
130,5515B5099873536B,1,4,0.0028,1,US,65,0.05229999999999999,1,1
131,673754EBF7ACF5E7,1,7,0.0183,2,US,64,0.0506,1,1
132,178118504B8E7B6,2,9,0.0071,2,US,65,0.050499999999999996,1,1
133,CBFEBB12BAFAD02D,4,12,0.0,0,BR,63,0.0503,1,0
134,38277D001A420873,2,53,0.06670000000000001,17,CA,65,0.049199999999999994,1,1
135,AD79B1A35FAEBFCB,3,20,0.0168,1,US,63,0.0486,1,1
136,8C4A4B7C5C99AFBA,5,22,0.049300000000000004,8,IE,65,0.0484,1,1
137,E10B8E1047C17DB,1,9,0.0678,2,US,64,0.0477,1,1
138,BE47036A23283A12,2,45,0.3599,16,US,64,0.04759999999999999,1,1
139,36D8281BDF517677,1,14,0.0172,5,US,64,0.04649999999999999,1,1
140,19CD72CC9EE64F8D,2,18,0.0157,4,SA,64,0.045899999999999996,1,1
141,A635DB8A95307CB7,2,3,0.0161,1,US,64,0.0442,1,1
142,10E345B6174200D,2,5,0.0,0,US,65,0.0441,1,0
143,1034C66516BB688F,1,20,0.0602,7,US,63,0.044,1,1
144,E328A6B4ABA339D1,1,2,0.0,0,US,63,0.0426,1,0
145,D8C1B9356A0FD309,2,24,0.065,2,US,64,0.0424,1,1
146,8F84138D9101E187,1,2,0.0,0,TR,63,0.0417,1,0
147,529CB428454BA954,3,47,0.0068000000000000005,12,DZ,63,0.0417,1,1
148,D4BE70B385BE3941,3,26,0.0271,4,US,65,0.0415,1,1
149,297D109AE3C16846,3,10,0.0053,2,US,64,0.040999999999999995,1,1
150,2AA4073F7986269C,2,5,0.0382,1,US,64,0.0408,1,1
151,ECEF391771495929,1,5,0.0079,1,SA,65,0.0406,1,1
152,4812E885B74404C1,3,35,0.44129999999999997,11,US,65,0.0404,1,1
153,B6B2225956F05DBD,4,33,0.041400000000000006,14,UA,64,0.04,1,1
154,B12D010CF2DA19E,1,9,0.0455,4,MX,63,0.04,1,1
155,6AF9930FD60310F1,2,30,0.04920000000000001,10,CA,65,0.0398,1,1
156,6B0D8563B844E8EE,4,21,0.0566,3,AU,65,0.0397,1,1
157,CB203BE41AADBBA8,17,77,0.10370000000000001,19,US,65,0.038700000000000005,1,1
158,32D6D4B1DFD48F49,2,3,0.0,0,US,65,0.0385,1,0
159,F42CE6ABD1FE0E02,3,35,0.0636,11,US,65,0.0385,1,1
160,83EA6C23B327FDC1,3,10,0.0305,3,US,65,0.0381,1,1
161,BD15FD5B28214F9D,4,58,0.0179,11,GB,65,0.037899999999999996,1,1
162,115BBDE2FFE2B59E,1,6,0.0061,1,US,64,0.0368,1,1
163,2544189D6094FD81,2,8,0.039999999999999994,2,US,63,0.0366,1,1
164,EC6983F741129831,4,68,0.7330000000000001,24,US,65,0.0366,1,1
165,45CAC6842EF5DF5F,1,2,0.0,0,US,65,0.036199999999999996,1,0
166,B2232E3B1D98761D,1,8,0.030799999999999998,6,ES,65,0.0358,1,1
167,19F753B7BABF437C,1,7,0.0234,2,DE,64,0.035500000000000004,1,1
168,158A33A56B1E909F,2,9,0.0088,2,PH,63,0.0354,1,1
169,B23CEB915A1BEE69,5,14,0.0303,4,BR,65,0.0351,1,1
170,95262DD5F189C129,3,22,0.0134,5,US,65,0.0349,1,1
171,1A946C51A530F16E,2,4,0.0241,1,CA,63,0.0345,1,1
172,B316268EB536B254,3,6,0.0,0,US,65,0.0343,1,0
173,EF1D0F86CCC5CCD7,3,16,0.016800000000000002,2,CA,63,0.0339,1,1
174,EBA6F879A4EAE2E5,4,11,0.0067,2,IQ,65,0.0337,1,1
175,9C3E3A641B3115D8,6,67,0.0649,27,US,65,0.0336,1,1
176,F35C034CDC045172,9,28,0.0339,9,US,65,0.0335,1,1
177,3A7FE403C909EACC,2,5,0.0058,1,GB,65,0.0334,1,1
178,79E365D747DB1822,7,13,0.0,0,US,65,0.0332,1,0
179,B3B2523E67540475,1,3,0.0,0,US,63,0.0331,1,0
180,BAA504B36DBEB78D,4,25,0.0315,9,US,65,0.03230000000000001,1,1
181,C7184A79C75176F6,1,64,0.11570000000000001,14,BR,64,0.0322,1,1
182,B8F6060EB88F950F,3,7,0.0058,1,CR,65,0.0315,1,1
183,986A5A400675D128,2,10,0.062200000000000005,4,BE,65,0.031100000000000003,1,1
184,E9AF13E14ACBFF90,1,2,0.0,0,SG,63,0.0299,1,0
185,5AD944AD008D8A1F,2,5,0.0046,1,US,65,0.0297,1,1
186,5B4AE171AE96911C,1,10,0.0324,1,US,63,0.0297,1,1
187,8BB1AD9254041734,3,34,0.17379999999999998,8,US,65,0.0296,1,1
188,441AB36E3E7988D7,2,4,0.0015,2,US,65,0.029,1,1
189,659A89B20AED14FB,7,20,0.011300000000000001,5,AU,65,0.028700000000000003,1,1
190,AF2F46935B5C0C2A,2,14,0.0246,2,US,65,0.0287,1,1
191,5E16F22C1CB03122,1,6,0.041400000000000006,2,US,63,0.027800000000000002,1,1
192,ACB81AF39C094820,1,24,0.0954,5,CA,63,0.0277,1,1
193,59C273648D617A2,4,77,0.0189,14,MX,64,0.0273,1,1
194,AD0933916897D371,2,5,0.0796,4,US,64,0.0271,1,1
195,22881CA03CACB406,1,1,0.0,0,US,65,0.0267,1,0
196,4008F5C340AC741B,1,4,0.0,0,US,65,0.0262,1,0
197,C5BE0BD941928671,1,1,0.0,0,US,63,0.0261,1,0
198,2D94A6CC0A072CFF,3,10,0.005,2,US,65,0.0261,1,1
199,2D534761E5AD5FF5,3,31,0.1299,5,AE,65,0.0261,1,1
200,4670A39922CDD809,1,3,0.0,0,US,64,0.0258,1,0
201,1E31DA69C21266B1,5,25,0.0085,6,JP,65,0.0256,1,1
202,141B139216B868D7,4,6,0.0,0,SA,65,0.0255,1,0
203,EB94646167232D57,5,31,0.1562,9,JP,65,0.025,1,1
204,F6A875E326452933,1,4,0.0016,1,SA,65,0.0248,1,1
205,73B49DA6C5C1B19E,2,21,0.0541,8,US,65,0.0246,1,1
206,5D72183C2A8E6EC2,1,4,0.0,0,US,65,0.024599999999999997,1,0
207,5F97B148AF65C11B,2,11,0.0,0,MX,64,0.0245,1,0
208,2EF06CA39FBAC29F,2,12,0.0155,1,US,64,0.024300000000000002,1,1
209,13690B886E3EE144,1,2,0.0,0,US,63,0.0239,1,0
210,5FBF3F7345FD55C5,4,16,0.0069,3,US,65,0.0238,1,1
211,8E4293BD2D7A2056,2,32,0.0412,3,AU,64,0.0233,1,1
212,B94620083A7A1679,2,10,0.012,2,US,65,0.023100000000000002,1,1
213,5B5D998A70AEFEC9,6,36,0.0153,11,AR,65,0.0226,1,1
214,FD8A42F27BB06841,1,6,0.005399999999999999,2,CO,64,0.0225,1,1
215,9BE3D36B82706FBA,2,25,0.1408,10,US,64,0.0216,1,1
216,6555BA7DBFB8807F,1,1,0.0,0,US,64,0.021500000000000002,1,0
217,F0CB131406F00C1,1,3,0.0067,1,CL,63,0.0215,1,1
218,2FA5E122489377,1,2,0.0034,1,SA,65,0.021200000000000004,1,1
219,E2CBC8E970F19EE,1,4,0.0,0,NL,65,0.0212,1,0
220,56217EC4029E9895,2,21,0.0,0,TR,65,0.020699999999999996,1,0
221,A0F6F66AB8923B8,1,38,0.023299999999999998,14,GH,65,0.0199,1,1
222,E826B0760A8378BF,4,27,0.0208,7,US,65,0.019700000000000002,1,1
223,A53563D98450F7CE,2,6,0.0033,1,PH,64,0.0196,1,1
224,659DA8AC7B2A50B9,2,5,0.004,1,US,65,0.0194,1,1
225,FC897D8CB00BB4BD,1,19,0.0161,7,US,65,0.0185,1,1
226,16BF80EF0219833D,3,26,0.0592,8,US,64,0.0184,1,1
227,2C93F59F706CD199,3,11,0.0046,9,US,64,0.018300000000000004,1,1
228,9D0A32ED13364A28,2,18,0.0222,5,US,64,0.0181,1,1
229,566D8949D54384E,1,3,0.0064,1,US,65,0.018000000000000002,1,1
230,C80C9697B8B546EB,2,5,0.0066,1,US,65,0.018000000000000002,1,1
231,3A3DE2304451B700,1,15,0.004200000000000001,4,BE,63,0.0179,1,1
232,BBAB887C3EE88D20,2,6,0.0175,1,US,64,0.0178,1,1
233,FA1FD83CDD6DC0C9,2,10,0.0083,2,US,65,0.0177,1,1
234,5B1C85AE4C2B5B48,4,7,0.0132,1,AU,64,0.0173,1,1
235,842F93C5F9BEBCF1,4,27,0.0329,8,US,65,0.0173,1,1
236,3250EBCAA81B66FF,1,7,0.0207,2,US,64,0.017,1,1
237,2CAA22D7706A4600,2,10,0.005900000000000001,2,US,65,0.016900000000000002,1,1
238,2DA0FE4231F51BE,4,22,0.028999999999999998,7,CA,64,0.0169,1,1
239,AC1CCE6CAE5881BF,3,14,0.044300000000000006,3,US,64,0.0165,1,1
240,1D69A116F4AADD42,2,5,0.0,0,US,63,0.0165,1,0
241,8AB12C2A8BE3A3AE,5,9,0.0,0,US,65,0.016300000000000002,1,0
242,5FE494CD969CDEE9,5,12,0.0278,1,US,64,0.0162,1,1
243,1E63DBCFF9D3719B,2,44,0.06080000000000001,10,MA,65,0.0159,1,1
244,59AAFEF3F8F4C7E6,3,7,0.0149,2,US,64,0.0156,1,1
245,DFC5356D51E3488D,1,6,0.0,0,SA,64,0.015300000000000001,1,0
246,D2C5EEB366BB1B33,3,16,0.0536,5,US,64,0.0152,1,1
247,E0FA090473524336,1,4,0.0,0,US,65,0.0152,1,0
248,1D9210458AE7BF43,2,6,0.011800000000000001,2,SA,64,0.0152,1,1
249,C66DA4233CC7650D,1,2,0.0,0,US,63,0.0152,1,0
250,A1C3B849CDC52E14,7,28,0.0060999999999999995,8,LC,64,0.015,1,1
251,BB5EC1408BC009C,4,13,0.0201,4,US,65,0.014599999999999998,1,1
252,352320BE7DDD97C6,2,27,0.0178,9,BE,63,0.0142,1,1
253,FA8F0136C12A8483,3,15,0.039,2,US,65,0.013999999999999999,1,1
254,7AA43D2FE6184435,4,16,0.0159,3,US,65,0.013999999999999999,1,1
255,3DBE463726C05F8B,10,79,0.0285,17,GB,65,0.013900000000000001,1,1
256,52928EA0F663F927,1,14,0.0034999999999999996,6,BR,63,0.013799999999999998,1,1
257,CAF8FE32F795679D,4,107,0.025,39,ID,65,0.013799999999999993,1,1
258,B0C7521A5B6E82BD,2,17,0.029199999999999997,4,CA,64,0.0137,1,1
259,E34E7D363671423,2,7,0.024,2,US,63,0.0134,1,1
260,3DC0221CA1EF6593,2,7,0.0079,2,US,65,0.0132,1,1
261,EEFA1C430255B666,1,6,0.0037999999999999996,2,US,64,0.013000000000000001,1,1
262,ADAC23DF3BE034CF,1,4,0.006500000000000001,3,BR,65,0.0129,1,1
263,F48779D8B2D0B124,1,9,0.0025,2,EG,64,0.012799999999999999,1,1
264,A21D7E4CB82F302F,1,6,0.0162,2,US,64,0.0126,1,1
265,D3D92124B71FBAFE,6,51,0.054400000000000004,10,US,65,0.0125,1,1
266,63BBF6A669635961,1,5,0.0175,1,SG,65,0.0123,1,1
267,26CD90027EDC0BFE,6,63,0.012199999999999999,16,ES,65,0.011899999999999999,1,1
268,F8643FC4900980CC,3,11,0.0086,2,US,64,0.0118,1,1
269,EB10346F5B1F659A,1,14,0.0042,5,ID,63,0.0116,1,1
270,1B55FA89D1791DEC,3,36,0.16729999999999998,10,US,65,0.0116,1,1
271,1D706675841429C,1,3,0.0,0,US,64,0.0115,1,0
272,F247C0133AD2EDB0,2,41,0.0877,6,US,65,0.0115,1,1
273,F9FEC19F21BC364F,1,5,0.004,1,FR,63,0.0115,1,1
274,7ABC67C8AEED1DAE,5,17,0.0057,1,US,65,0.0114,1,1
275,5775388882A255EA,4,41,0.0183,10,GB,65,0.0113,1,1
276,A5DD5E0EB0C84D86,5,13,0.0245,4,US,65,0.0113,1,1
277,40CC4040776772AE,3,10,0.0021999999999999997,2,US,65,0.011000000000000003,1,1
278,E94DEE977EE69FBF,5,22,0.0066,2,US,65,0.0109,1,1
279,C56EEDC681866388,2,19,0.0166,6,US,64,0.0109,1,1
280,5657E703FAE17ABF,1,2,0.0,0,AU,65,0.0109,1,0
281,5470276B936767FB,1,2,0.0,0,US,64,0.0108,1,0
282,977C3CB471A499FB,3,22,0.013200000000000002,6,US,64,0.0108,1,1
283,62BF37267D827E19,2,7,0.0,0,US,65,0.0108,1,0
284,C12CF03A7EDE8700,1,6,0.0,0,US,65,0.0105,1,0
285,2837B8EE019D3DF0,3,9,0.0052,1,JP,64,0.0104,1,1
286,27B49CEBD44F97F2,1,2,0.0,0,IQ,63,0.0104,1,0
287,1A66B14AD4B7C0E3,4,47,0.016399999999999998,17,DZ,63,0.0102,1,1
288,2E1D7EC5FBE3803,4,8,0.0070999999999999995,3,RU,65,0.0102,1,1
289,8C73D0E5592CA441,2,13,0.001,3,US,65,0.010199999999999999,1,1
290,577F22A7BCA80986,4,23,0.0,0,US,64,0.010100000000000001,1,0
291,BE28B34CDA3EFD2F,1,2,0.0,0,US,65,0.0101,1,0
292,A5F61A4E7F348CBF,2,23,0.0223,6,MX,63,0.0101,1,1
293,A188568A8C8C7A3,1,2,0.0,0,US,65,0.0101,1,0
294,795CA72800C34BF6,3,25,0.0060999999999999995,8,MX,63,0.010000000000000002,1,1
295,67806FC0B670E3A2,2,6,0.0027,1,CW,64,0.0097,1,1
296,8592745411359FA5,1,1,0.0,0,US,64,0.0095,1,0
297,E625664ACD028A4F,3,75,0.026500000000000003,18,JM,65,0.0092,1,1
298,CEEA2595797112D7,4,28,0.0056,8,NI,65,0.0091,1,1
299,CAA4F2D4CF93F87E,4,26,0.007299999999999999,7,SA,65,0.009000000000000001,1,1
300,AC965ABD18A69835,1,29,0.068,7,US,63,0.0088,1,1
301,89B265AFCDC2BD9F,2,20,0.0503,5,US,64,0.0088,1,1
302,8562E92ED12FBBD0,6,26,0.0093,6,PH,65,0.0088,1,1
303,3E91859D07BD20A8,3,37,0.009600000000000001,9,AR,63,0.0088,1,1
304,25E5BD7D2A1034F7,4,7,0.0,0,US,65,0.008799999999999999,1,0
305,4415CB73776A5697,3,22,0.16890000000000002,6,KR,65,0.0086,1,1
306,202FE2705085412C,3,9,0.010499999999999999,3,US,65,0.0086,1,1
307,7FC11266493FCE46,1,5,0.0161,1,US,64,0.0085,1,1
308,4751383DA58767A1,2,8,0.0036,2,SG,65,0.0085,1,1
309,F3BF5597CAB0394C,2,4,0.0101,1,US,64,0.0084,1,1
310,8BB4D1F472801058,2,4,0.0211,2,US,63,0.0082,1,1
311,1ABE07E27914FA25,1,2,0.0031,1,IT,64,0.008199999999999999,1,1
312,649C0D8DD0D9B30D,3,20,0.0056,3,ID,64,0.0081,1,1
313,C5641B02A02FC930,2,3,0.0011,1,AR,64,0.008,1,1
314,CD915D6962E0E1F4,3,94,0.027800000000000005,23,IE,65,0.0079,1,1
315,94EC81242FDA5022,1,5,0.0062,1,US,65,0.0079,1,1
316,A922B8A674043C1B,2,11,0.005,1,TH,65,0.0078,1,1
317,2CDCF6EB4FD1BFA7,1,4,0.0128,1,US,63,0.0077,1,1
318,ADAF60A4A1656BA7,1,47,0.029999999999999995,17,NL,64,0.007600000000000001,1,1
319,C7DCC902BB528A92,1,3,0.0,0,CA,64,0.0076,1,0
320,F72B2A1313A13E7D,3,18,0.0025,4,US,64,0.007599999999999999,1,1
321,9BCCB4251763E863,2,13,0.0006000000000000001,3,SN,65,0.0075,1,1
322,EE1BC310D61146D3,3,19,0.0081,6,IN,65,0.0075,1,1
323,312C93A5BFCED526,3,7,0.0,0,CA,64,0.0074,1,0
324,6FC0B29794E53A01,1,2,0.0,0,PH,63,0.0074,1,0
325,9E9CAC2C32090EA6,1,3,0.0,0,GB,65,0.0074,1,0
326,5DAA136E764F2463,4,13,0.0037,1,DE,65,0.0074,1,1
327,442B32CE174F9C45,5,117,0.04769999999999999,38,ES,64,0.0074,1,1
328,FBF2813F7FBFF861,1,1,0.0,0,CL,65,0.0073,1,0
329,80B2DE29F6E500D3,2,78,0.0432,26,IN,65,0.0072,1,1
330,9EAD6776DD0A0180,1,2,0.0,0,US,63,0.0072,1,0
331,445B4B1E8448F537,3,7,0.0105,3,US,65,0.0071,1,1
332,8689471A9E79426C,3,35,0.05739999999999999,9,ES,64,0.0068,1,1
333,236A0A05E1681390,2,26,0.0524,3,BR,65,0.0067,1,1
334,138FE6CCE07CE2C3,1,5,0.0047,1,FR,63,0.0067,1,1
335,475ED4249B00C1D7,1,7,0.0059,2,US,64,0.006500000000000001,1,1
336,EF2094A7DFD01A59,2,10,0.0072,2,SG,64,0.006500000000000001,1,1
337,30CC2070282B53AC,2,6,0.0,0,AU,65,0.0063,1,0
338,46893CE7994DA533,4,36,0.020600000000000004,8,BR,64,0.0060999999999999995,1,1
339,2B5F23D299D09DBA,1,5,0.0073,1,CA,64,0.006,1,1
340,B4013DBE667D7EB3,1,7,0.0,0,ID,63,0.006,1,0
341,B8DD183BB3DF8CC1,1,2,0.0026,2,JP,65,0.006,1,1
342,3DA41B07F4A77F60,1,15,0.0037,2,DE,63,0.006,1,1
343,3E32B9912DC5EC8C,1,41,0.1584,13,US,64,0.006,1,1
344,,187,371,0.0006,2,IN,65,0.0059,1,1
345,EC9B0AD73D5D89F1,1,1,0.0,0,US,65,0.0059,1,0
346,146AF429596FEFC4,2,7,0.0022,1,RS,64,0.0059,1,1
347,C5B8B792C5FAD0D4,2,9,0.0102,3,CR,65,0.0057,1,1
348,A18BCA2377311044,1,8,0.0027,2,BR,65,0.0057,1,1
349,7A6F40803A4FEBED,1,2,0.0,0,IN,63,0.0056,1,0
350,A62DEC71A783ECEB,3,19,0.0542,4,PH,64,0.0056,1,1
351,A7472FC03BB172A3,3,21,0.013399999999999999,4,FR,65,0.0055,1,1
352,BB438726B7E48CBE,3,6,0.0045,1,MY,64,0.0054,1,1
353,BE38F6C7A71608E5,2,7,0.0023,1,MY,64,0.0051,1,1
354,60E0F8E41ECD4EA8,4,40,0.0093,5,CO,65,0.0050999999999999995,1,1
355,89BD8F06DDA51114,2,6,0.0037,5,ID,65,0.0050999999999999995,1,1
356,2195DF5718BC1124,2,22,0.0233,9,US,65,0.005,1,1
357,9471D3DBCB83F247,3,17,0.0015000000000000002,5,MY,65,0.004900000000000002,1,1
358,8C43DE9AB95D8126,2,7,0.0051,7,BR,65,0.0048000000000000004,1,1
359,83C716DB8DD65F2F,4,18,0.0202,6,CA,65,0.0048,1,1
360,D7983921E2CC5FC5,5,19,0.0006000000000000001,4,LY,65,0.0048,1,1
361,3CCE4B35AE83ED9E,2,15,0.0031999999999999997,6,MX,64,0.004699999999999999,1,1
362,DBC97468A08C110B,1,6,0.0011,2,ID,63,0.0046,1,1
363,2C68622EF1A80F4F,2,22,0.006899999999999999,7,ZA,63,0.0045,1,1
364,39522362C286260A,1,10,0.0058,1,US,63,0.0044,1,1
365,7691EF4931C4604E,3,34,0.0201,13,GB,65,0.0044,1,1
366,BA5977D03913115B,3,47,0.0212,14,MX,64,0.0042,1,1
367,CAD2741878C558A0,2,12,0.0003,1,BN,64,0.0041,1,1
368,109F5B5ED547C9B3,3,25,0.0095,4,BR,65,0.0040999999999999995,1,1
369,B4042A9566C7D3BE,2,13,0.0053,3,ES,65,0.0040999999999999995,1,1
370,4459E52742B74144,4,28,0.0083,9,PK,64,0.004,1,1
371,19E3D7226E125396,8,16,0.0027,4,ID,65,0.0039000000000000003,1,1
372,87DA034ED576A2FB,1,14,0.0095,5,ID,64,0.0038,1,1
373,A80271E622DB14DE,1,8,0.0159,2,US,64,0.0038,1,1
374,C67879A8C29B757D,2,5,0.0005,1,JP,65,0.0038,1,1
375,A9F9F895114339C4,3,27,0.0026999999999999997,6,IQ,64,0.0037000000000000006,1,1
376,AE3623891C8DD6E9,1,23,0.0332,6,MA,63,0.0037,1,1
377,A170866AE51F8D39,1,8,0.0034999999999999996,2,TH,64,0.0037,1,1
378,644F14B1595B90B7,1,18,0.0303,6,AR,64,0.0036000000000000003,1,1
379,5F0F381D28C10837,1,1,0.0,0,US,64,0.0036,1,0
380,43BE9ED045920BF1,1,18,0.0055000000000000005,5,PH,63,0.0036,1,1
381,26E6989EAA15CADF,3,17,0.0039,1,BR,63,0.0035,1,1
382,6FF0808B9541D772,4,33,0.012299999999999998,7,AR,65,0.0034999999999999996,1,1
383,D732E64C258C2123,1,2,0.0,0,BJ,63,0.0034,1,0
384,157F710A22549CB4,2,11,0.0056,3,AU,64,0.0033,1,1
385,C360CF16CCEC0D,2,11,0.0018999999999999998,4,LB,65,0.0033,1,1
386,961223E0438A32D4,2,14,0.016,4,PH,65,0.0033,1,1
387,9F4260410A416B72,3,5,0.0,0,BR,65,0.0032999999999999995,1,0
388,E74F56A0243FDFC3,6,24,0.023200000000000002,6,SG,65,0.0032,1,1
389,202B275175E28B5E,2,5,0.0018,1,MA,63,0.0032,1,1
390,AA7D419D4D551FC2,12,36,0.0114,7,US,65,0.0031999999999999997,1,1
391,89A6CDAC6C8F2480,1,3,0.0,0,US,64,0.003,1,0
392,466D0C751F9B99,1,20,0.0023,1,PE,64,0.003,1,1
393,FBF0C0853D2DD99D,1,30,0.0206,5,AR,65,0.003,1,1
394,1948E23D5251B1D1,13,106,0.049499999999999995,41,MY,65,0.0029,1,1
395,3041F72CB1BFD603,3,5,0.0086,4,ES,65,0.0029,1,1
396,13302364A0BDE7B3,4,46,0.011099999999999999,14,CA,65,0.0029,1,1
397,13C591DF604FC8B2,1,8,0.0303,6,PE,65,0.0029,1,1
398,9931ABFE8C596284,8,23,0.005300000000000001,6,ID,65,0.0028000000000000004,1,1
399,11811FA805E84FA4,1,5,0.0142,2,US,63,0.0028,1,1
400,86148BF838FF947F,1,13,0.0187,3,MY,63,0.0028,1,1
401,314958967E6741CB,1,4,0.0,0,CA,64,0.0027,1,0
402,16D15636C5031311,4,27,0.0037,4,PH,65,0.0027,1,1
403,76E7F688A615CF4D,2,15,0.0015,3,AE,65,0.0025999999999999994,1,1
404,9A58C3A238DA1429,2,7,0.0,0,GB,63,0.0025,1,0
405,5E4BAADA05318897,1,15,0.0005,4,PK,64,0.0024,1,1
406,373D3E7477399708,2,59,0.023200000000000005,12,US,65,0.0023,1,1
407,E3F3650523EF9917,1,4,0.0014,1,IN,64,0.0023,1,1
408,5040F0AEC2AD598,1,5,0.0009,1,DE,65,0.0022,1,1
409,3F08BC5F543B7739,1,5,0.0025,1,PH,63,0.0022,1,1
410,AC4930D8C092F5B5,1,2,0.0012,1,US,63,0.0022,1,1
411,35291934C1847FE4,3,17,0.0086,5,PH,64,0.0021000000000000003,1,1
412,C02A2057A88119BE,2,5,0.002,3,VE,65,0.002,1,1
413,53E20A2C150001FC,2,18,0.0014,5,ID,65,0.002,1,1
414,7B756490F609B628,1,1,0.0,0,BR,65,0.0019,1,0
415,D8AD07D31CAEF93B,4,12,0.0011,2,NG,64,0.0018999999999999998,1,1
416,1FA27B444B63EC96,5,50,0.0031,18,MR,65,0.0018000000000000002,1,1
417,F2DC2C4CA317038F,1,5,0.0018,1,PH,65,0.0018,1,1
418,51CE015052BF48D0,4,29,0.0024,10,US,65,0.0017000000000000003,1,1
419,91261B15749DD7C6,3,7,0.00030000000000000003,2,VE,65,0.0017000000000000003,1,1
420,67B84DB7EB2303E3,3,11,0.0049,4,RU,65,0.0017000000000000001,1,1
421,9E3B3C4A327ADDDF,6,38,0.020099999999999996,14,CA,65,0.0017000000000000001,1,1
422,A125E47246912C83,1,4,0.0,0,US,64,0.0017000000000000001,1,0
423,6FC204AFC45EA2C1,5,99,0.0303,48,PH,65,0.0017000000000000001,1,1
424,652602FBC193C4A7,3,4,0.0006,1,ES,65,0.0017000000000000001,1,1
425,3BA819F810E81B35,1,5,0.0070999999999999995,2,US,64,0.0017,1,1
426,8A4C2FE0F334D5FE,6,24,0.0022,1,PH,64,0.0017,1,1
427,D5803489C400C04C,5,22,0.0018999999999999998,6,GH,65,0.0016999999999999997,1,1
428,FDF24BA5F6FB9B6B,2,5,0.0018,1,GB,63,0.0016,1,1
429,2A1504A3F3F1651E,4,24,0.0,0,CD,65,0.0015999999999999999,1,0
430,BE622A9E3C243FE7,2,3,0.0,0,PH,64,0.0015,1,0
431,56BF1C065D4CA63A,2,4,0.0008,1,CW,64,0.0015,1,1
432,C0E40B530769365D,1,4,0.0013,1,JP,65,0.0015,1,1
433,2E9E1B6C492C61BF,1,7,0.0011,2,CI,63,0.0014,1,1
434,F5C01C98599C311C,2,17,0.0012,1,DZ,63,0.0014,1,1
435,1346DF75F2EF349F,3,31,0.0015999999999999999,6,US,65,0.0014,1,1
436,1B01FC0EBF9CB654,1,4,0.0005,2,BG,64,0.0013000000000000002,1,1
437,C546FA64A3440F75,1,4,0.0001,1,LY,65,0.0013,1,1
438,99CEA88A584C1199,4,39,0.0030000000000000005,6,BR,63,0.0013,1,1
439,5DA15D219B6D66F9,8,78,0.0035,6,US,65,0.0012000000000000001,1,1
440,FBBE6B0D623AD715,13,38,0.0021,11,US,65,0.0012000000000000001,1,1
441,CE6B2F7D19546BAC,2,3,0.0009,1,BR,64,0.0012,1,1
442,27D3ED1B195AAA3F,4,45,0.0,0,PK,63,0.0012,1,0
443,50EFD5D986D37FF8,2,5,0.0,0,JO,64,0.0011,1,0
444,C44F5FDA45C30407,1,16,0.0053,5,US,63,0.0011,1,1
445,F53EC5D9D54BDEBB,4,30,0.0015999999999999999,6,US,65,0.0011,1,1
446,4A163FCF6418EE88,1,1,0.0,0,IN,63,0.001,1,0
447,14B8143C10CB8536,2,5,0.0017,1,US,65,0.001,1,1
448,70548448CB06D4C3,5,11,0.0027,3,US,65,0.001,1,1
449,E0E954E2ED3A2417,3,13,0.002,4,MY,64,0.0009,1,1
450,86F4FF4F6DFC1C,2,21,0.0005,3,US,65,0.0009,1,1
451,25CF67FCED4CB74B,10,31,0.0044,23,ID,65,0.0009,1,1
452,32981D75D1E596B5,2,45,0.023499999999999997,14,PH,65,0.0009,1,1
453,5809EE46E648BE6C,1,10,0.0015999999999999999,4,US,65,0.0009,1,1
454,EBC384A7D83977C3,2,4,0.0,0,VE,63,0.0009,1,0
455,A4A4E065748AC55B,1,2,0.0021999999999999997,2,BR,63,0.0008,1,1
456,B9338DE4C241C53C,2,6,0.0003,1,IQ,65,0.0008,1,1
457,FF12E8A7B6699D42,3,32,0.001,2,MX,63,0.0008,1,1
458,556BAFE7377C2A24,1,45,0.0032,7,IQ,63,0.0008,1,1
459,3D747E6EC233CEFF,3,23,0.0037,1,MX,63,0.0008,1,1
460,8DE283F6CD1490F2,3,57,0.020499999999999997,15,BR,65,0.0008,1,1
461,1CD6A1EE693DF885,4,22,0.0012,6,VE,63,0.0008,1,1
462,1C9C01E39C3E03D5,1,22,0.0036,4,LB,63,0.0008,1,1
463,86AC76FBE4FCF4D3,3,9,0.0011,1,US,65,0.0007,1,1
464,C77B6E993481325A,1,11,0.0,0,PK,63,0.0007,1,0
465,127EF13D5B9CF6F1,2,20,0.0014000000000000002,4,DZ,63,0.0007,1,1
466,E2EAB8510B08E2CE,1,1,0.0,0,MX,63,0.0007,1,0
467,F8A47E2DADCF63F2,2,6,0.0,0,IN,63,0.0007,1,0
468,D88ED1F41D3B53A6,1,1,0.0,0,VN,63,0.0006,1,0
469,6C9DC83B12A8DBAA,1,8,0.0007,3,CO,65,0.0005,1,1
470,155F2BAB7BDEA603,7,16,0.0009,3,BR,65,0.0005,1,1
471,46307503B0112604,1,3,0.0,0,TG,63,0.0005,1,0
472,951B0CB1A1621F47,1,19,0.0024999999999999996,7,US,63,0.0005,1,1
473,31C93F5B34F39326,2,3,0.0,0,US,63,0.0005,1,0
474,53927FE4E139679F,4,34,0.0037,12,DZ,63,0.0005,1,1
475,853D0059C98EB73E,3,10,0.0,0,BR,64,0.0004,1,0
476,E20A78BD726DF611,1,3,0.0003,1,ID,63,0.0004,1,1
477,D5858A567DECDC00,3,6,0.0005,1,CO,65,0.0004,1,1
478,6C9B2E963C23F8E7,1,2,0.0,0,DE,64,0.0004,1,0
479,B717A9C211D96DE9,4,12,0.0011,4,GH,65,0.0004,1,1
480,2CBFB2810DCCB61B,9,22,0.0007000000000000001,4,US,65,0.00030000000000000003,1,1
481,CCEC86F8AB6CF0FA,1,15,0.0008000000000000001,5,EG,63,0.00030000000000000003,1,1
482,63272C3603FBCF16,4,52,0.0129,20,BE,63,0.0003,1,1
483,C32A972FE9A2A3F6,1,5,0.0004,1,CG,63,0.0003,1,1
484,4B8DA23A0F8998F7,1,2,0.0003,1,VN,63,0.0003,1,1
485,4C81D095234354A8,1,4,0.0001,1,US,65,0.0002,1,1
486,509AC438D8B99AC2,2,13,0.0002,2,US,64,0.0002,1,1
487,33B9CE03BB623D4D,3,23,0.0008,5,US,65,0.0002,1,1
488,7AA17A8F928C3729,3,15,0.0015,4,VE,65,0.0002,1,1
489,190D117EEBE0B5DC,1,4,0.0001,1,US,63,0.0002,1,1
490,1DDC8014BAD9B15A,3,48,0.04240000000000001,18,CD,65,0.0002,1,1
491,C80D8505C3EFCDC4,2,26,2.545,4,US,64,0.0,0,1
492,2866ABD755BB11B4,1,2,0.0,0,ID,64,0.0,0,0
493,C7795B723868B221,3,25,0.0,0,BJ,64,0.0,0,0
494,ACBE37FAECA4283,3,18,0.0,0,US,65,0.0,0,0
495,44285267CFC932B4,1,3,0.0,0,US,65,0.0,0,0
496,988328B4130B4FD1,1,6,0.0,0,BF,65,0.0,0,0
497,3CD17B9BD4232CC9,3,20,0.0403,4,US,65,0.0,0,1
498,9257EB5FA4AD4500,4,12,0.0,0,DZ,65,0.0,0,0
499,DD6ADBF9801CEAD,6,50,0.0,0,DZ,63,0.0,0,0
500,3fe84230-4d0c-4edf-80dd-5a9b586b1e5b,2,18,0.0,0,NP,63,0.0,0,0
501,54354370E219865F,5,28,0.0,0,VE,64,0.0,0,0
502,670783de-6590-4829-98c5-a184ecc6e91e,4,41,0.0,0,IN,64,0.0,0,0
503,388C2B2C3C646BDD,2,14,0.0276,2,BR,65,0.0,0,1
504,E360B3F51959A9A8,2,2,0.0,0,US,65,0.0,0,0
505,F16AD1A609C3E905,1,7,0.0,0,UA,64,0.0,0,0
506,89838C51A7A4C634,1,3,0.0,0,PH,65,0.0,0,0
507,C30DC77465368582,1,5,0.0,0,UA,63,0.0,0,0
508,80d58d93-21ef-41aa-adbf-d6d633b5188f,3,12,0.0,0,MA,63,0.0,0,0
509,737EA7D9A189DB26,1,12,0.0189,1,SG,65,0.0,0,1
510,1D41A42453D6334D,1,3,0.0,0,US,65,0.0,0,0
511,119D19B923BC2CEA,1,1,0.0,0,NL,65,0.0,0,0
512,D36E8BFE163A3E2,2,4,0.0,0,US,65,0.0,0,0
513,0dff01c8-e5de-46ec-bc32-81c966ff1e9c,3,4,0.0,0,LY,64,0.0,0,0
514,AF65F292E876F4A5,3,14,0.0017000000000000001,2,NG,63,0.0,0,1
515,1AD1FA6BC44B7307,3,5,0.0177,1,US,65,0.0,0,1
516,B1739AD41B472BB3,1,6,0.0279,1,US,63,0.0,0,1
517,DC38E5B149778601,2,92,0.0454,29,CL,64,0.0,0,1
518,BF8BD571AA5C2A68,38,200,0.0,0,MM,64,0.0,0,0
519,A137412AB7135CE1,1,45,0.020700000000000003,6,NG,65,0.0,0,1
520,7B87BD7A724653EA,1,6,0.0217,1,GB,65,0.0,0,1
521,27369C6167DAC892,1,5,0.0,0,US,63,0.0,0,0
522,68B7CCC926A2F95A,2,2,0.0,0,VE,63,0.0,0,0
523,A1BF1E0FAF991BDD,5,25,0.007199999999999999,7,EC,64,0.0,0,1
524,6492AB71043353D7,7,19,0.0016,2,TN,64,0.0,0,1
525,FD2F0AA1AC8358B4,1,3,0.02,1,RU,63,0.0,0,1
526,51F1A81D8140783,2,6,0.0,0,JP,65,0.0,0,0
527,71B755C538D073C6,3,8,0.0,0,JP,65,0.0,0,0
528,796C2C2169713850,3,11,0.0604,3,AU,64,0.0,0,1
529,F0374223BCE1E775,1,7,0.0299,1,US,63,0.0,0,1
530,58BD3CC5DF1B5C58,1,4,0.0,0,NP,63,0.0,0,0
531,46d1e1ef-48fa-435a-a095-9ad8884860f1,1,1,0.0,0,UA,64,0.0,0,0
532,f5082909-30e0-478b-9953-4ffdb434091f,2,2,0.0,0,CA,64,0.0,0,0
533,71E590EF571B402A,3,8,0.0,0,NP,63,0.0,0,0
534,33703C8A30DCEC28,1,5,0.0,0,BD,64,0.0,0,0
535,1D7D3E8F707C0503,1,4,0.0,0,GM,65,0.0,0,0
536,d2fed76f-b9e7-413a-a4d0-45269ad004b7,2,4,0.0,0,BR,64,0.0,0,0
537,EB4EDF5287649EC2,2,4,0.0,0,MX,64,0.0,0,0
538,ac2c5251-8408-4b8f-a574-0555435e2a2e,1,1,0.0,0,CA,64,0.0,0,0
539,fb29f4e2-3423-4672-b6d0-acd31da4238f,2,2,0.0,0,CG,64,0.0,0,0
540,b046da05-ac2f-40e2-8181-8805e7414d3e,1,1,0.0,0,DZ,64,0.0,0,0
541,7B701FFB13E4D5B4,2,14,0.0,0,IN,64,0.0,0,0
542,D337ADD6AA9CB385,1,3,0.0,0,AR,64,0.0,0,0
543,F0B76547DD637D61,2,2,0.0,0,US,64,0.0,0,0
544,3FF3B7BD8EDEFE44,4,44,0.6348,11,JP,65,0.0,0,1
545,1d1c4b7b-6df0-4fd7-9e91-380c3e0cc7ef,2,2,0.0,0,PK,64,0.0,0,0
546,daac223d-6314-4bce-ad50-a7e00e48e9d1,1,1,0.0,0,JM,63,0.0,0,0
547,3CB6A4F594DB878E,1,4,0.0,0,PK,64,0.0,0,0
548,5d596d6f-8da9-4c2f-bdd1-3d0415b3ec5c,2,2,0.0,0,EG,63,0.0,0,0
549,67ee5ef8-b524-49eb-b3f2-f946701e495a,1,5,0.0,0,DZ,63,0.0,0,0
550,589D46F0C9F7E36A,4,30,0.0,0,NL,65,0.0,0,0
551,703A45C75414F61F,3,14,0.0357,4,US,65,0.0,0,1
552,A81FE4544AB196AF,6,24,0.0007999999999999999,2,DZ,65,0.0,0,1
553,C4E577A25C832D25,6,65,0.0331,25,PE,65,0.0,0,1
554,1FD84464B3F032F7,1,8,0.0043,1,PH,63,0.0,0,1
555,5321F2B566A200F,1,3,0.0,0,MX,65,0.0,0,0
556,C8829A1500AD5496,1,4,0.0,0,JM,65,0.0,0,0
557,F4DD8E0987F9FB2D,1,3,0.0,0,US,63,0.0,0,0
558,56F9F2B5FA8E3DE8,4,15,5.512099999999999,3,CA,65,0.0,0,1
559,17F3A0A1822F9FCC,1,1,0.0,0,NG,63,0.0,0,0
560,c6511406-0ff7-4b0a-93af-aa6cad22afd6,1,1,0.0,0,GB,65,0.0,0,0
561,cd10c5ed-dd9b-4de6-bb8d-099de587cb81,1,1,0.0,0,BR,63,0.0,0,0
562,F6C979DEA5DC8BE3,1,1,0.0,0,US,64,0.0,0,0
563,f2359b4c-3b54-4458-9cc9-22368caa7594,3,41,0.0,0,EG,63,0.0,0,0
564,83783C3E39FDC4DB,3,33,0.4467,6,US,65,0.0,0,1
565,EACCF7B3F2B03BD5,2,17,0.0629,3,US,64,0.0,0,1
566,76E7D0868A8E987A,1,9,0.00030000000000000003,2,BO,63,0.0,0,1
567,41A666D2BE308E25,1,11,0.0,0,DZ,64,0.0,0,0
568,963027555A81B63E,2,6,0.0002,1,IN,65,0.0,0,1
569,85D9613749B04792,1,4,0.0,0,AO,64,0.0,0,0
570,6DD718ED2CFF8088,13,99,0.0265,5,NG,64,0.0,0,1
571,4DDB79A3E681C952,1,4,0.0,0,AO,65,0.0,0,0
572,ff2dabda-6ccd-455e-9a20-a76156a28aad,1,1,0.0,0,MA,64,0.0,0,0
573,6F877549FD9E0313,2,6,0.0021,1,BR,64,0.0,0,1
574,820CE9B10DBAA6D2,1,4,0.0,0,AR,65,0.0,0,0
575,E78D44498104AE4C,1,27,0.0003,1,VE,63,0.0,0,1
576,E53EB0513B939925,1,1,0.0,0,AR,65,0.0,0,0
577,6E84A00D53C6EE42,2,20,0.020900000000000002,6,CA,65,0.0,0,1
578,A0887A4FA1752C6D,4,25,0.0,0,LY,65,0.0,0,0
579,DFBB8C81C68B2B89,1,12,0.0,0,VE,64,0.0,0,0
580,97c3e1e6-fcbf-4efe-a3aa-e831df59112d,2,2,0.0,0,IQ,65,0.0,0,0
581,1BFF079AAEC0E5EC,2,12,0.09619999999999998,7,US,64,0.0,0,1
582,6d76b93d-b810-4f41-ae7c-0d6ed67a0be8,1,1,0.0,0,MX,64,0.0,0,0
583,9c32ef99-9739-427d-842c-e101393983d5,2,6,0.0,0,MA,63,0.0,0,0
584,3AB9D6F1E8BAB8D3,1,2,0.0,0,PA,65,0.0,0,0
585,a58e6673-5dc3-40b6-8ecf-ed7cee208cbe,1,1,0.0,0,IN,64,0.0,0,0
586,424459004B10D09,8,23,0.0,0,NI,65,0.0,0,0
587,8C25379E7EB817B1,1,7,0.0,0,DZ,65,0.0,0,0
588,a0bd09e1-dccb-4472-ae0f-a1cc35a282b5,2,3,0.0,0,SN,63,0.0,0,0
589,9D34312392DE5B70,5,15,0.0,0,US,65,0.0,0,0
590,C79A5F84C8B5311,1,1,0.0,0,DZ,63,0.0,0,0
591,62F4C732F8C0AA75,5,26,0.0967,1,US,65,0.0,0,1
592,F8492EDBC0898B11,1,1,0.0,0,US,63,0.0,0,0
593,8235DA176474A985,2,3,0.0,0,NP,63,0.0,0,0
594,6C1E94D8458B2D96,1,1,0.0,0,IN,65,0.0,0,0
595,1C787BC34A63A09D,2,2,0.0,0,US,63,0.0,0,0
596,6BEFEA0972F03537,3,52,0.0017000000000000003,15,CA,65,0.0,0,1
597,9345371F7B6A574D,2,25,0.0072,2,BR,63,0.0,0,1
598,69E820580EA1D02D,4,22,0.0071,6,GU,65,0.0,0,1
599,D3B379C835A34DFC,1,6,0.0012,2,IN,64,0.0,0,1
600,8A0B303C3B16C331,2,22,0.045799999999999993,6,BE,64,0.0,0,1
601,7B490DA021DFA609,3,13,0.0013,3,US,64,0.0,0,1
602,97149B9D1DFF3E68,4,15,0.0,0,US,65,0.0,0,0
603,82B6402F9A503C3B,1,3,0.0,0,CA,64,0.0,0,0
604,45A6524F698B3CA2,1,2,0.0005,1,PH,64,0.0,0,1
605,8F378E2FCE7B304C,1,4,0.0,0,US,65,0.0,0,0
606,78A4F4248EE17627,4,32,0.0004,1,DZ,63,0.0,0,1
607,32706014ACC586B1,2,3,0.0031,1,DE,64,0.0,0,1
608,60F318CD43D08C4A,1,2,0.0,0,IL,65,0.0,0,0
609,A6CA36226DF91F34,3,3,0.0,0,AU,64,0.0,0,0
610,28A4156F3312CB2,1,1,0.0,0,LK,63,0.0,0,0
611,75463880A21D092A,2,3,0.0,0,MX,64,0.0,0,0
612,CA666A17657DAE5F,2,15,0.0,0,US,64,0.0,0,0
613,919a6a7c-04f7-4df8-b0c9-761f7d6c46a0,4,41,0.0,0,PH,65,0.0,0,0
614,89E7ECE7D0839BAA,1,27,0.3204,3,US,65,0.0,0,1
615,F28290A25F51A1B8,1,15,0.0011,5,VE,65,0.0,0,1
616,39CB2ADA76382A31,4,16,0.029500000000000002,3,US,65,0.0,0,1
617,21100E3809624629,3,26,0.0206,1,US,65,0.0,0,1
618,173CB159247445B5,2,26,0.0053,2,PH,64,0.0,0,1
619,F4C6C7DBA1BCE9B6,1,16,0.0571,5,GB,64,0.0,0,1
620,da54dcad-7bf9-4882-9b84-390ba1936c3e,2,2,0.0,0,VE,63,0.0,0,0
621,805D4632BCDFCD0F,2,3,0.0,0,US,65,0.0,0,0
622,51FB32389CF4D82F,3,30,0.35800000000000004,5,US,65,0.0,0,1
623,A5CD023FD0A6EE0C,1,2,0.0,0,MQ,65,0.0,0,0
624,91FAEFA78263A86A,1,5,0.0,0,VE,63,0.0,0,0
625,b11aa9bd-a173-4bac-a2f3-3c7cab0f01b3,3,3,0.0,0,IQ,65,0.0,0,0
626,8037EDEFBD5F6C80,2,5,0.0,0,BO,64,0.0,0,0
627,593A79C1FB68A7CB,17,43,0.0,0,IN,63,0.0,0,0
628,134d94b2-c229-42a6-9d39-145a1da55399,1,1,0.0,0,VE,63,0.0,0,0
629,75c28a04-a33f-4403-9d0d-716129c83827,1,1,0.0,0,ML,63,0.0,0,0
630,BFD9154176DAFC7A,1,1,0.0,0,US,63,0.0,0,0
631,5ac86833-6123-40c8-82c5-a3cc2dd3d35e,1,32,0.0,0,LA,64,0.0,0,0
632,6F344D5FDB9972FD,1,2,0.0,0,US,65,0.0,0,0
633,A5870B02847FA7A9,1,18,0.0025,1,ZA,65,0.0,0,1
634,F3C8C3A4BCEB69B0,2,7,0.0,0,VE,65,0.0,0,0
635,8802626C3CEE3837,3,5,0.0,0,SX,65,0.0,0,0
636,774E8B0D3BEB4F5B,2,5,0.0,0,US,64,0.0,0,0
637,38DABE24CC2B206E,1,3,0.0,0,US,65,0.0,0,0
638,269f16be-6ac5-41dd-a4a7-1475b510fc38,1,1,0.0,0,TN,63,0.0,0,0
639,caad33be-21af-45aa-9bf3-0ca29b291199,3,4,0.0,0,CA,64,0.0,0,0
640,1BCB602971DB0798,1,2,0.0,0,US,64,0.0,0,0
641,9db8dc7e-d83d-4d4c-85d3-96b1766470cc,1,1,0.0,0,IN,64,0.0,0,0
642,736E382D99F29CC6,1,2,0.0,0,US,63,0.0,0,0
643,EC778993F2E0F5F2,7,52,0.0,0,PH,63,0.0,0,0
644,EB9D7E1145F4DF6F,1,19,0.0123,5,BE,65,0.0,0,1
645,7F80080D8AC14488,1,1,0.0,0,TN,65,0.0,0,0
646,EA1E2F7AF096A8FB,1,5,0.0,0,LY,63,0.0,0,0
647,A551C88134C58B4A,3,17,0.0904,2,GB,65,0.0,0,1
648,BEADCF470FAEAD2,3,9,0.0,0,TH,65,0.0,0,0
649,1067F973B968DF47,1,19,0.10300000000000001,1,US,65,0.0,0,1
650,4ACC7829C1852A8B,1,26,0.0493,4,US,65,0.0,0,1
651,63FEB1A3083C8AA1,5,37,0.1445,7,US,64,0.0,0,1
652,F98EEFB5F1D8B611,5,9,0.0,0,PK,63,0.0,0,0
653,703F4B8DA796857E,1,3,0.0,0,EG,65,0.0,0,0
654,4286153244A456D5,1,8,0.0,0,US,63,0.0,0,0
655,2E4AFFBA1FAE10D8,2,29,0.0,0,ID,65,0.0,0,0
656,374A74C832871583,2,67,0.20880000000000004,19,US,64,0.0,0,1
657,296C0656159350CB,2,6,0.0,0,DE,63,0.0,0,0
658,C8B5C9B604640F9A,2,4,0.0,0,BR,65,0.0,0,0
659,c29ec361-51a1-4190-a008-deee7614d6c5,1,1,0.0,0,CO,64,0.0,0,0
660,2CFD42D0C3BF3BA,2,6,0.0,0,NI,63,0.0,0,0
661,B264B5E64A5CF2E9,2,4,0.0,0,US,65,0.0,0,0
662,4D1E974234C14510,2,4,0.0,0,GD,65,0.0,0,0
663,150C8B6EB7C0A79B,1,3,0.0,0,CO,64,0.0,0,0
664,93F703B8EF5DEDD8,5,33,0.0265,13,DE,65,0.0,0,1
665,48ae668e-d451-4e9b-b3fa-2a3e26f32c06,1,1,0.0,0,US,65,0.0,0,0
666,8015cdb2-e0ac-42ae-b5f3-eec7ca25a159,2,2,0.0,0,IQ,65,0.0,0,0
667,A04B76428362DDB9,1,1,0.0,0,UA,65,0.0,0,0
668,74979a47-6a6c-4f8d-96f0-e0f99a46aed5,1,1,0.0,0,CO,64,0.0,0,0
669,6539BD9A32DAB5B9,2,2,0.0,0,US,63,0.0,0,0
670,f740f8b5-a080-49b3-b49e-06555f3d334d,1,1,0.0,0,ZA,63,0.0,0,0
671,7B872D421E0DEA6B,1,54,0.11170000000000001,10,US,65,0.0,0,1
672,e429a645-54bb-4cca-80f9-d290e5e905f9,2,22,0.0,0,ID,65,0.0,0,0
673,9C01AB10E92434F,3,27,0.0,0,US,65,0.0,0,0
674,F108624CBB00A46C,4,40,0.050199999999999995,10,MX,65,0.0,0,1
675,fedae4e9-978b-4c29-ac48-2e19bc8267f2,1,1,0.0,0,IQ,65,0.0,0,0
676,26BE4C5B17ABBDA8,1,6,0.0004,1,DZ,63,0.0,0,1
677,55B7996A4C580FEF,3,9,0.0,0,JP,65,0.0,0,0
678,f72f7aee-90ae-4060-828f-a8b2abae57c5,1,1,0.0,0,CM,63,0.0,0,0
679,F0CB9900B4DFE5CD,2,11,0.0006000000000000001,3,VE,65,0.0,0,1
680,FAC3D94631696314,1,8,0.0,0,CI,65,0.0,0,0
681,232BD4D84424F59C,2,5,0.0,0,CA,64,0.0,0,0
682,7D0D803AF825EB7D,3,8,0.0,0,US,65,0.0,0,0
683,7E2237E7D092B497,2,3,0.0,0,CA,63,0.0,0,0
684,411D6ED417BA68E6,2,2,0.0,0,LC,65,0.0,0,0
685,E0C5B017B553910,2,2,0.0,0,AR,64,0.0,0,0
686,536a22ed-e713-4fec-a085-ef51462ad0cf,2,2,0.0,0,CL,64,0.0,0,0
687,460ECB7544F0BEB2,1,1,0.0,0,IN,63,0.0,0,0
688,d59bdb89-5633-426e-bc76-75c6572f22db,1,1,0.0,0,MX,64,0.0,0,0
689,D814F982923F448B,1,6,0.0,0,GY,64,0.0,0,0
690,24B1FBC77EB9C476,2,21,0.017800000000000003,7,BR,65,0.0,0,1
691,BBAE4815BCCAE14E,5,19,0.003999999999999999,6,CO,65,0.0,0,1
692,C27B414C4367DF8B,2,30,0.0,0,DZ,64,0.0,0,0
693,C1D6FE178496F41F,2,32,0.27949999999999997,6,US,65,0.0,0,1
694,43A951B9A92DBEE7,1,3,0.0,0,IR,65,0.0,0,0
695,B90D7FF9FFD9D529,2,8,0.0,0,DO,63,0.0,0,0
696,3a317fe6-340f-4a55-833f-fc05f1bc401d,1,1,0.0,0,PT,63,0.0,0,0
697,5EC6B8CE81CBE39,1,9,0.0,0,DE,64,0.0,0,0
698,2897F757FF4A1276,2,14,1.038,3,US,64,0.0,0,1
699,2D134B5EEEA75697,1,2,0.0,0,MA,64,0.0,0,0
700,9421D991EA285365,1,4,0.0,0,US,64,0.0,0,0
701,8457794DD9D5BF2E,1,1,0.0,0,US,63,0.0,0,0
702,2646670c-fa7e-4cdf-9202-0146f81d87ab,1,1,0.0,0,CA,63,0.0,0,0
703,57781DB92AFB8216,1,4,0.0,0,IQ,63,0.0,0,0
704,B253A663E272259E,2,8,0.0,0,LY,65,0.0,0,0
705,4cbba95f-5555-4b6b-ad0b-c47b55d96d5c,2,2,0.0,0,IN,65,0.0,0,0
706,CB9713BA2A756E28,3,6,0.0,0,CA,65,0.0,0,0
707,482b3851-32ea-4036-a784-1cb0bbd2ea3a,3,53,0.0,0,DZ,63,0.0,0,0
708,3A18002631D0AD36,2,5,0.0,0,NG,64,0.0,0,0
709,6CAAA269BCD22755,3,28,0.0038000000000000004,10,LY,65,0.0,0,1
710,F3F35280887A9D1,1,19,0.12490000000000001,6,CA,65,0.0,0,1
711,64F92D88B66D6546,1,5,0.0,0,US,65,0.0,0,0
712,d23d9e95-6ecd-4e0a-a9fc-c92db4d164bc,1,4,0.0,0,VE,64,0.0,0,0
713,a9662fc4-3a72-433a-8126-4f671c4fa4d8,1,1,0.0,0,IN,63,0.0,0,0
714,7D0E8D64D999916C,1,4,0.0,0,GB,64,0.0,0,0
715,7BABA919C64BF46B,2,6,0.0,0,LA,64,0.0,0,0
716,2E3B3DDD91400BE3,1,3,0.0,0,US,64,0.0,0,0
717,856966E0E84D164A,1,1,0.0,0,CA,65,0.0,0,0
718,66001A1A89EDF8B0,1,2,0.0,0,US,63,0.0,0,0
719,2C2569FA8E425A23,3,4,0.0,0,VE,65,0.0,0,0
720,BF783B2F8DDCEEFD,1,2,0.0,0,US,65,0.0,0,0
721,DA06DB607DE8DD60,3,10,0.0,0,NG,64,0.0,0,0
722,e5dbeb13-10a0-4b2f-b95b-c28e4710cd8f,2,2,0.0,0,IQ,63,0.0,0,0
723,55E81ABE4925548C,5,13,0.0,0,DZ,64,0.0,0,0
724,9E786AC98D629BC1,1,14,0.0008,2,IN,63,0.0,0,1
725,5CB430A50EB6E3EC,1,25,0.11630000000000001,7,MY,65,0.0,0,1
726,DD8090A2D89B8210,4,63,0.0528,20,VN,65,0.0,0,1
727,DF4D372F51F1717,4,27,0.0007,4,US,65,0.0,0,1
728,EF43293AE7CFBF62,2,2,0.0,0,PK,63,0.0,0,0
729,168BA276DA77CF45,1,1,0.0,0,PE,64,0.0,0,0
730,F406FAA8B097B7FB,2,8,0.0,0,NG,63,0.0,0,0
731,0668d30a-b086-4cad-8618-11dd9fce7cb6,1,1,0.0,0,US,63,0.0,0,0
732,2F069F88C25C9360,1,4,0.0,0,IN,65,0.0,0,0
733,D1419DB0ECA3A282,2,2,0.0,0,ID,64,0.0,0,0
734,DCF53E27AAEC88AF,1,3,0.0,0,US,65,0.0,0,0
735,9D2912E2644CC647,1,2,0.0,0,UA,63,0.0,0,0
736,7e8a8076-9470-4ae5-9e9c-dd7ad19bd9ce,1,1,0.0,0,DZ,63,0.0,0,0
737,CC30E29BEE7A4160,1,3,0.0008,1,US,65,0.0,0,1
738,C388AA96E8185948,3,12,0.0133,2,BE,65,0.0,0,1
739,CCED2E1D8CC6D698,5,15,0.0,0,IQ,63,0.0,0,0
740,601c1614-b3e4-49e4-99fe-83d86a87269e,1,1,0.0,0,NP,63,0.0,0,0
741,28f5c6b6-fc12-447e-bfd8-b42ceb26cc59,1,1,0.0,0,MX,63,0.0,0,0
742,C17E74DF75F7D6A6,1,19,0.026099999999999998,4,BE,64,0.0,0,1
743,474C7439713A19E8,4,22,0.004399999999999999,4,BR,64,0.0,0,1
744,C4096A7B17D98C4F,3,16,0.018000000000000002,5,US,65,0.0,0,1
745,A9191FD623863389,2,9,0.0,0,CO,65,0.0,0,0
746,A89AD40574592BB0,1,19,0.0,0,NP,65,0.0,0,0
747,4390B3275DF0FCCF,2,3,0.0,0,US,63,0.0,0,0
748,F69A515D7ABFC2A3,1,1,0.0,0,IN,63,0.0,0,0
749,189AB58D88642FDB,1,7,0.0,0,CL,63,0.0,0,0
750,29BF9348DB99C610,2,6,0.0,0,BO,64,0.0,0,0
751,A2293DFC15229231,1,3,0.0,0,DE,65,0.0,0,0
752,992499A78594B59A,1,3,0.0,0,US,64,0.0,0,0
753,9592BC04483CCBE5,1,4,0.0,0,IN,64,0.0,0,0
754,E5961E114888B1D7,2,23,0.0066,5,AZ,65,0.0,0,1
755,49A78E442F859367,1,3,0.0,0,IQ,63,0.0,0,0
756,6E76FBDFDE199240,2,5,0.0004,1,US,63,0.0,0,1
757,3B20C30F9D664F00,4,7,0.0,0,US,65,0.0,0,0
758,6F7D88090ADF7356,1,1,0.0,0,DO,63,0.0,0,0
759,D911405FC6D30948,1,3,0.0,0,US,65,0.0,0,0
760,8C9521E7F33D09CE,2,7,0.0,0,PH,63,0.0,0,0
761,599932792668A4DE,13,53,0.0,0,US,63,0.0,0,0
762,1858CC111C884717,2,12,0.0033,3,VN,63,0.0,0,1
763,9BC46E1C49FB1A47,1,5,0.0,0,IN,64,0.0,0,0
764,14F97A48FB4B89DF,1,5,0.0,0,US,63,0.0,0,0
765,1E9DD37D364997FA,4,26,0.058800000000000005,8,GB,65,0.0,0,1
766,5BA0AAE7EFE90B69,1,5,0.0,0,VE,63,0.0,0,0
767,975AD5F0EFBBD235,1,32,0.0008,2,DZ,65,0.0,0,1
768,4c4bb2d1-29b6-49f4-be17-cf67a5de7bcb,2,2,0.0,0,UY,65,0.0,0,0
769,CA0E357798B4866C,1,7,0.0046,2,PH,65,0.0,0,1
770,290B7430A6D4B087,1,6,0.0059,2,US,63,0.0,0,1
771,c002d58f-ab4a-4352-9b4e-e0e3c3970178,6,42,0.0,0,SZ,63,0.0,0,0
772,24572AABCC26EAA3,1,2,0.0,0,MX,63,0.0,0,0
773,E99B264561EAFE76,1,3,0.0,0,US,64,0.0,0,0
774,1ea0c967-c771-454f-82bb-50b1d9a5625b,1,2,0.0,0,EG,64,0.0,0,0
775,10A1432B0D492B10,1,3,0.0,0,CA,63,0.0,0,0
776,5FD14BD704F6E9AE,1,4,0.0,0,US,65,0.0,0,0
777,CB0B2A442B1AC4D7,1,1,0.0,0,US,64,0.0,0,0
778,6089F5FE265FB3CE,1,32,0.5065000000000001,12,US,65,0.0,0,1
779,416DC1928F8A719F,2,15,0.0,0,JP,63,0.0,0,0
780,B6832B028347C522,2,18,0.0,0,RU,65,0.0,0,0
781,7F74B6D89B26900E,1,27,0.0317,6,CL,65,0.0,0,1
782,5666B9BFD42025DA,1,3,0.0,0,US,65,0.0,0,0
783,B64ECAC25DC7D6E1,1,9,0.00030000000000000003,2,LY,63,0.0,0,1
784,5D86C7BE4280E07F,2,4,0.0203,1,MY,64,0.0,0,1
785,BD82E9D6C20146B1,3,22,0.0004,1,DZ,63,0.0,0,1
786,C3DDDA208316E39E,1,5,0.0,0,SA,65,0.0,0,0
787,8b264f46-affa-4b46-8729-992a8e5d0fcd,1,1,0.0,0,VE,65,0.0,0,0
788,C3223814BFC13B47,2,10,0.0022,2,DZ,65,0.0,0,1
789,750DD084F83ACDCD,2,7,0.0,0,US,65,0.0,0,0
790,80A63C28252FAE58,1,7,0.0054,1,US,65,0.0,0,1
791,3E03685E833BAC44,3,27,0.0,0,CU,64,0.0,0,0
792,BB3D48DD1D88B9B3,1,3,0.0,0,US,64,0.0,0,0
793,1D0C4C91DD4FE007,1,3,0.0,0,MA,63,0.0,0,0
794,726A3B12B2678C1,1,3,0.0,0,NG,65,0.0,0,0
795,77655bc1-bf0d-4e11-94f3-10b43e5c426f,1,1,0.0,0,US,65,0.0,0,0
796,CB9B4629E0C2CF90,1,1,0.0,0,DE,64,0.0,0,0
797,6A1CC864EA0056C9,1,18,0.019700000000000002,3,NL,63,0.0,0,1
798,D8A713363A549899,1,7,0.0036,2,US,64,0.0,0,1
799,DD22F1279094FFE9,1,7,0.0758,1,US,63,0.0,0,1
800,95C561295B79743C,1,3,0.0,0,YE,63,0.0,0,0
801,D9B628E2D79E9CAD,1,24,0.493,4,US,65,0.0,0,1
802,ACC2E378811E6036,1,4,0.0,0,US,65,0.0,0,0
803,C18B39933B4D6F08,1,3,0.0,0,FI,65,0.0,0,0
804,81DABAD4B376E963,1,4,0.0,0,LY,64,0.0,0,0
805,43f37d9c-7c93-45d4-ab95-b4accf419e2c,1,1,0.0,0,BR,64,0.0,0,0
806,e2899717-ccba-4ead-aa47-5b260c8e3aa7,1,5,0.0,0,LY,63,0.0,0,0
807,bb49a408-31e5-45aa-93c7-2f08236fa062,2,2,0.0,0,US,64,0.0,0,0
808,a5b5010a-ac5e-4969-bf16-218e2e6aa00a,1,1,0.0,0,IQ,64,0.0,0,0
809,8BB4534DEBA47B4E,1,12,0.1176,3,US,63,0.0,0,1
810,7AF119B5C259BCB7,1,18,0.0016,1,IQ,63,0.0,0,1
811,E03298CE9F4627F6,1,5,0.0,0,VE,63,0.0,0,0
812,FE09C8DF6D0314A0,2,9,0.0048000000000000004,2,IQ,65,0.0,0,1
813,FA1F336B40A40C8E,1,5,0.0,0,VE,63,0.0,0,0
814,D9F8995C1230F238,2,4,0.0,0,US,63,0.0,0,0
815,64B7EEED54458539,1,7,0.0272,2,US,64,0.0,0,1
816,E6E591081FB2E692,1,9,0.0105,1,US,65,0.0,0,1
817,96C50C0892CBA38E,1,6,0.0002,1,ID,64,0.0,0,1
818,9D013EF72C8B679E,1,4,0.0,0,CA,65,0.0,0,0
819,6F0A8C6B178EF613,1,3,0.0,0,IQ,64,0.0,0,0
820,AFFB6CC74DDB3009,1,4,0.0012,1,BR,63,0.0,0,1
821,D4600048BDE5B120,2,8,0.0,0,MX,64,0.0,0,0
822,13B2F5219374E591,1,2,0.0,0,NZ,63,0.0,0,0
823,18D3964D0A520DD0,1,3,0.0,0,DZ,65,0.0,0,0
824,c9cd0fc2-b2ca-4ee5-99ed-afb24283ca91,2,2,0.0,0,IQ,64,0.0,0,0
825,f705f093-09fd-4a37-a04b-c2965d4ac2ed,1,1,0.0,0,DZ,63,0.0,0,0
826,58645BBAF6147C88,1,1,0.0,0,EG,63,0.0,0,0
827,BEA3B2C88A11208E,10,22,0.0,0,DZ,64,0.0,0,0
828,FC56426EB34373AA,4,20,0.0,0,IQ,65,0.0,0,0
829,c90faa1e-ec43-4100-8cdc-5a9d44f16961,1,1,0.0,0,CL,65,0.0,0,0
830,9C07488D32EF1895,2,24,0.0,0,VE,65,0.0,0,0
831,88BCC5C52DC6F356,1,7,0.0508,2,US,63,0.0,0,1
832,ec2dc62a-d767-496e-8f74-9e5295b5feb5,1,1,0.0,0,JM,64,0.0,0,0
833,b7dee9ce-bc9d-463c-872b-250100ecbbb9,1,1,0.0,0,DE,64,0.0,0,0
834,96faaccb-3521-43b7-b531-9cff30f2a0e2,2,2,0.0,0,IN,64,0.0,0,0
835,F50B21363E254F6E,1,8,0.0,0,PK,64,0.0,0,0
836,848E94E4A37FD78D,1,7,0.0,0,DZ,65,0.0,0,0
837,593CA28806F17BD7,2,3,0.0,0,PH,63,0.0,0,0
838,70A3506734A4BB42,1,3,0.0,0,US,64,0.0,0,0
839,B95C948229D424C0,1,8,0.0,0,US,65,0.0,0,0
840,A657F88CCEA2EBBC,5,14,0.0032,1,US,65,0.0,0,1
841,41D098813A0C2FB7,1,3,0.0,0,BD,65,0.0,0,0
842,fd134511-92b2-49da-8f0a-4eaa96de2d9e,1,1,0.0,0,US,65,0.0,0,0
843,A5E88ED7BFB0F7A0,2,4,0.0,0,CA,63,0.0,0,0
844,daa6c557-18e6-4902-b079-14ac37131bce,1,1,0.0,0,MA,63,0.0,0,0
845,AE20AF09D66A8C52,2,2,0.0,0,US,63,0.0,0,0
846,9A938B87D85A8D68,1,2,0.0,0,CO,65,0.0,0,0
847,590A430B2210ACA8,3,5,0.0,0,VE,64,0.0,0,0
848,32852DF8C52F1937,1,18,0.031599999999999996,5,CO,65,0.0,0,1
849,3C994300B35FEC84,3,17,0.1397,4,US,65,0.0,0,1
850,7FD82095C6FCAF42,2,3,0.0,0,US,63,0.0,0,0
851,251C98CD84D1AD53,1,7,0.014499999999999999,2,US,65,0.0,0,1
852,66f65eff-7de2-4fef-b17a-08f6ba17db73,1,6,0.0,0,NG,64,0.0,0,0
853,4719AAEA5D7E9BD7,1,5,0.0,0,JP,65,0.0,0,0
854,B17C9D4AA28F900E,2,10,0.0,0,CA,64,0.0,0,0
855,B0DB6FF0BDEE6AD0,1,1,0.0,0,US,65,0.0,0,0
856,39F7533687EC0D4A,2,2,0.0,0,US,63,0.0,0,0
857,BF501DACE0828E3C,1,1,0.0,0,DZ,63,0.0,0,0
858,A35AAFCEB54B833A,1,1,0.0,0,DO,63,0.0,0,0
859,FF12AE8425E8B398,3,48,0.1724,13,US,65,0.0,0,1
860,1D747997AF88E3DC,2,16,0.0031,1,CO,64,0.0,0,1
861,D98B684C118E50F9,1,12,0.0206,1,US,64,0.0,0,1
862,734D039B70043DE4,1,9,0.0,0,CL,64,0.0,0,0
863,E98DC23D72E2BC22,5,15,0.04499999999999999,11,FR,63,0.0,0,1
864,AAAB6349917E5568,5,80,0.13289999999999996,31,US,65,0.0,0,1
865,32CACFA9905A6FF0,1,3,0.0,0,NZ,64,0.0,0,0
866,6d6a0630-7c88-400d-a096-c6a2ddacb17a,2,2,0.0,0,BR,64,0.0,0,0
867,2125783D81B823A5,1,4,0.0,0,NI,64,0.0,0,0
868,2db0e282-d43c-4b38-8036-fc21b19eb322,1,1,0.0,0,CO,65,0.0,0,0
869,6EBB32D5A1672255,1,3,0.0,0,MX,64,0.0,0,0
870,30773AA048108D05,2,5,0.0,0,CA,65,0.0,0,0
871,253F519719D1A4EF,1,2,0.0,0,EG,65,0.0,0,0
872,1F1044E64CCCF162,2,2,0.0,0,GB,63,0.0,0,0
873,d614e71a-c887-4a00-aac5-2309632c98fc,1,1,0.0,0,BR,64,0.0,0,0
874,17CBBBAD52046B7C,3,23,0.0,0,DK,63,0.0,0,0
875,15AA470F508735D4,2,13,0.001,3,DZ,65,0.0,0,1
876,55BC332BB5309388,2,8,0.0,0,US,63,0.0,0,0
877,F4ED0C5736922A1C,1,1,0.0,0,VE,65,0.0,0,0
878,117be160-9d47-4298-8da0-c9e8f06fe64e,2,2,0.0,0,MA,65,0.0,0,0
879,63CFF4608E5940B2,1,3,0.0,0,US,65,0.0,0,0
880,cb4918b4-be72-42f3-9028-22350e9292ee,3,3,0.0,0,IN,63,0.0,0,0
881,22b1e87a-0fc4-4234-a01f-308843b6bb10,1,1,0.0,0,AR,63,0.0,0,0
882,ac63c473-f82b-40b7-966b-a93a7dea6fe6,1,1,0.0,0,ID,64,0.0,0,0
883,4c3a5840-2017-4b3f-ae05-6ac9d7d10a74,1,1,0.0,0,US,64,0.0,0,0
884,B390F881E3A54815,3,32,0.0,0,VE,65,0.0,0,0
885,69BF53C4ADDA17E0,3,7,0.0,0,JP,65,0.0,0,0
886,997AD82EDC686B1A,2,8,0.0041,3,MX,63,0.0,0,1
887,DCFB03E19C4567E5,2,7,0.0,0,IN,63,0.0,0,0
888,7BF40492323FA61E,2,14,0.0018,4,BD,63,0.0,0,1
889,A95D15A9B3F6BB1E,2,34,0.0563,9,US,64,0.0,0,1
890,ADAA8379087FDDF4,2,9,0.0009,1,DZ,65,0.0,0,1
891,98f9ef57-13dd-468e-8287-63170fbe8a40,1,1,0.0,0,DZ,65,0.0,0,0
892,F583495056110BFA,1,4,0.0,0,VE,63,0.0,0,0
893,9A135E54B1A20303,1,3,0.0,0,GB,63,0.0,0,0
894,CB52E42C816828AF,1,4,0.0,0,NG,64,0.0,0,0
895,fcd1a5a9-5026-48b3-86ff-de4358adc05a,1,1,0.0,0,SA,65,0.0,0,0
896,1dcba60c-78d4-409f-b5a5-55ad161881ab,1,1,0.0,0,CI,64,0.0,0,0
897,9AE10F49BCA729F0,1,8,0.0244,1,US,65,0.0,0,1
898,7A630A93CD428E2D,1,1,0.0,0,US,64,0.0,0,0
899,1758FFDA2A247A87,1,3,0.0,0,US,65,0.0,0,0
900,C628D94A3383109A,1,4,0.0,0,DZ,64,0.0,0,0
901,97DEAF7A814B736C,2,42,0.0082,13,GB,65,0.0,0,1
902,146A56786DD19D90,2,20,1.1295,3,US,65,0.0,0,1
903,76DE8565CD88D7E,1,37,0.1889,7,CA,63,0.0,0,1
904,515B23B779A49AD2,3,38,0.0055,9,EG,63,0.0,0,1
905,274FA91F07AD416A,3,4,0.0,0,BR,63,0.0,0,0
906,731D53BFDEB319C4,1,15,0.0006,1,IN,65,0.0,0,1
907,D6757F9804DFF2BD,2,5,0.0,0,US,64,0.0,0,0
908,8625D913A0C7915E,1,4,0.0,0,PK,63,0.0,0,0
909,CD82D9220E0F1BEF,1,3,0.0,0,TN,65,0.0,0,0
910,E27A19BCC2DB48E3,3,6,0.0014,1,SE,64,0.0,0,1
911,7eac63fa-abc2-4ea2-9bc3-7390c064841c,3,4,0.0,0,US,64,0.0,0,0
912,A1EFD3810C1E86A4,1,1,0.0,0,IN,65,0.0,0,0
913,4AC1D2DBF6C35EA0,1,1,0.0,0,US,64,0.0,0,0
914,1715c1fe-4183-412e-84b3-1fbb2ef8662b,1,1,0.0,0,VE,63,0.0,0,0
915,bb9bf783-c7e3-455f-98cf-6e2838e5e9f5,1,1,0.0,0,CA,64,0.0,0,0
916,CC4880F41B140D67,2,15,0.5802,4,US,63,0.0,0,1
917,16B1B83E65CE3994,1,4,0.0,0,HN,63,0.0,0,0
918,63E091873BAAF5A5,2,49,0.14499999999999996,15,US,65,0.0,0,1
919,899960F33508C2DA,2,9,0.0,0,AU,65,0.0,0,0
920,6200EEB8D9D555D6,2,12,0.0,0,GB,63,0.0,0,0
921,77A7A70F411AC19E,1,5,0.0,0,IQ,63,0.0,0,0
922,B208E0228AC2D71F,1,3,0.0,0,DZ,65,0.0,0,0
923,8B50BF122405EC8F,1,3,0.0,0,MX,65,0.0,0,0
924,570CFB0ABB9AE5F,1,3,0.0,0,US,63,0.0,0,0
925,fd89bbd1-e19d-4e2a-a003-951c59edf356,2,18,0.0,0,SA,65,0.0,0,0
926,c09878ac-12a5-4441-b882-220f170678b4,1,1,0.0,0,SO,63,0.0,0,0
927,aeec3f3e-3fc8-49c5-8f8f-baa407af72f4,1,1,0.0,0,US,64,0.0,0,0
928,C730986B70587528,1,6,0.0,0,AR,64,0.0,0,0
929,DEEB4D22D84D0AAE,1,2,0.0,0,US,63,0.0,0,0
930,B80B8BE0C3BABB27,1,17,0.0693,7,NL,65,0.0,0,1
931,F3533EABD4454BC8,3,15,0.0044,4,PH,65,0.0,0,1
932,284B7B743F2CD315,1,6,0.0205,1,US,65,0.0,0,1
933,6991C9C469E1552,1,6,0.0138,2,US,63,0.0,0,1
934,755762EC923F14E0,1,15,0.0,0,CO,65,0.0,0,0
935,324E12528386F9F6,2,38,0.0067,4,ZA,63,0.0,0,1
936,a01150b8-a5a5-4fbc-a4e0-9246b08866a0,2,2,0.0,0,DZ,65,0.0,0,0
937,b51facf8-bc32-48dc-b9df-07388af460bd,2,2,0.0,0,DZ,63,0.0,0,0
938,1a40c7ae-4442-40df-8266-550d608ab052,1,1,0.0,0,MA,63,0.0,0,0
939,C26C4B5386D24F71,1,10,0.0037,1,PH,64,0.0,0,1
940,FCEC695B7B90D297,1,5,0.0,0,VE,63,0.0,0,0
941,943CF819A3E57274,1,7,0.00030000000000000003,2,MX,63,0.0,0,1
942,e62283e3-4837-4cdc-866d-d956e98e51c0,2,11,0.0,0,IQ,63,0.0,0,0
943,1A775BB6A55C70C1,1,4,0.0,0,MX,64,0.0,0,0
944,73F45DD2D21FECBF,1,4,0.0,0,SA,65,0.0,0,0
945,8CF99E211E247646,1,7,19.99,1,US,65,0.0,0,1
946,5BBA9CA627A7053A,1,3,0.0,0,AU,64,0.0,0,0
947,a3669e51-00ce-4153-bfb5-cc788736f5bc,1,1,0.0,0,IR,65,0.0,0,0
948,D43C54F642986C2A,1,4,0.0,0,US,64,0.0,0,0
949,ebcca983-b000-418d-965b-60bbd1ce73bb,1,1,0.0,0,CA,64,0.0,0,0
950,94052ac7-400d-4dc7-a17f-ec52b596ada9,1,1,0.0,0,IN,63,0.0,0,0
951,62cfe313-2568-4f89-a6fd-b6813fd55bc9,1,1,0.0,0,US,64,0.0,0,0
952,B4991530277FA90C,1,7,0.0006,1,BR,65,0.0,0,1
953,A58A4FAE0108087F,6,19,0.0011,1,ZW,63,0.0,0,1
954,3175E67544324678,1,9,0.0048000000000000004,2,GB,63,0.0,0,1
955,142C0139D42F9C61,2,11,0.0,0,SA,63,0.0,0,0
956,129E7AD426F49CB3,2,15,0.1879,3,US,65,0.0,0,1
957,C2F0A4BDB8E300EF,1,4,0.0,0,BR,64,0.0,0,0
958,A6378ACA36F1741,1,4,0.0,0,BD,65,0.0,0,0
959,D10A9E0227B14A1A,2,19,0.023799999999999998,4,MX,63,0.0,0,1
960,6B6A89A4DC561F9B,4,12,0.1059,2,US,65,0.0,0,1
961,2E264FE45766536B,1,1,0.0,0,US,65,0.0,0,0
962,b8fdc939-f3f1-4381-b3a1-37e571d85045,1,1,0.0,0,DZ,65,0.0,0,0
963,fa4ba8a2-adc3-43ad-9556-e44dcce2a31e,1,1,0.0,0,GW,63,0.0,0,0
964,28A2073D8C8BCE42,1,13,0.001,2,EG,63,0.0,0,1
965,58E6C8455796D63,1,4,0.0,0,NL,65,0.0,0,0
966,886EB3DD0482ADA,3,39,0.0008,6,IQ,65,0.0,0,1
967,51CEC81FBC8DB1,1,10,5.0504,2,US,64,0.0,0,1
968,9E22657892A46A69,1,8,0.0008,1,AU,65,0.0,0,1
969,D0DDBC832810F48A,1,2,0.0,0,US,65,0.0,0,0
970,7d0bd061-336b-4ff2-b4f9-af6db1781208,1,1,0.0,0,VE,63,0.0,0,0
971,3607F0B20DA6FE4A,1,1,0.0,0,KH,64,0.0,0,0
972,EE3F15F9F9B65F8,1,6,0.0409,1,IN,63,0.0,0,1
973,2780F663FAD577A4,2,5,0.0034,4,JP,65,0.0,0,1
974,4D46BED7051F95D1,4,11,0.006,5,MY,65,0.0,0,1
975,f8bfa6d7-9069-47da-bd98-7a4cd4c95ac0,1,1,0.0,0,LY,65,0.0,0,0
976,72e34ed7-4ba1-4b17-bcf9-a190216602a0,1,1,0.0,0,IN,65,0.0,0,0
977,5E9C4A0F0228EC10,1,14,0.0254,3,JP,64,0.0,0,1
978,71785C7DF9748B5E,1,5,0.0,0,MA,63,0.0,0,0
979,950AB261889BC6E4,3,4,0.0,0,US,65,0.0,0,0
980,83A7934EA0FA77E0,1,8,0.0,0,MX,64,0.0,0,0
981,f762fffa-e72d-4c33-8e76-b21dcfee2c71,1,4,0.0,0,LA,65,0.0,0,0
982,80F0C48DD9D4BCC9,1,4,0.0,0,HN,63,0.0,0,0
983,2102eb88-9e96-4e35-99c7-1664de8a833f,4,33,0.0,0,MR,63,0.0,0,0
984,7DC0F311DAB62D4F,1,7,0.0,0,DZ,64,0.0,0,0
985,F8864DAFED7BDC16,2,4,0.0,0,US,65,0.0,0,0
986,7DEE41934DB71E28,1,1,0.0,0,DZ,64,0.0,0,0
987,9EF4A45955C847A9,1,3,0.0,0,BR,64,0.0,0,0
988,C45C9979CDF8C016,1,3,0.0,0,US,64,0.0,0,0
989,1093E3439D72E27,1,2,0.0,0,US,65,0.0,0,0
990,86776869-7b1c-4265-9d15-1bf4f960bdb8,1,1,0.0,0,DZ,63,0.0,0,0
991,58D3DF32ACC8F42D,2,4,0.0,0,TH,65,0.0,0,0
992,517C963FB447C27B,4,21,0.0011,1,MA,65,0.0,0,1
993,DA9C43C61C434F6E,1,4,0.0,0,AO,63,0.0,0,0
994,3E799C22D93776BF,1,7,0.036699999999999997,2,US,64,0.0,0,1
995,07a1dea5-d1c1-45a6-ac3f-074900c5904d,1,3,0.0,0,MA,63,0.0,0,0
996,5F05B2A407178B1E,1,6,0.0,0,US,63,0.0,0,0
997,1258E192A6A75558,2,3,0.0,0,LR,64,0.0,0,0
998,4E4AADDBE18F2D51,1,3,0.0,0,US,64,0.0,0,0
999,6471A1FF3DAE59,1,3,0.0,0,CO,64,0.0,0,0
1000,FA888B36972642BC,1,21,0.0926,5,US,64,0.0,0,1
1001,C15F628486249972,1,2,0.0,0,FR,64,0.0,0,0
1002,928BD6D8FC22943E,2,25,0.9524,1,US,64,0.0,0,1
1003,CC0E92AC80AB00D8,1,3,0.0,0,PH,63,0.0,0,0
1004,961EC3518B090EEC,1,31,0.0096,5,ID,65,0.0,0,1
1005,34DBBAFBE4EF12A5,1,3,0.0,0,US,63,0.0,0,0
1006,8113CB94D63C852B,2,2,0.0,0,NL,63,0.0,0,0
1007,9A8C9E97BB37DCA2,2,3,0.0,0,UY,64,0.0,0,0
1008,801D5B80C41A792A,3,32,0.1926,6,AU,63,0.0,0,1
1009,48F708A9536036E9,1,6,0.0002,2,DO,64,0.0,0,1
1010,47dbd317-fa77-4f15-90bc-3364d92687e6,1,1,0.0,0,CD,63,0.0,0,0
1011,FCB1E86E5ABF89FA,1,3,0.0,0,KE,64,0.0,0,0
1012,C491B1257F947418,1,8,0.0114,1,VI,65,0.0,0,1
1013,25670539C1C67095,2,13,9.98,2,US,65,0.0,0,1
1014,D1CA87EBFBEC9C26,1,3,0.0,0,US,65,0.0,0,0
1015,9A55A9B658341F3B,1,4,0.0,0,US,64,0.0,0,0
1016,DC23EB18A3CF2AB4,1,5,0.0198,1,UA,65,0.0,0,1
1017,BF2E678C26259945,4,31,0.0002,1,HT,65,0.0,0,1
1018,359040FF86646BAA,1,15,0.1293,3,GB,65,0.0,0,1
1019,33A085CBAAA7719D,1,7,0.0,0,LY,63,0.0,0,0
1020,CEAB0DE1B14CC78B,1,49,0.2014,20,TT,63,0.0,0,1
1021,ffb9a7fc-8955-44c1-a457-c4852e84e771,1,1,0.0,0,SN,63,0.0,0,0
1022,B8EBC5B7AE4E8591,3,12,0.0006,1,MA,65,0.0,0,1
1023,4CD4F34CE84D9337,1,2,0.0,0,NP,65,0.0,0,0
1024,369d9774-4bc6-4d79-941e-af7a53caeb56,2,4,0.0,0,CI,64,0.0,0,0
1025,A2236E11786B7A49,1,3,0.0,0,DZ,65,0.0,0,0
1026,789D6CA103917D38,1,3,0.0,0,US,65,0.0,0,0
1027,937F6E4D28BCCFC3,1,2,0.0,0,US,65,0.0,0,0
1028,cc6a4311-440e-4ede-a163-45a8580e1f9c,1,1,0.0,0,US,65,0.0,0,0
1029,8FE80E194AB6A919,1,2,0.0,0,CO,63,0.0,0,0
1030,1DD97F1880DAD572,3,9,0.0,0,DZ,63,0.0,0,0
1031,1AC085942E391464,2,5,0.0,0,AU,64,0.0,0,0
1032,42139DAE148AEB5A,1,7,0.0006,1,IN,64,0.0,0,1
1033,808AAA122D27AC0,1,2,0.0,0,KW,63,0.0,0,0
1034,5F305192B3232960,2,8,0.0,0,US,64,0.0,0,0
1035,EDA2642C1C220E7D,1,3,0.0,0,CA,65,0.0,0,0
1036,51979477-ca2a-4c09-89a1-f7ce289f8514,4,30,0.0,0,VE,63,0.0,0,0
1037,F4DDB27E6707F9F9,2,20,0.0029,2,ZA,64,0.0,0,1
1038,5655338D51739731,1,2,0.0,0,FJ,65,0.0,0,0
1039,30BFA5DF25B47436,1,9,0.0,0,ST,63,0.0,0,0
1040,E46DC6176E2CFC8D,1,14,0.0,0,VE,65,0.0,0,0
1041,BD6874583393FAB8,1,14,0.0,0,US,64,0.0,0,0
1042,030137b2-70c9-4a90-a7f4-ef0d5b25b991,1,1,0.0,0,IQ,64,0.0,0,0
1043,6C83E7CFA037F139,1,4,0.0,0,IQ,63,0.0,0,0
1044,BC0171D3D75D1B2A,1,2,0.0,0,PH,63,0.0,0,0
1045,C54DC5593C815AE0,1,5,0.0051,2,IN,65,0.0,0,1
1046,86EC2C00B71A1AEE,1,1,0.0,0,US,63,0.0,0,0
1047,5edb41f3-b952-4d27-8a80-ed0d72126f74,1,1,0.0,0,PH,65,0.0,0,0
1048,D85EBD4C18B66121,1,5,0.0,0,IN,65,0.0,0,0
1049,6BA3879EAF37EB9C,1,3,0.0,0,PH,64,0.0,0,0
1050,CDD93DE436FCBA0E,3,8,0.0072,1,US,64,0.0,0,1
1051,2BAFCB1B19DF0C79,1,5,0.0,0,US,65,0.0,0,0
1052,FC92FFBB5776CA86,1,7,0.0,0,FR,63,0.0,0,0
1053,8DE9EA6DCFE000E7,1,4,0.0,0,BR,63,0.0,0,0
1054,D70AE4DC93DAA505,1,2,0.0,0,US,63,0.0,0,0
1055,69AD02E91C8E2E57,1,4,0.0,0,HT,64,0.0,0,0
1056,B3761566A7A2535D,2,5,0.0137,1,US,65,0.0,0,1
1057,469CA0B341496178,1,2,0.0,0,US,63,0.0,0,0
1058,542E8013ED484BA7,1,2,0.0,0,MA,64,0.0,0,0
1059,cff57fb0-72dd-416c-9874-44ae88f49fbd,2,2,0.0,0,DZ,65,0.0,0,0
1060,BCF8DEFA36EAE583,1,2,0.0,0,DE,63,0.0,0,0
1061,4935FB35132F45B5,1,1,0.0,0,DZ,64,0.0,0,0
1062,F0F8435308468FB8,1,7,0.0004,1,MA,65,0.0,0,1
1063,583818A79DD8468E,3,11,0.0,0,DZ,63,0.0,0,0
1064,7BF645B07B242600,1,8,0.0129,2,MY,64,0.0,0,1
1065,E8FC921778A89362,5,19,0.0,0,IQ,65,0.0,0,0
1066,51F08E1C88FB42CA,2,22,0.1106,2,US,65,0.0,0,1
1067,A68C6E18D927547E,1,1,0.0,0,IN,64,0.0,0,0
1068,323B3BB8587395A1,1,4,0.0,0,US,63,0.0,0,0
1069,95C8B98800C2F362,1,5,0.0,0,IQ,63,0.0,0,0
1070,8FCE1C60AF8776EA,1,2,0.0002,1,EG,63,0.0,0,1
1071,b644ca96-a9b7-45d7-a867-9ca773029419,1,1,0.0,0,MA,65,0.0,0,0
1072,e2dfe7ad-0ac6-4c49-a92f-3548164dfec9,1,1,0.0,0,UA,65,0.0,0,0
1073,76E1ED7439E727AD,1,1,0.0,0,SR,63,0.0,0,0
1074,9BD49662F86B837E,1,1,0.0,0,JM,64,0.0,0,0
1075,F4ACB454102016CB,2,14,0.0715,1,US,65,0.0,0,1
1076,C752FB6A56CBF188,1,19,0.018500000000000003,16,ID,64,0.0,0,1
1077,8029802335A4315E,3,20,0.0161,6,IN,64,0.0,0,1
1078,A6E7E3619C728B71,2,2,0.0,0,YE,65,0.0,0,0
1079,8F892ED28F2F95CD,1,6,0.0038,1,US,64,0.0,0,1
1080,681BE3FACA229D3A,2,18,0.0091,2,CL,65,0.0,0,1
1081,71F9478B11109630,1,7,0.434,1,CA,65,0.0,0,1
1082,D67CCB3D44BBBA20,1,5,0.0,0,LB,63,0.0,0,0
1083,4DC463E63EEBE375,1,1,0.0,0,US,65,0.0,0,0
1084,19C0DA98F7A92C63,1,3,0.0,0,CA,64,0.0,0,0
1085,F38F7FA5D57C750E,1,3,0.0,0,SA,63,0.0,0,0
1086,a091ba15-d680-4ed3-bbe5-fd62cfd85d54,1,1,0.0,0,EG,65,0.0,0,0
1087,df8b6ed3-3b8e-4d5a-afab-89c555c969ea,1,1,0.0,0,PK,65,0.0,0,0
1088,06fe5da4-aedf-4f15-92f9-d997bb0981c8,1,1,0.0,0,UA,64,0.0,0,0
1089,2066056d-9404-4b5b-abc7-59013ac3ecee,1,1,0.0,0,IN,63,0.0,0,0
1090,E4C684D546AD0A9E,3,22,0.0012000000000000001,3,DZ,63,0.0,0,1
1091,6C7AC83B847F10B2,1,4,0.0,0,LY,64,0.0,0,0
1092,3153588BF9AE1BAD,2,4,0.0,0,US,65,0.0,0,0
1093,50c6d0b3-21bf-4d6d-885f-d589b41c2579,1,1,0.0,0,MA,63,0.0,0,0
1094,C0EA7CE5E52F9B4E,1,1,0.0,0,US,65,0.0,0,0
1095,0285aaa8-1256-40fb-be18-4a652cb10868,1,1,0.0,0,DZ,64,0.0,0,0
1096,AFA6F09B1A813430,1,3,0.0,0,GB,64,0.0,0,0
1097,FBA03530AB1D0CDE,1,4,0.0007,1,IT,63,0.0,0,1
1098,1c5d1261-c652-42b9-b4c6-da809752a56d,1,1,0.0,0,VE,64,0.0,0,0
1099,cc86013f-f5fe-448e-8caa-cef5c0ca5403,1,1,0.0,0,CO,65,0.0,0,0
1100,A0F4A43B06C0C4EE,1,3,0.0,0,IN,65,0.0,0,0
1101,56B8772131B1A853,1,1,0.0,0,BR,65,0.0,0,0
1102,23C63030ECD1E21B,1,4,0.0,0,US,65,0.0,0,0
1103,774469C54854F7E3,1,2,0.0,0,US,63,0.0,0,0
1104,C9DA01154E21234A,1,9,0.0,0,BR,65,0.0,0,0
1105,50901C1D556E8EB9,2,5,0.0,0,TT,63,0.0,0,0
1106,7CD142E8B9BE542F,1,2,0.0,0,SA,65,0.0,0,0
1107,B235AB84212F5832,1,30,0.0397,11,EC,63,0.0,0,1
1108,73080DCE777D4BCB,1,13,0.0,0,DZ,65,0.0,0,0
1109,F2BF724BC9A1F321,1,20,0.0,0,NI,64,0.0,0,0
1110,BA1E73EFA43F0A64,1,4,0.0,0,EC,63,0.0,0,0
1111,1f7eacfb-1153-4a96-9134-1b78c31ee34b,1,1,0.0,0,LY,63,0.0,0,0
1112,f67f3277-b8ad-4b50-b663-2484ac5e4b53,4,8,0.0,0,VE,65,0.0,0,0
1113,2685712F15DC95B2,6,44,0.0034999999999999996,9,DZ,65,0.0,0,1
1114,9124D5FD58710DC9,2,8,0.0,0,SN,63,0.0,0,0
1115,8042d50b-8acc-4af9-8e63-e156c5ec0b30,1,1,0.0,0,US,63,0.0,0,0
1116,34C8D81E0862638A,1,3,0.0,0,US,63,0.0,0,0
1117,7e627e77-297b-457f-a214-28f4de57284a,1,1,0.0,0,VE,63,0.0,0,0
1118,DD914586C3B19065,1,6,0.0016,2,DO,63,0.0,0,1
1119,BB968C623FB2AA62,1,9,0.0,0,IN,64,0.0,0,0
1120,8BF1095B23BAE605,2,19,0.0,0,DZ,64,0.0,0,0
1121,95EF6ECF4B365A30,1,3,0.0,0,US,64,0.0,0,0
1122,5CA43FD795528150,1,23,0.0777,4,PH,63,0.0,0,1
1123,9536F70960DCC0A5,1,25,2.6239000000000003,8,US,64,0.0,0,1
1124,63ADCB073402A0DF,7,23,0.042,2,US,65,0.0,0,1
1125,9a63b98a-8b23-42ee-8abd-d91bbb07f771,3,3,0.0,0,CO,64,0.0,0,0
1126,E300F2F9A6E59B8C,1,9,0.0,0,PK,63,0.0,0,0
1127,B63398D47B4A8C4E,1,26,0.0396,6,CA,63,0.0,0,1
1128,80292DE884C71BA9,1,3,0.0,0,SA,63,0.0,0,0
1129,2AEBB7C33FCF04DE,1,1,0.0,0,IN,65,0.0,0,0
1130,9B725FF69B9C1093,1,23,0.0,0,MA,63,0.0,0,0
1131,129987F64CB6AB27,1,4,0.0,0,CO,65,0.0,0,0
1132,FA0A784BBA284AC0,1,1,0.0,0,US,63,0.0,0,0
1133,9B305E09FDD1F5,1,2,0.0,0,US,65,0.0,0,0
1134,90ec6533-e040-4e2f-947d-183955d8cbd4,1,1,0.0,0,DZ,63,0.0,0,0
1135,A39874EA1DE41F74,1,4,0.0,0,SN,63,0.0,0,0
1136,F15C250D42CE2B2C,1,1,0.0,0,MX,64,0.0,0,0
1137,6A394AB92F5002D7,1,16,0.0,0,SA,64,0.0,0,0
1138,A3C683EA0A1591AC,2,11,0.0,0,US,63,0.0,0,0
1139,884BA8D09582536F,3,21,0.0,0,UY,65,0.0,0,0
1140,94888513DEC04C4C,3,23,0.0004,1,VE,64,0.0,0,1
1141,FE41478A9073B9FE,1,4,0.0,0,IN,63,0.0,0,0
1142,A034E096140D458B,1,8,0.0,0,US,64,0.0,0,0
1143,EF201C570835AF23,1,14,0.0,0,DZ,64,0.0,0,0
1144,B86968971C7D8408,1,3,0.0,0,TN,64,0.0,0,0
1145,5E347852C5D58E65,1,6,0.0058,2,BR,65,0.0,0,1
1146,A93730D967C3B646,2,6,0.0,0,US,64,0.0,0,0
1147,4918A4FBB44BDE35,1,6,0.0,0,SA,63,0.0,0,0
1148,4F6753AFE6F4747B,1,3,0.0013,1,SA,63,0.0,0,1
1149,2D71405C6275072D,1,1,0.0,0,GB,64,0.0,0,0
1150,1DA974C6FEA06329,1,1,0.0,0,US,65,0.0,0,0
1151,297ECEF588034F47,2,8,0.0007,2,CI,64,0.0,0,1
1152,B62665B572059B07,1,25,0.0009,2,DZ,63,0.0,0,1
1153,B469549B6B737147,2,9,0.013400000000000002,3,NL,65,0.0,0,1
1154,5E6D043BF5102A3A,1,2,0.0,0,LB,64,0.0,0,0
1155,A5904D7D90303E88,1,3,0.0,0,US,63,0.0,0,0
1156,C2F351D87AA599E3,2,13,0.0008,1,DZ,63,0.0,0,1
1157,D4D657B5B6C83DDB,1,3,0.0004,1,CV,64,0.0,0,1
1158,B96BC2B48EC14D48,2,5,0.0,0,VE,63,0.0,0,0
1159,C2ABA34DBD567B9,1,1,0.0,0,JO,63,0.0,0,0
1160,FE3991FAB455C156,1,1,0.0,0,US,64,0.0,0,0
1161,5b3653c9-3183-4f3f-8763-8d3ba2b12db1,1,1,0.0,0,ID,63,0.0,0,0
1162,E63DB4E502F1DD9F,1,24,0.5072,4,US,65,0.0,0,1
1163,6078A8EFD7F5332C,2,16,0.0453,2,US,63,0.0,0,1
1164,86702D783CCA3C96,1,4,0.0,0,US,63,0.0,0,0
1165,668C2E588B479368,2,5,0.0,0,SV,64,0.0,0,0
1166,B93BF3297AE01536,1,1,0.0,0,US,65,0.0,0,0
1167,5479DA5E10664C5E,1,3,0.0,0,GE,64,0.0,0,0
1168,23C0EF153EC52154,2,5,0.0,0,US,64,0.0,0,0
1169,A984BFC38A19A5C,1,3,0.0,0,US,63,0.0,0,0
1170,3439002C3C056215,2,4,0.0,0,QA,64,0.0,0,0
1171,157CB6EF961507CB,1,3,0.0,0,DE,63,0.0,0,0
1172,6D0E07E4EDCCB3C5,1,3,0.0,0,VE,65,0.0,0,0
1173,27159956FAE56FA,1,11,0.029400000000000003,3,SA,65,0.0,0,1
1174,331d2a87-c4cf-4b3c-9517-a13650a57163,1,2,0.0,0,BW,65,0.0,0,0
1175,50C852201E21A35A,2,3,0.0,0,US,64,0.0,0,0
1176,6514FE0FB031086,2,6,0.0,0,IN,63,0.0,0,0
1177,E34DB9B4FF7B5AAE,2,6,0.0,0,US,65,0.0,0,0
1178,927FAB3D4E2BA22C,1,1,0.0075,1,PE,65,0.0,0,1
1179,aa08918a-4b9f-448e-9c03-393cc1edb952,1,2,0.0,0,MX,65,0.0,0,0
1180,1f3fbf4b-4b9a-4614-a10a-f47b3e1befec,1,1,0.0,0,DZ,65,0.0,0,0
1181,59302B27DEDA2318,1,1,0.0,0,BR,64,0.0,0,0
1182,ceeeb7eb-f0c0-4916-bdf1-56a7d4196f0c,1,1,0.0,0,PH,63,0.0,0,0
1183,2ee26f05-2d75-4338-8923-63684c0595e8,1,1,0.0,0,DZ,64,0.0,0,0
1184,92BCD98535CAC56A,1,72,0.07860000000000002,26,MY,64,0.0,0,1
1185,F890CF307EA9C2A5,3,19,0.0031999999999999997,5,KR,65,0.0,0,1
1186,5AE776DF1FC3018B,1,13,0.08839999999999999,4,MY,63,0.0,0,1
1187,374EE1D98C70B673,1,20,0.0667,9,PE,63,0.0,0,1
1188,F82ED9A41900A1B9,1,5,0.0,0,US,64,0.0,0,0
1189,4D79913B53A3BC84,1,8,0.0109,1,PT,64,0.0,0,1
1190,A38E9A799B10697F,1,6,0.0,0,US,63,0.0,0,0
1191,D3C9E0AD0B34C76,1,3,0.0,0,IQ,64,0.0,0,0
1192,8ABC6F3E665867A8,1,3,0.0,0,US,63,0.0,0,0
1193,2BF8C434F8797B58,1,1,0.0,0,SN,65,0.0,0,0
1194,60E382031A4D4849,1,3,0.0,0,GB,63,0.0,0,0
1195,A5C8773B90D7BC21,1,19,0.0,0,PK,63,0.0,0,0
1196,758E29B55DA3FA2A,1,3,0.0,0,PY,65,0.0,0,0
1197,FFEF89D67AA2A4BC,1,16,0.0006,1,IQ,63,0.0,0,1
1198,7559CF6D3B99DB95,1,6,0.0008,1,MA,64,0.0,0,1
1199,886984DDEBDC347A,1,1,0.0,0,IL,64,0.0,0,0
1200,154C42A1650A5D99,1,1,0.0,0,GB,64,0.0,0,0
1201,D6F2E800352F8351,1,4,0.0,0,CO,65,0.0,0,0
1202,90693CC2222AA3A1,1,4,0.0,0,US,65,0.0,0,0
1203,BD1DC4A475C4D21C,1,1,0.0,0,US,63,0.0,0,0
1204,c94ee271-86b8-4f5b-9198-a099e1cbe875,1,1,0.0,0,YE,64,0.0,0,0
1205,C25F64106C7EBA9E,1,3,0.0024,1,FR,65,0.0,0,1
1206,5053359b-3bc3-4976-8271-41ac295ac3a3,1,1,0.0,0,NI,63,0.0,0,0
1207,C1623119151CC26B,1,1,0.0,0,CO,64,0.0,0,0
1208,1973E2DE994CED7D,1,10,0.0,0,DZ,64,0.0,0,0
1209,C0224C8C5ACB3BF8,1,32,1.0579,2,US,65,0.0,0,1
1210,253FCFB7EDAE42E6,3,9,0.0,0,JP,65,0.0,0,0
1211,9614DFE7655EB030,1,5,0.0,0,FR,63,0.0,0,0
1212,4494E7AE8C5D14CE,1,1,0.0,0,SA,63,0.0,0,0
1213,715443AF45D6EB2D,1,1,0.0,0,CO,64,0.0,0,0
1214,DC149A916CD6F2E0,1,1,0.0,0,US,64,0.0,0,0
1215,784939A5862D5502,1,2,0.0,0,MX,64,0.0,0,0
1216,AB61EE94EA200D32,1,2,0.0,0,IQ,65,0.0,0,0
1217,1FDAB432C0A30020,1,1,0.0,0,US,64,0.0,0,0
1218,763c2a53-d1f4-4573-89eb-f09dab23bc63,1,1,0.0,0,KN,65,0.0,0,0
1219,58BDFDFD8F3A317C,1,1,0.0,0,US,65,0.0,0,0
1220,E35A88A9D5095FA9,2,3,0.0,0,FR,63,0.0,0,0
1221,BBF427A9DAFB5F0A,1,14,0.0039,1,US,64,0.0,0,1
1222,2133DA50FEC4243E,3,16,0.0015,2,VE,64,0.0,0,1
1223,2733FDFB5EDAACA7,1,7,0.031700000000000006,2,US,64,0.0,0,1
1224,6D0059DFC06AA392,1,6,0.0076,1,AU,63,0.0,0,1
1225,34acd12a-0617-4bbb-96b0-fbf1f31972fe,2,12,0.0,0,VE,63,0.0,0,0
1226,AD78951CC5AC676D,1,10,0.0004,1,PK,65,0.0,0,1
1227,7EB87C535B2FB199,1,2,0.0,0,IR,64,0.0,0,0
1228,228f5ea1-6045-4c27-ac63-9a86ddf3bff3,1,1,0.0,0,PK,63,0.0,0,0
1229,9AC67DBB4180242C,2,8,0.0,0,AR,63,0.0,0,0
1230,716F32BF5C9E6C3F,1,4,0.0003,1,US,64,0.0,0,1
1231,FCB6906885B696F9,2,2,0.0,0,US,65,0.0,0,0
1232,443ee93c-244e-404e-a1f1-feba867b693c,1,1,0.0,0,VE,63,0.0,0,0
1233,4EAD19C84F83D60F,1,1,0.0,0,CA,63,0.0,0,0
1234,7c3cb305-7848-4175-9e9b-4e27098359ee,1,1,0.0,0,IN,65,0.0,0,0
1235,86DB441EF8114A54,2,31,0.0162,5,CO,65,0.0,0,1
1236,57CE8B6B452E96CB,1,14,0.09010000000000001,4,US,64,0.0,0,1
1237,FBB7352F5CC68C64,1,7,0.0137,2,US,63,0.0,0,1
1238,39DAB42D37E33EF7,1,7,0.0,0,EC,63,0.0,0,0
1239,25C01D3BFF4F15A2,1,4,0.0,0,LY,64,0.0,0,0
1240,3BE4C0647F30AE55,1,14,0.0,0,DZ,63,0.0,0,0
1241,CECBFC81420F085D,1,4,0.0,0,PY,63,0.0,0,0
1242,9cf23eef-eaad-4bb1-b064-8e9e1a6f96fc,1,1,0.0,0,DZ,63,0.0,0,0
1243,9D1A2E5AA48F5548,1,7,0.0,0,IN,64,0.0,0,0
1244,CA5F93C206D0114D,1,4,0.0,0,US,63,0.0,0,0
1245,8B2B8D55A354FA01,1,8,0.0008,1,AG,64,0.0,0,1
1246,1BD33F9B3CB40B5,1,7,0.0,0,FR,64,0.0,0,0
1247,10BABB0EC866F14A,1,5,0.0,0,CN,63,0.0,0,0
1248,505F177981374D61,2,5,0.0264,1,US,63,0.0,0,1
1249,6C549001B500D636,1,3,0.0,0,US,63,0.0,0,0
1250,96A0EE300B9DCD9,1,2,0.0,0,US,65,0.0,0,0
1251,C321DA3A674A5FDC,2,2,0.0,0,ID,63,0.0,0,0
1252,2FBCF9BC6AF408B5,1,1,0.0,0,BR,64,0.0,0,0
1253,34B6A017BD7C83A3,2,2,0.0,0,US,64,0.0,0,0
1254,A0CEFFDDC83E3801,1,1,0.0,0,MX,63,0.0,0,0
1255,D89C400BE2D47CD4,2,10,0.0,0,EG,63,0.0,0,0
1256,EFB56DAF50A9843B,1,6,0.0,0,GB,63,0.0,0,0
1257,EFABD3531BFBE4FE,1,6,0.0,0,US,65,0.0,0,0
1258,8B51BFE9B74D4AF7,2,6,0.0,0,ID,63,0.0,0,0
1259,1F646FEC463323C7,1,1,0.0,0,CO,65,0.0,0,0
1260,B1AC9EE5E48B6D2B,1,1,0.0,0,EG,63,0.0,0,0
1261,D6D21D6289C4552D,1,6,0.0,0,IN,63,0.0,0,0
1262,a71c676a-895d-4839-848d-58c6434bfba9,2,2,0.0,0,DZ,65,0.0,0,0
1263,AE8C1AACDF4E199C,1,13,0.2343,1,US,65,0.0,0,1
1264,CA1BF9C4C08409B7,1,10,0.0,0,AR,65,0.0,0,0
1265,53E522C69BD2851,1,3,0.0,0,US,65,0.0,0,0
1266,52c52dad-33e0-4185-99f6-1a7ad5886788,1,1,0.0,0,US,65,0.0,0,0
1267,ead6cff2-0b67-4ab6-be05-8634fea6d697,1,3,0.0,0,DZ,63,0.0,0,0
1268,CD882869EAEF0017,1,10,0.10830000000000001,2,US,64,0.0,0,1
1269,7F00D2A0547BEA93,2,13,0.0,0,DZ,65,0.0,0,0
1270,B856C65EAF2E1013,1,2,0.0,0,IQ,63,0.0,0,0
1271,B439B8E26EE1AD18,1,2,0.0,0,GB,65,0.0,0,0
1272,A13224537FB844CC,1,4,0.0,0,US,65,0.0,0,0
1273,9AA0446C63168256,1,3,0.0,0,IQ,65,0.0,0,0
1274,FF7F8370AA2749E7,1,1,0.0,0,BR,65,0.0,0,0
1275,0c38a570-ff6d-4738-98bc-166167579582,1,1,0.0,0,MA,64,0.0,0,0
1276,CB0AC90B338D4591,1,1,0.0,0,ES,64,0.0,0,0
1277,BE9C3AA9AC3DB463,1,23,0.0024,8,NG,63,0.0,0,1
1278,78262F7334E0ED6C,3,17,0.0011,1,US,65,0.0,0,1
1279,67649A40D37C9F93,1,12,0.0393,3,US,64,0.0,0,1
1280,FBC451E0309C8828,1,1,0.0,0,US,65,0.0,0,0
1281,15C2D0477ADADFF5,3,19,0.5067,12,US,63,0.0,0,1
1282,D5DB3ACC26646A12,2,4,0.0,0,JP,65,0.0,0,0
1283,BCB08D3F1CF2824,2,3,0.0,0,JM,64,0.0,0,0
1284,7DA78FA83A33AF52,1,11,0.0007,2,DZ,63,0.0,0,1
1285,805CF5557FE3B850,1,4,0.0,0,US,63,0.0,0,0
1286,49A3B483CF1FAA7E,1,4,0.0,0,CA,64,0.0,0,0
1287,DBE629B4A54D68BC,1,4,0.0,0,IQ,65,0.0,0,0
1288,71E29BF69C08D1E6,2,3,0.0,0,VE,63,0.0,0,0
1289,FFEF65F2119AEEE1,1,3,0.0,0,MA,65,0.0,0,0
1290,AC414728E63BD00A,1,8,0.0085,2,VN,63,0.0,0,1
1291,5A0A6E8898C4E13A,1,8,0.0007,3,EG,65,0.0,0,1
1292,BA3F15D05C59FA96,2,18,0.0285,5,BR,63,0.0,0,1
1293,d069bfd9-ae75-4f6c-8ce8-ed822cd666d4,1,1,0.0,0,CA,63,0.0,0,0
1294,A087832A923E2B9A,1,1,0.0,0,US,65,0.0,0,0
1295,42C2CD050B097BA7,1,4,0.0006,2,PK,65,0.0,0,1
1296,53f3c496-a8be-4421-a56d-4711d4ddc005,2,2,0.0,0,DZ,64,0.0,0,0
1297,46F0CCC856646C13,1,2,0.0,0,DZ,63,0.0,0,0
1298,CDC80D81CE32260C,1,8,0.0,0,EG,64,0.0,0,0
1299,33220851-c25b-4495-8dd2-d4dc43c587bb,2,2,0.0,0,BO,64,0.0,0,0
1300,4BCE502392C2EE37,1,1,0.0,0,IT,65,0.0,0,0
1301,11332fde-d94d-49e9-99f8-d57aafc65427,1,1,0.0,0,DZ,64,0.0,0,0
1302,BA304345E1D735A4,1,19,0.006699999999999999,5,PE,65,0.0,0,1
1303,20B5597801AAC5FE,3,5,0.0,0,PH,65,0.0,0,0
1304,B5D942CEA964714D,1,13,0.0,0,CU,63,0.0,0,0
1305,F51D40735100F1,1,5,0.0,0,MA,63,0.0,0,0
1306,9914BBEADA566CD7,1,3,0.0,0,LY,64,0.0,0,0
1307,2DF34A9BE279881F,1,2,0.0,0,DZ,65,0.0,0,0
1308,1F2E4519CCCDB28B,1,5,0.0,0,DZ,63,0.0,0,0
1309,BF0D06A2F516972E,1,10,0.0147,2,CZ,63,0.0,0,1
1310,5e12dc9c-f95c-4000-b5ec-2d395e009842,1,1,0.0,0,US,65,0.0,0,0
1311,B18F72C82C614065,1,2,0.0,0,AR,64,0.0,0,0
1312,A86BF2D0FB0802E,1,1,0.0,0,US,65,0.0,0,0
1313,B6922A2A3897712A,1,4,0.0,0,US,63,0.0,0,0
1314,2085F95FD4E171A3,5,15,0.0,0,CI,64,0.0,0,0
1315,8FDF933A73A60D28,1,11,0.0,0,US,64,0.0,0,0
1316,AC9532CFB1DE6F51,1,6,0.0177,1,US,64,0.0,0,1
1317,6B4DA6D8E67EB69F,1,4,0.0,0,VE,63,0.0,0,0
1318,31DE6999A811B52C,1,2,0.0,0,US,63,0.0,0,0
1319,E330BCD31DCAD40C,1,3,0.0,0,US,63,0.0,0,0
1320,535526A26DA2E363,1,4,0.0,0,ML,63,0.0,0,0
1321,56D5567424CA2D71,1,6,0.0257,1,US,65,0.0,0,1
1322,F9F933D18DC2D128,1,1,0.0,0,MA,64,0.0,0,0
1323,DA420DB39294C4E7,1,1,0.0,0,PK,65,0.0,0,0
1324,b7df4304-84d3-454d-88b5-e013e9ff2eb8,2,2,0.0,0,DZ,64,0.0,0,0
1325,D51BC3B40B2CD390,1,1,0.0,0,GT,64,0.0,0,0
1326,64c024f5-ab86-4c4e-9861-c15c7485dbf2,1,1,0.0,0,JO,63,0.0,0,0
1327,FF4B0B98F6B25A0F,1,27,3.3303000000000003,4,BE,64,0.0,0,1
1328,9440E353E31B70F2,1,20,0.04,5,KW,65,0.0,0,1
1329,4FD1C4E1C3EE853C,2,10,0.0,0,US,65,0.0,0,0
1330,B29DC6641CA248E6,1,1,0.0,0,BR,63,0.0,0,0
1331,6ed301a3-0498-498a-8276-a8571b78b265,1,1,0.0,0,DZ,64,0.0,0,0
1332,6EA37243C7E0E6F5,1,2,0.0,0,US,63,0.0,0,0
1333,C66F78C2F8D5E6AF,1,4,0.0,0,DO,63,0.0,0,0
1334,8B64CE6CD72F69A9,1,2,0.0,0,HK,64,0.0,0,0
1335,65679749-faa5-4511-b0de-dc39f50bee4c,1,1,0.0,0,IQ,65,0.0,0,0
1336,11f54faf-fb25-45e6-a2b9-96ad263dd76f,1,1,0.0,0,ID,63,0.0,0,0
1337,32E7FDEF518132D5,1,19,0.0,0,DZ,65,0.0,0,0
1338,bbfef14b-65e6-41e6-9ae2-8e385347d13c,5,6,0.0,0,CI,64,0.0,0,0
1339,9631E4B34E3BA73B,3,30,0.0411,9,US,65,0.0,0,1
1340,C6ED9F90E61F1AC5,1,2,0.0,0,BR,65,0.0,0,0
1341,a8533e50-a677-4788-8d16-0a1d7330df41,1,1,0.0,0,IN,65,0.0,0,0
1342,F665D90509F5D6E1,1,9,0.0138,1,US,63,0.0,0,1
1343,146ACDDEBF16A3B,1,3,0.0,0,BR,65,0.0,0,0
1344,D19811998EC1833,1,2,0.0,0,IN,63,0.0,0,0
1345,511C9A2B52EF0535,5,123,0.0,0,CU,65,0.0,0,0
1346,D8B906576BD1E6C2,8,26,0.0,0,IR,65,0.0,0,0
1347,ceb45009-9169-4575-8524-e3e4b4893a18,1,6,0.0,0,IN,63,0.0,0,0
1348,9FE4510B697E0665,3,25,0.19690000000000002,5,US,64,0.0,0,1
1349,81511A4C22109C26,3,11,0.0,0,NI,64,0.0,0,0
1350,11551903643E9B8A,1,14,0.0013,1,HT,65,0.0,0,1
1351,301D940350201996,2,11,0.1104,5,US,65,0.0,0,1
1352,B213CA643A0506A1,1,3,0.0,0,BD,63,0.0,0,0
1353,651f202b-2a06-4795-8582-ac256f8c9316,2,2,0.0,0,DZ,63,0.0,0,0
1354,2377F1568991C3D3,5,22,0.0431,6,US,65,0.0,0,1
1355,D1B96B86AAD4EB7E,1,5,0.0,0,SA,65,0.0,0,0
1356,C666ADB125FF7AE2,1,5,0.0357,1,US,63,0.0,0,1
1357,7AF20A1156B337D2,1,1,0.0,0,GB,65,0.0,0,0
1358,46CD18BF0A40D017,1,1,0.0,0,PT,63,0.0,0,0
1359,EC893C6D88A1E787,1,4,0.0,0,US,64,0.0,0,0
1360,E5769D028008B6C7,2,23,0.0,0,IQ,63,0.0,0,0
1361,78AA88F419219C18,1,17,0.155,2,MY,65,0.0,0,1
1362,973A286CC224A46F,3,19,0.0023,2,KE,65,0.0,0,1
1363,EE6199E950A69781,1,5,0.0,0,IN,63,0.0,0,0
1364,2379C477F8515220,1,5,0.0,0,GB,65,0.0,0,0
1365,72A9EE447BBF42B8,4,21,0.0026,1,AR,64,0.0,0,1
1366,BE5F604994BF0177,1,3,0.0,0,MM,64,0.0,0,0
1367,D4726F48F70A03CF,1,19,0.029699999999999997,7,CA,64,0.0,0,1
1368,F0821E6728195313,1,5,0.0,0,US,65,0.0,0,0
1369,E313432679A6B1BB,3,17,0.0011,2,DZ,64,0.0,0,1
1370,4E3F7B7F2D610A10,11,22,0.0,0,NG,64,0.0,0,0
1371,5a2201d7-0205-44fb-95f6-cd2d71a548f9,1,1,0.0,0,LY,64,0.0,0,0
1372,BBF97E6641F193DB,1,3,0.0,0,US,64,0.0,0,0
1373,5028749FC90F9229,1,3,0.0,0,SN,64,0.0,0,0
1374,C55AA93DC7ABDA2A,1,2,0.0,0,FR,65,0.0,0,0
1375,67456139A481D21E,1,1,0.0,0,DZ,64,0.0,0,0
1376,ED6070E13634EF41,2,18,0.0012,4,PK,63,0.0,0,1
1377,D384B4A5E3E0269F,2,7,0.0079,2,BR,64,0.0,0,1
1378,110BC9D9257A97F,7,29,0.0,0,IN,63,0.0,0,0
1379,E9874AB7F5F7971B,3,16,1.033,2,US,64,0.0,0,1
1380,33271262-ac3c-4eed-a250-fb4c0e1f7869,5,17,0.0,0,CI,63,0.0,0,0
1381,553B3C407B8A2F19,1,2,0.0,0,IQ,64,0.0,0,0
1382,BCB447FBE6D8B5D5,2,2,0.0,0,CA,65,0.0,0,0
1383,AC827E15B008662C,5,25,0.0,0,US,65,0.0,0,0
1384,BECA6A5ABB5703B0,5,41,0.015599999999999998,9,AG,64,0.0,0,1
1385,99e2feb7-f2cc-4b3b-b040-1d8ccb6cac7b,1,23,0.0,0,AO,64,0.0,0,0
1386,3F87D97B0E8EDE92,2,28,0.0359,7,US,64,0.0,0,1
1387,BB3D73050EFC2A8E,1,9,0.0,0,US,63,0.0,0,0
1388,DAEE380733D424D4,1,2,0.0,0,AU,63,0.0,0,0
1389,E01F5F83D292EEA7,1,9,0.0,0,TN,65,0.0,0,0
1390,64BF3838A376B93F,2,4,0.0,0,US,63,0.0,0,0
1391,DDA422356060C3EC,1,1,0.0,0,PH,63,0.0,0,0
1392,E507F564B3D37C19,3,13,0.085,5,US,65,0.0,0,1
1393,9E92B7DFE8D30108,2,3,0.0,0,CD,64,0.0,0,0
1394,b14c4c60-1613-4013-b25b-a672b93ca2f9,1,1,0.0,0,LY,63,0.0,0,0
1395,076a7569-4b60-41c8-b4aa-dd3bd5125686,1,1,0.0,0,LA,64,0.0,0,0
1396,C04E81A4051ABDB,2,5,0.0,0,US,65,0.0,0,0
1397,334CE1C60740E870,1,18,0.0387,4,US,63,0.0,0,1
1398,77E3207A7B0B58D1,4,66,0.0072000000000000015,14,PE,64,0.0,0,1
1399,6EB3438A0CC920BB,1,5,0.0,0,DZ,63,0.0,0,0
1400,C28DAB4B97085373,1,5,0.0,0,IQ,63,0.0,0,0
1401,39B81EE418022A56,2,19,0.0329,8,US,65,0.0,0,1
1402,C0DD7E8A0C9BDF6E,11,39,0.002,1,EG,63,0.0,0,1
1403,3E6B3933E384109B,4,17,0.0,0,CR,65,0.0,0,0
1404,F2F7133552A157AE,1,9,0.0097,2,CA,64,0.0,0,1
1405,bbad57eb-dd80-4be4-bbd1-f7415bfe09da,8,49,0.0,0,GB,63,0.0,0,0
1406,9E373FD34DC30591,1,4,0.0013,1,IQ,63,0.0,0,1
1407,A912023A6A4F2FF,1,10,0.0,0,PK,63,0.0,0,0
1408,A2AFD4AEF23C608F,1,6,0.0,0,MA,63,0.0,0,0
1409,A57000087EB3A84F,1,3,0.031100000000000003,2,US,65,0.0,0,1
1410,26611D9F74B3F652,1,2,0.0,0,MA,63,0.0,0,0
1411,D8B67914BF12A3F4,1,5,0.0,0,IT,63,0.0,0,0
1412,D4AC6632E39A9E01,6,13,0.0,0,US,64,0.0,0,0
1413,87DE730A441C88D3,1,2,0.0,0,DO,63,0.0,0,0
1414,481B0A4FE7CB6541,1,4,0.0,0,BR,64,0.0,0,0
1415,E42DBC2D6AA74E6D,8,46,0.0335,4,MX,65,0.0,0,1
1416,98e7a98b-9fce-4811-a3a5-a600a4663690,1,1,0.0,0,SN,65,0.0,0,0
1417,A218042B59C435CA,1,1,0.0,0,SA,64,0.0,0,0
1418,62FF3DA55EA79EFA,2,41,0.0043,15,BO,65,0.0,0,1
1419,931aa0ef-2d32-4b73-8113-4b5c93f13643,1,1,0.0,0,DE,63,0.0,0,0
1420,48646CECCA226D42,1,8,0.0,0,CA,63,0.0,0,0
1421,A6AED8AE379201A,1,19,1.3460999999999999,3,CA,65,0.0,0,1
1422,AD53B48C33A50B8D,1,4,0.0147,3,US,64,0.0,0,1
1423,81C0046D44777040,1,11,0.0012,1,DZ,64,0.0,0,1
1424,FD255F6F4A9E1927,1,15,0.0,0,EG,63,0.0,0,0
1425,4078C0A37D0B0ECB,3,28,0.0,0,MA,65,0.0,0,0
1426,F649BAE2CB923BF3,1,3,0.0,0,JP,65,0.0,0,0
1427,d3c81833-ac26-4f20-9c0c-7c4da64009f4,14,104,0.0,0,PH,64,0.0,0,0
1428,a34618e3-c747-4893-a528-2650e98454b8,2,2,0.0,0,VE,65,0.0,0,0
1429,3C3DC7A5D8D356B2,1,8,0.024300000000000002,2,CA,64,0.0,0,1
1430,DA99E4BE2F282D7C,1,2,0.0,0,BA,64,0.0,0,0
1431,73206a5b-95cf-4b1c-87b2-c49e5797bd71,1,1,0.0,0,BD,65,0.0,0,0
1432,7A5F0F6DACFAEE67,1,4,0.0,0,NZ,63,0.0,0,0
1433,d9fc1c4a-f75c-4a28-9c22-e4add4eadde3,1,1,0.0,0,BR,63,0.0,0,0
1434,E7D19F73122D97DB,1,1,0.0,0,BR,63,0.0,0,0
1435,735550153730C0E,2,2,0.0,0,KH,65,0.0,0,0
1436,10CAB6D7DF033B9C,2,19,0.0049,7,CM,65,0.0,0,1
1437,D113A3BF71B3FCB8,3,36,0.0042,5,NI,65,0.0,0,1
1438,4F9B39B0F67BE372,1,4,0.0,0,BJ,64,0.0,0,0
1439,FC257F1FFA6154D4,1,2,0.0,0,US,64,0.0,0,0
1440,51F7008C423C71DA,5,14,0.0,0,IN,65,0.0,0,0
1441,CFFF699CD8B37B62,2,10,0.028000000000000004,3,CA,65,0.0,0,1
1442,2812ae83-250a-451b-83be-e07891dc13a9,1,1,0.0,0,HT,64,0.0,0,0
1443,239853e5-2ea9-43c1-a192-25205f00f844,1,1,0.0,0,MZ,65,0.0,0,0
1444,B87E3E940892A155,8,18,0.1024,3,AU,65,0.0,0,1
1445,AFF1A106538EF519,6,24,0.0,0,IR,63,0.0,0,0
1446,7F0C0AB7835A1390,1,2,0.0,0,MU,65,0.0,0,0
1447,3f3aee68-fbfd-4af3-84e1-e42a1c6812a8,2,2,0.0,0,US,63,0.0,0,0
1448,114ff180-7e22-4347-836a-f05ed7209c0f,1,1,0.0,0,DZ,64,0.0,0,0
1449,9A83D6AA285986F6,2,4,0.0,0,US,65,0.0,0,0
1450,496CA4EE19514DB9,1,2,0.0,0,AZ,63,0.0,0,0
1451,4E959F711C773C04,1,1,0.0,0,US,64,0.0,0,0
1452,a8bffb93-9420-4f41-9613-dc8da1f4842c,9,78,0.0,0,DZ,65,0.0,0,0
1453,461553AD45FCC885,2,23,0.016399999999999998,2,BR,64,0.0,0,1
1454,6FABBBCE79B89DEA,1,5,0.0006,1,VE,65,0.0,0,1
1455,B906612063BD50B9,1,3,0.0,0,DZ,64,0.0,0,0
1456,7866A123744FAC16,1,3,0.0,0,AU,63,0.0,0,0
1457,5CEC51C379BFD0F,1,4,0.0,0,MX,64,0.0,0,0
1458,2DA3F7B6FEF7B602,6,55,0.012600000000000002,18,ID,65,0.0,0,1
1459,BC28A248467C059D,2,10,0.3687,2,US,65,0.0,0,1
1460,1D3B158C48DED9E0,1,5,0.0,0,GH,63,0.0,0,0
1461,633D05045F013CF5,4,23,0.046299999999999994,2,GB,64,0.0,0,1
1462,93089a03-02c8-4561-87ff-1642c96a96f5,2,2,0.0,0,MX,63,0.0,0,0
1463,1209cab8-83c1-4876-bb42-17250ac851ff,2,2,0.0,0,IQ,63,0.0,0,0
1464,A97B4DFA28A1719A,14,65,0.0,0,DZ,65,0.0,0,0
1465,56C9F74CB9B8730,1,4,0.0,0,LA,64,0.0,0,0
1466,D8CD0242DA98136A,1,3,0.0,0,MZ,65,0.0,0,0
1467,FD8C5DD624FE77A1,2,93,0.1863,28,US,63,0.0,0,1
1468,598E10153B747712,3,28,0.004,8,PH,64,0.0,0,1
1469,A7FDA82149119A59,2,9,0.0,0,US,65,0.0,0,0
1470,F59C1096DE091F34,5,15,0.0,0,PH,65,0.0,0,0
1471,3CEDECAC4A1E7399,3,35,0.0818,3,US,65,0.0,0,1
1472,7FA8EC2B825173DD,2,4,0.0,0,MY,63,0.0,0,0
1473,EB2124C8DF9CA681,5,32,0.0,0,TN,64,0.0,0,0
1474,809CBB73C0CC7D03,1,4,0.0,0,EG,63,0.0,0,0
1475,2E97456FC04F7824,2,38,0.07129999999999999,8,DE,63,0.0,0,1
1476,FD092541856C36EE,2,16,0.023299999999999998,5,ZA,64,0.0,0,1
1477,DA0807925724F6F8,2,12,0.0,0,AZ,65,0.0,0,0
1478,83635D2EE4797D0D,2,6,0.0003,1,US,65,0.0,0,1
1479,94D2FF56464CE3ED,2,2,0.0,0,ID,64,0.0,0,0
1480,9B54F0E5F27FE3E2,3,17,0.006900000000000001,7,PK,65,0.0,0,1
1481,842467DFFB2714F,1,2,0.0,0,RO,65,0.0,0,0
1482,D34FCAD0E3F9E36,2,15,0.1325,4,CA,65,0.0,0,1
1483,291340428E4E569A,2,54,0.05159999999999999,16,FR,65,0.0,0,1
1484,BBC9F5A9FBADF354,6,35,0.0023,1,IN,65,0.0,0,1
1485,0cfd0572-08a3-4b15-a996-439e83c98f71,1,1,0.0,0,SA,63,0.0,0,0
1486,3BFD83896544C5DF,1,1,0.0,0,BR,63,0.0,0,0
1487,504EEFE23703F2B8,1,4,0.0,0,DE,65,0.0,0,0
1488,3B4C517F432A8EA0,3,9,0.0,0,AU,64,0.0,0,0
1489,BC8DD1F1014ECCC4,1,14,0.0003,1,DZ,65,0.0,0,1
1490,FF5E4B5906E7EB92,1,5,0.0,0,DZ,63,0.0,0,0
1491,20B93627BC44C93F,1,7,0.0,0,NI,63,0.0,0,0
1492,E0AD9C16E8238B6A,1,2,0.0,0,DZ,63,0.0,0,0
1493,31C4AD0F2129A7DB,1,3,0.0,0,IN,65,0.0,0,0
1494,326BE6B2F9D86508,2,10,0.0,0,DZ,64,0.0,0,0
1495,53E5DD471B4F7090,9,72,0.0,0,CD,65,0.0,0,0
1496,29EB020F577D6E62,1,4,0.0,0,IN,65,0.0,0,0
1497,32F02631FEB46055,1,1,0.0,0,US,63,0.0,0,0
1498,FAB91409A2F59E3B,1,4,0.0,0,US,64,0.0,0,0
1499,65BE68EA79E7A169,3,25,0.0,0,SN,65,0.0,0,0
1500,5772A926DE09E583,2,18,0.0,0,UA,64,0.0,0,0
1501,5832E215E4AAA6C8,1,6,0.0298,1,AU,63,0.0,0,1
1502,D86AD8985E88E5DE,1,3,0.0,0,US,63,0.0,0,0
1503,C220E59E8825C682,4,26,0.0,0,US,65,0.0,0,0
1504,F24992C71D80CBBC,2,8,0.002,3,MY,65,0.0,0,1
1505,E0AE81917DADC158,2,5,0.0,0,US,64,0.0,0,0
1506,32C9CC5E5990F94E,2,4,0.0,0,FJ,64,0.0,0,0
1507,349C67C865989E5F,3,9,0.0001,1,GY,63,0.0,0,1
1508,94287928-55e6-4ab1-85bf-93bd6adbb1f1,1,1,0.0,0,EC,63,0.0,0,0
1509,12f29350-bc15-4035-9627-1724fd7fac1f,1,1,0.0,0,MX,63,0.0,0,0
1510,AF32797DC93E89AF,1,4,0.0,0,BR,65,0.0,0,0
1511,20D1E92E239BE20A,1,1,0.0,0,UA,64,0.0,0,0
1512,17B33CFDEBA9274B,5,9,0.0,0,CO,63,0.0,0,0
1513,EE1A3B6A15188898,1,1,0.0,0,US,63,0.0,0,0
1514,52B96B4F85F8601C,2,5,0.0,0,IN,63,0.0,0,0
1515,AFCF5DDBA1FF6B36,2,18,0.0011,3,DZ,65,0.0,0,1
1516,016b5773-237f-4e97-a11f-bf8eeed65fd0,1,24,0.0,0,DZ,63,0.0,0,0
1517,564266481115DCBC,1,3,0.0,0,JP,63,0.0,0,0
1518,2E9FFD6CF280179,2,22,0.0,0,US,65,0.0,0,0
1519,708B8D63DD9D7AC2,3,25,0.0,0,MA,65,0.0,0,0
1520,B4965CC3EAAF1ABD,2,2,0.0,0,PH,64,0.0,0,0
1521,6811CB147E9F4CB2,1,2,0.0,0,GB,65,0.0,0,0
1522,E1FC0C2CE3FDF525,2,5,0.0,0,VE,63,0.0,0,0
1523,C9DFF980F10E99FD,5,36,0.0,0,PH,63,0.0,0,0
1524,E45039062582674E,2,29,0.037700000000000004,8,ES,64,0.0,0,1
1525,f9dd6e3b-6a9a-44b6-b37b-812dfd225d02,2,2,0.0,0,IQ,63,0.0,0,0
1526,AFC914637D117645,2,4,0.0,0,DZ,65,0.0,0,0
1527,560E5500F0445EA2,2,6,0.0,0,BB,65,0.0,0,0
1528,E1AE8869D4C1EE97,1,1,0.0,0,DE,63,0.0,0,0
1529,C7F29CA0AB45F406,1,1,0.0,0,GN,65,0.0,0,0
1530,e9d91a00-568a-41e6-bf29-c61e8454e64a,1,1,0.0,0,IN,65,0.0,0,0
1531,D52D8CBE892416A6,3,11,0.0,0,DO,63,0.0,0,0
1532,F0CC5866E09F81ED,1,12,0.0,0,DZ,65,0.0,0,0
1533,3174DD303919250D,2,34,0.0006,2,IQ,64,0.0,0,1
1534,5C7613E165970F7A,1,10,0.0178,2,US,63,0.0,0,1
1535,63EAC81A439FD9DF,1,4,0.0,0,JM,63,0.0,0,0
1536,5B368CC34E21C0F,1,2,0.0,0,US,63,0.0,0,0
1537,dbcdb185-d48b-46ab-ac7e-0a0bcb2f7d18,1,1,0.0,0,DZ,63,0.0,0,0
1538,636FADDCC3305DB1,1,4,0.0,0,IN,65,0.0,0,0
1539,2bd1cc99-08e6-4cb5-b4b5-ec56e722111c,2,24,0.002,3,CI,64,0.0,0,1
1540,B165618B113A0507,2,6,0.0002,1,DZ,64,0.0,0,1
1541,30B933657777A005,3,27,0.0004,1,HT,65,0.0,0,1
1542,cfc2f96f-7a29-4d7a-abeb-91842e93633c,1,1,0.0,0,UA,65,0.0,0,0
1543,85A18EA027AAA530,4,83,0.0251,6,CI,64,0.0,0,1
1544,E794E61BC2944FFC,3,13,0.0,0,IQ,64,0.0,0,0
1545,702AC487A7E8BEB9,11,25,0.0,0,PH,64,0.0,0,0
1546,1BDFA082DC57BE63,1,1,0.0,0,US,64,0.0,0,0
1547,8E3D40FCEBB7E72B,1,9,0.0,0,US,63,0.0,0,0
1548,bb24db0c-81ac-43e4-8596-0b2c31aaef14,2,11,0.0,0,DZ,64,0.0,0,0
1549,56AF3A7FC1A808A6,1,3,0.0,0,NI,64,0.0,0,0
1550,F5C701CADE029E59,5,36,0.0134,9,PH,65,0.0,0,1
1551,DD57051D82DF6D2F,1,17,0.0,0,IN,64,0.0,0,0
1552,DB9DE68B286F5B6C,1,4,0.0005,1,IN,65,0.0,0,1
1553,186754FF33A15EF7,1,7,0.0,0,US,64,0.0,0,0
1554,2A3FF7A03DBCF0E1,3,13,0.0,0,NP,65,0.0,0,0
1555,c8445ea8-1e53-4183-9bce-f6087f87a0bf,2,2,0.0,0,AR,65,0.0,0,0
1556,395F6F9745DA86EA,1,6,0.1577,1,US,64,0.0,0,1
1557,46C20F0AA47B5706,2,10,0.0,0,MP,63,0.0,0,0
1558,C63F9164C08F3B13,1,1,0.0,0,MX,65,0.0,0,0
1559,AB5E638AEE8FE8FD,1,13,0.0,0,DZ,64,0.0,0,0
1560,82740D9FA7C2F250,1,28,0.054400000000000004,8,US,65,0.0,0,1
1561,4F5E566A827F9B9A,1,21,0.004,6,IQ,63,0.0,0,1
1562,5DABADD889E6D0B3,2,13,0.0,0,VE,65,0.0,0,0
1563,C758A654A93EB73A,2,9,0.0,0,DZ,65,0.0,0,0
1564,A9070C83A2C7524F,1,35,0.0176,1,SA,65,0.0,0,1
1565,20AA8BF81802AEE2,1,14,0.06480000000000001,8,CA,63,0.0,0,1
1566,F9A6F87AB5FA01EE,1,5,0.0,0,PH,65,0.0,0,0
1567,12C5356EB4E8B4CE,4,10,0.0,0,US,63,0.0,0,0
1568,ed98c29c-9736-4f3f-a2ce-7f1fbe842b60,1,1,0.0,0,VE,65,0.0,0,0
1569,99628CAFF305EEF3,1,5,0.0,0,BR,63,0.0,0,0
1570,95AAADAAC1EBBB5C,1,4,0.0035,3,RU,65,0.0,0,1
1571,64CB7CA7F37BD63A,1,4,0.0,0,DZ,64,0.0,0,0
1572,C78D93BB4AEC8D03,1,3,0.0,0,MA,65,0.0,0,0
1573,4F82F4E64989357,1,4,0.0,0,MR,63,0.0,0,0
1574,C45D322E53E3240F,1,5,0.0,0,SA,65,0.0,0,0
1575,23B383F80F23E083,1,30,2.4370000000000003,4,US,65,0.0,0,1
1576,08e2367f-2557-4ab6-8171-4a1326a039d9,3,23,0.0,0,DZ,64,0.0,0,0
1577,47937F2E1DB9536F,1,4,0.0,0,GB,63,0.0,0,0
1578,7BAF67E97E850F74,1,4,0.0,0,LY,65,0.0,0,0
1579,E068DE601C545ABB,1,4,0.0,0,EG,63,0.0,0,0
1580,7c88fff1-39aa-465f-9e69-35060c472749,3,3,0.0,0,CG,64,0.0,0,0
1581,974f1dc8-5a63-4cc9-9de9-29866812c29d,1,1,0.0,0,US,63,0.0,0,0
1582,558E814700D0D522,4,40,0.0034999999999999996,3,BR,65,0.0,0,1
1583,5AD74FD010F8DACB,1,21,0.0,0,IQ,64,0.0,0,0
1584,2AFF875CE9AE4B5F,1,6,0.0,0,CA,65,0.0,0,0
1585,E9B88523983315CA,2,33,0.0071,10,DE,64,0.0,0,1
1586,3BB6733EF235BD0A,1,14,0.0,0,SV,64,0.0,0,0
1587,6E568045B00C558F,2,18,0.012899999999999998,15,RU,64,0.0,0,1
1588,E1989673CF5C704E,1,12,0.0021,1,MX,63,0.0,0,1
1589,5a5fd5f6-8381-48bd-91a7-663a1eb285bf,2,2,0.0,0,PE,64,0.0,0,0
1590,49DD8CFA3C667A9D,1,18,0.0682,7,US,63,0.0,0,1
1591,3397269B9079D946,1,2,0.0,0,GA,63,0.0,0,0
1592,25C3F61407793EC1,1,6,0.0037,5,PK,63,0.0,0,1
1593,6145C34182F924DC,1,1,0.0,0,MX,63,0.0,0,0
1594,9238af67-6844-445b-a9f1-da911912d003,2,2,0.0,0,VE,65,0.0,0,0
1595,84449F90F117B83,2,24,0.0,0,BJ,65,0.0,0,0
1596,B86901244833E1A1,1,44,0.3934,9,CA,65,0.0,0,1
1597,34CEF7DBFB354075,2,53,0.098,7,JP,63,0.0,0,1
1598,bb209e78-eb16-42e3-b892-6df361e5ebbf,2,23,0.44739999999999996,3,US,64,0.0,0,1
1599,B8FAAD14DAB3DB2C,2,15,4.0095,2,US,65,0.0,0,1
1600,3BBA3359B5E8EA9B,2,10,0.0,0,VE,65,0.0,0,0
1601,582E2FC09005037F,2,56,0.0048,1,BR,64,0.0,0,1
1602,8CB12A6B9BD8C094,2,5,0.0,0,BR,65,0.0,0,0
1603,d288d53f-74bc-448d-8670-6d7f4823f8e3,2,8,0.0,0,EG,64,0.0,0,0
1604,C3625C59B2AA1CC6,1,4,0.0,0,CO,63,0.0,0,0
1605,2BF5FD168BE3627B,1,2,0.0,0,US,63,0.0,0,0
1606,8362e822-1277-412c-86e5-eb5fcd0bc183,2,2,0.0,0,AR,63,0.0,0,0
1607,de34dbe2-30dd-48ab-b440-7e5d94596b10,1,1,0.0,0,US,64,0.0,0,0
1608,8a32f916-ad3c-4209-8aa8-7fcdcfde2d2f,1,1,0.0,0,SO,64,0.0,0,0
1609,B8A538F18228D9CC,1,1,0.0,0,US,65,0.0,0,0
1610,44A3312EECF1B9AF,1,4,0.0,0,VE,63,0.0,0,0
1611,164D27BAFACCF92F,3,15,0.0031,12,JP,64,0.0,0,1
1612,6B5544EB24523916,1,14,0.0026,6,PK,64,0.0,0,1
1613,E85DD1764AEACBBA,4,24,0.029300000000000003,6,US,65,0.0,0,1
1614,973285465DAB64BC,1,22,0.0,0,IQ,63,0.0,0,0
1615,14C140EFB8F6DFBB,2,7,0.0,0,US,65,0.0,0,0
1616,B8B5F41764281045,1,2,0.0,0,US,65,0.0,0,0
1617,D8310F4E57B6D4DA,1,4,0.0,0,GB,65,0.0,0,0
1618,42fc968b-243f-4411-aff6-c4f29fa48cb0,2,2,0.0,0,CO,64,0.0,0,0
1619,9b53c188-7510-42a8-8f77-14810f54d96c,1,1,0.0,0,VE,63,0.0,0,0
1620,4A89E790CEEA90CA,1,1,0.0,0,US,63,0.0,0,0
1621,792FA3D3190362FD,1,4,0.0,0,SN,65,0.0,0,0
1622,5214004866DA8AD7,1,3,0.0,0,US,65,0.0,0,0
1623,C3077586195736C,1,5,0.0,0,DZ,63,0.0,0,0
1624,FF588128E9C128C4,1,3,0.0,0,BR,65,0.0,0,0
1625,996A178E986B4C9B,1,1,0.0,0,GB,64,0.0,0,0
1626,10E1D0F3D8717583,2,19,0.0037,2,ID,63,0.0,0,1
1627,58D8B492C45EA510,1,16,0.0335,6,QA,63,0.0,0,1
1628,BE6878EC5EA46298,1,6,0.0,0,DZ,64,0.0,0,0
1629,92ED92AAB2CCB3,5,38,0.0,0,CU,65,0.0,0,0
1630,8758C21F5E05FEE,1,3,0.0,0,FR,63,0.0,0,0
1631,EB5AE3AB86C2B972,1,4,0.0,0,JM,65,0.0,0,0
1632,8DFF3F6BF6F37B3C,1,4,0.0,0,ZA,64,0.0,0,0
1633,1C2D3245B3796226,2,6,0.0,0,VE,65,0.0,0,0
1634,29194FFF7BD41F50,1,27,0.0174,2,US,65,0.0,0,1
1635,3F3A05382F5C31CE,2,18,0.0003,1,DZ,65,0.0,0,1
1636,546D4E4BD4EFEBF4,1,5,0.0,0,IQ,64,0.0,0,0
1637,B8D855D81EC8AF5,1,4,0.0,0,US,65,0.0,0,0
1638,C2E893F61C17633B,2,6,0.0,0,US,65,0.0,0,0
1639,9C147F8F4F5A74AC,1,1,0.0,0,FR,64,0.0,0,0
1640,B3651907C693373,1,3,0.0,0,US,65,0.0,0,0
1641,BE0B551EC4310470,4,49,0.04309999999999999,15,MX,65,0.0,0,1
1642,EB987B08C747BA17,1,3,0.0,0,DZ,65,0.0,0,0
1643,62C95ECE80C25345,1,14,0.0004,4,DE,65,0.0,0,1
1644,DB8B5C50DCFB1384,3,7,0.0,0,NZ,63,0.0,0,0
1645,95946dee-c9cd-42c4-a562-347078ca9ea6,1,1,0.0,0,BF,65,0.0,0,0
1646,186A9003514604F0,3,41,0.0021999999999999997,4,DZ,64,0.0,0,1
1647,178FDE200D6A0052,1,2,0.0,0,VE,63,0.0,0,0
1648,41A339CD949684B5,1,8,0.0,0,DE,64,0.0,0,0
1649,B5C21871C61C600C,1,3,0.001,1,ID,64,0.0,0,1
1650,DFB148D94C3DBB38,1,5,0.0183,1,US,63,0.0,0,1
1651,D2427CC19A793785,2,8,0.0,0,US,64,0.0,0,0
1652,AB0727632CA55250,2,5,0.0,0,ES,65,0.0,0,0
1653,808BCAF0CBC7510F,2,4,0.0,0,US,64,0.0,0,0
1654,E2B2BBDF8965F68C,1,1,0.0,0,US,64,0.0,0,0
1655,baa8c22c-aa15-4ed7-8722-509652c1bea1,1,1,0.0,0,DZ,64,0.0,0,0
1656,E5D646EC0009B432,1,17,0.0311,3,PH,63,0.0,0,1
1657,9BFB49576903897D,2,20,0.0,0,AO,64,0.0,0,0
1658,1B035720BDFA90B9,1,8,0.0079,3,BR,63,0.0,0,1
1659,CF7A496CD0483559,1,3,0.0,0,PT,64,0.0,0,0
1660,CFCF8718BEEB1D54,4,30,0.0021999999999999997,2,KN,65,0.0,0,1
1661,AD36225BAD04C315,3,4,0.0,0,US,65,0.0,0,0
1662,443e52b9-e02a-4a4b-a7fb-89d1ec0435d3,2,5,0.0,0,PK,63,0.0,0,0
1663,DB32CC9ACDF139A0,1,5,0.0,0,RS,63,0.0,0,0
1664,8cdfad77-7b49-4a26-8a27-138e927bf44f,1,1,0.0,0,VN,64,0.0,0,0
1665,DE0F9110930D69C2,1,4,0.0,0,SA,65,0.0,0,0
1666,7C784AF05ADEEB79,1,3,0.0,0,HT,64,0.0,0,0
1667,83DA7581E39A7CE4,2,4,0.0,0,MX,63,0.0,0,0
1668,FD720DCC3B938D75,1,2,0.0,0,RU,64,0.0,0,0
1669,89faf3b2-35ae-4f32-92b0-6659686d135c,2,2,0.0,0,US,65,0.0,0,0
1670,8a9a0a22-c9cb-4a9e-a50e-75d09f7b29fb,1,1,0.0,0,AO,64,0.0,0,0
1671,DF5526EB9E5D6ED1,1,11,0.0017000000000000001,3,PH,65,0.0,0,1
1672,784993386E42425C,1,5,0.0,0,VE,65,0.0,0,0
1673,A6EF1786BE171BA3,1,5,0.0004,1,IQ,65,0.0,0,1
1674,45A4BF05DA5BF3EE,2,4,0.0,0,US,65,0.0,0,0
1675,A68E2EEE217273ED,1,1,0.0,0,RS,63,0.0,0,0
1676,E2DDD34E2918076F,3,5,0.0,0,US,64,0.0,0,0
1677,F2C8235032B3C6F4,1,1,0.0,0,CL,65,0.0,0,0
1678,A84E1FF5A2FFF53B,2,38,0.0,0,US,63,0.0,0,0
1679,6863F793742E9344,1,11,0.0,0,US,63,0.0,0,0
1680,A0C35DFF7CDEB94D,1,17,1.0457,4,US,64,0.0,0,1
1681,228A5970321FE590,1,4,0.0,0,PH,64,0.0,0,0
1682,C56CB7E5D07CEC39,1,4,0.0,0,MX,65,0.0,0,0
1683,57BC7FD16DDEA340,2,4,0.0072,1,MY,64,0.0,0,1
1684,435c4e9d-6fd0-4d97-baab-6c9a48156381,1,1,0.0,0,IN,65,0.0,0,0
1685,916A31A601211911,2,4,0.0,0,PR,64,0.0,0,0
1686,F5128F6FAD21361E,1,3,0.0,0,US,64,0.0,0,0
1687,19CC8EF20DC307EF,1,5,0.0,0,CA,65,0.0,0,0
1688,E0083DA446B2791E,2,17,0.0081,3,MY,64,0.0,0,1
1689,DEF1227E4B6DE498,1,2,0.0,0,US,65,0.0,0,0
1690,ac127abc-8641-4ddd-98a0-955e9bb72fee,1,1,0.0,0,VE,65,0.0,0,0
1691,CB047E9C6EA7879B,7,36,0.0,0,BD,65,0.0,0,0
1692,56A3BA5B4DC0BD93,1,7,0.0,0,CN,65,0.0,0,0
1693,3045679D0BCFFE65,2,38,0.020399999999999998,12,MT,65,0.0,0,1
1694,DBD9F54B2EC314A4,4,5,0.0,0,US,65,0.0,0,0
1695,6BDC0A18B1F2505E,1,3,0.0,0,BR,65,0.0,0,0
1696,B3326848A292722E,3,34,0.0405,5,CA,65,0.0,0,1
1697,729F68BA25397712,2,15,0.002,2,NG,63,0.0,0,1
1698,C27A56F1C163BD4D,1,13,0.0008,1,PH,65,0.0,0,1
1699,FAEFB7F44F3A8C6D,1,2,0.0015,1,RU,63,0.0,0,1
1700,9A4BE5FC0625A019,1,6,0.0,0,IQ,63,0.0,0,0
1701,D46F31921D8AC6E8,3,9,0.0293,1,CA,63,0.0,0,1
1702,6AF956CE5E7A3849,1,10,0.0,0,DO,63,0.0,0,0
1703,5edac3e7-0b5d-4a68-bb98-ad4cc7d90e68,1,2,0.0,0,MA,63,0.0,0,0
1704,BBD65ACD43EF6054,1,3,0.0,0,JM,64,0.0,0,0
1705,664EFABA71FD9C2E,1,4,0.0,0,US,63,0.0,0,0
1706,f4084026-9e56-462a-83eb-cf1117d2ef62,1,1,0.0,0,LA,64,0.0,0,0
1707,861775A51466363C,2,11,0.0,0,US,64,0.0,0,0
1708,9BE8C121073596A,1,22,0.36629999999999996,3,US,63,0.0,0,1
1709,D30CB500466A30CB,1,34,3.4511000000000003,10,US,64,0.0,0,1
1710,88A84D10012D6E1C,1,26,0.011600000000000001,4,MX,64,0.0,0,1
1711,BD55AE05C7E2415E,1,3,0.0,0,RU,65,0.0,0,0
1712,cbff99fe-8a7e-47b2-b7b0-9231dff7a247,1,1,0.0,0,AU,64,0.0,0,0
1713,CB65AB9625DFE353,2,11,0.963,1,US,63,0.0,0,1
1714,41C84BCEEFEE948B,1,7,0.0,0,LA,65,0.0,0,0
1715,7846608f-0cc0-478b-a5e6-e450fc0e1854,1,1,0.0,0,TN,64,0.0,0,0
1716,1BC541F84D2526B4,1,5,0.0021,1,GB,63,0.0,0,1
1717,fce246cf-4788-4d39-8c59-3bb03d1669f8,2,2,0.0,0,MA,65,0.0,0,0
1718,72DD5F5BF0B3F050,2,12,0.0005,1,IN,65,0.0,0,1
1719,1816349D9AA2EA2F,1,1,0.0,0,CA,64,0.0,0,0
1720,57a3cb90-dffc-420f-ba5a-5fa7e6236832,2,2,0.0,0,US,65,0.0,0,0
1721,77016478606FEEDC,1,1,0.0,0,US,64,0.0,0,0
1722,90199B95F2C0528E,2,19,0.0502,5,JP,63,0.0,0,1
1723,5F351129BE1F50BC,1,9,0.7103,1,US,63,0.0,0,1
1724,ECFCC3E508B93F25,2,6,0.0376,3,US,65,0.0,0,1
1725,B9677BE1B099750A,1,1,0.0,0,DZ,64,0.0,0,0
1726,793C856FAD0D8770,1,3,0.0,0,PY,65,0.0,0,0
1727,4F81ECA7CF3D006,1,3,0.0,0,US,64,0.0,0,0
1728,180049fe-f71f-4674-a445-0b5d435cd064,16,88,0.0015,1,MX,65,0.0,0,1
1729,947F13C16BF1F942,2,18,0.1049,2,GB,63,0.0,0,1
1730,C9B8947FDB075CC6,1,11,0.0,0,IN,64,0.0,0,0
1731,F1628389AA0760DA,1,1,0.0,0,PR,65,0.0,0,0
1732,1354E585E411DA84,1,3,0.0,0,AZ,65,0.0,0,0
1733,8682FF13A36DA507,1,2,0.0,0,US,63,0.0,0,0
1734,FF72B632A27A9238,1,12,1.9781,3,US,64,0.0,0,1
1735,AB6FCEC6FF1E7045,1,3,0.0,0,US,64,0.0,0,0
1736,4D6F774913FFFEA6,1,3,0.0,0,AU,64,0.0,0,0
1737,E4C86A72A633E5CC,2,8,0.0053,2,MY,63,0.0,0,1
1738,C0C5CFF68D10E15,1,3,0.0,0,CA,65,0.0,0,0
1739,C4A7319BDAE0BE75,1,1,0.0,0,US,65,0.0,0,0
1740,7EFD1DC875B4F76F,1,4,0.004,1,BR,65,0.0,0,1
1741,83948C919F74A400,1,5,0.0,0,US,64,0.0,0,0
1742,32aab67e-cd75-41b7-b8c7-e26da4b62f74,1,1,0.0,0,PH,64,0.0,0,0
1743,caca2da0-1937-49c1-95a0-e59fcde76de5,2,2,0.0,0,TN,64,0.0,0,0
1744,7EC42B0627403049,2,25,0.0053,1,CI,63,0.0,0,1
1745,B9152F4AC90FA4CE,1,28,0.0121,2,US,63,0.0,0,1
1746,84B6B9B0AA021642,1,5,0.0,0,BR,64,0.0,0,0
1747,17F06154FAA5947E,1,4,0.0,0,FJ,64,0.0,0,0
1748,BED3BBDE282B9B99,1,2,0.0,0,BR,63,0.0,0,0
1749,E828EF48DC6511B5,3,17,0.0,0,TN,65,0.0,0,0
1750,E42C7FFDFED042A0,1,6,0.0,0,IN,63,0.0,0,0
1751,A059A806050DD691,2,16,0.0494,3,US,64,0.0,0,1
1752,64FA39F2297A0A04,3,28,0.0102,2,BR,63,0.0,0,1
1753,2DEEDE5B7253DBB8,1,14,0.0525,4,GB,64,0.0,0,1
1754,3caec74f-a4c3-4a5a-a144-c55c44829ebd,1,4,0.0,0,DZ,64,0.0,0,0
1755,a3a5406f-7247-4fc1-ad0d-c6e375ed2601,2,2,0.0,0,US,64,0.0,0,0
1756,6C035105C59BF9FB,1,2,0.0,0,CO,63,0.0,0,0
1757,ED7D8C734FBBD411,1,4,0.0124,1,US,64,0.0,0,1
1758,E1B2E5AFC74D57EF,1,4,0.0,0,GB,63,0.0,0,0
1759,B0FF21FC6D197769,1,2,0.0,0,TN,63,0.0,0,0
1760,FD853D0334DF7566,1,2,0.0,0,US,63,0.0,0,0
1761,E285C561BB87E141,1,1,0.0,0,CA,65,0.0,0,0
1762,CECC2D3384ECD6B7,3,10,0.0,0,SA,65,0.0,0,0
1763,880A9D6919D8217D,3,9,0.0,0,TH,65,0.0,0,0
1764,a66abac4-f13e-45fc-a6e0-0ab461965e15,1,1,0.0,0,US,63,0.0,0,0
1765,6051E8A84C05AA34,1,3,0.0,0,GB,64,0.0,0,0
1766,327E4474175C223,1,10,0.0,0,GM,65,0.0,0,0
1767,D7D7C67D26438025,2,2,0.0,0,DZ,64,0.0,0,0
1768,680ea235-a286-43f0-9209-c392207342c9,2,2,0.0,0,UA,63,0.0,0,0
1769,E887AE1968ABC232,1,4,0.0,0,VI,64,0.0,0,0
1770,B90164EF53AA1E82,4,37,0.0974,11,US,65,0.0,0,1
1771,EE7397F0872F2A96,1,8,0.0,0,CN,65,0.0,0,0
1772,F0E43FC5B0A83509,1,6,0.0,0,MA,64,0.0,0,0
1773,4CF7C6A7081620C4,1,3,0.0,0,CA,63,0.0,0,0
1774,43FEE7E2019A0542,1,3,0.0,0,DZ,65,0.0,0,0
1775,9bea487b-40af-4d24-acfc-22ba15d1c96c,1,1,0.0,0,DZ,64,0.0,0,0
1776,D3B281F2E71A5336,4,25,0.0,0,DZ,65,0.0,0,0
1777,e429ad9a-6987-414e-b16a-7917f47f5ac6,11,166,0.0,0,TZ,63,0.0,0,0
1778,3EB2D38D2E819CC8,3,74,0.7158000000000001,19,US,64,0.0,0,1
1779,5E0ECFA1A3271DE0,1,16,0.0042,5,US,64,0.0,0,1
1780,8C19E68E2B08DF59,1,6,0.001,2,IN,64,0.0,0,1
1781,222EDE39F429C6AE,2,22,0.3017,6,US,65,0.0,0,1
1782,1FCE2F1EA13A2076,1,4,0.0,0,GB,64,0.0,0,0
1783,7BBC6E8099A2B223,2,20,0.0,0,SA,65,0.0,0,0
1784,322385854039BB07,1,1,0.0,0,GB,64,0.0,0,0
1785,741265af-8f40-4a7d-bf39-9b2014eb1651,1,1,0.0,0,IQ,64,0.0,0,0
1786,CD6F8CC6FA3C5D3,3,6,0.0,0,AU,63,0.0,0,0
1787,987E20B5BD87311F,3,11,0.1361,4,US,63,0.0,0,1
1788,56CBCCB6657A22A4,1,31,0.0885,5,US,65,0.0,0,1
1789,18E2D6CDB5D58EAE,2,4,0.0,0,US,64,0.0,0,0
1790,997C7393157C74F8,3,12,0.0,0,MX,63,0.0,0,0
1791,953E3E56B475E1EC,1,5,0.0,0,AR,65,0.0,0,0
1792,BA69DBAAA282DEC8,1,6,0.0,0,US,63,0.0,0,0
1793,2346850606EF3D,1,2,0.0,0,ID,65,0.0,0,0
1794,3FCA7D01210C839B,2,2,0.0,0,TH,65,0.0,0,0
1795,BC2A2DCA3E0DCADD,1,2,0.0,0,CD,65,0.0,0,0
1796,E4AD49124A617BA6,2,13,0.0,0,ID,63,0.0,0,0
1797,eba6a1d1-3340-40f3-89c4-c205f43a2797,1,1,0.0,0,IQ,63,0.0,0,0
1798,4DAD4AB6601908B7,1,8,0.0,0,CA,64,0.0,0,0
1799,25729E74730BA9F1,1,13,0.0039000000000000003,3,AR,64,0.0,0,1
1800,9E1D70CE4B8B3C20,1,34,0.0524,9,NZ,65,0.0,0,1
1801,F09E4771ED66DE0A,1,8,0.027000000000000003,1,US,63,0.0,0,1
1802,9A3146D7DF63EAAE,3,17,0.0194,4,MY,64,0.0,0,1
1803,136271787E031A30,2,6,0.0047,4,CO,65,0.0,0,1
1804,621793ABC8317DA9,1,4,0.0,0,PH,65,0.0,0,0
1805,2AEB98075273229C,2,6,0.1181,1,US,64,0.0,0,1
1806,F3DE0068EC8C5C0E,1,4,0.0,0,US,63,0.0,0,0
1807,B293939B9117BD97,1,3,0.0,0,US,65,0.0,0,0
1808,B0C338F22B9E8E8D,1,1,0.0,0,US,65,0.0,0,0
1809,57F0F4B40C3AAE1B,1,3,0.0,0,CI,63,0.0,0,0
1810,24F3D76ABD01A8C5,1,3,0.0,0,US,65,0.0,0,0
1811,D9EC7EFC74662021,5,7,0.0,0,EG,63,0.0,0,0
1812,CA4585839A354EE,2,5,0.0,0,MY,64,0.0,0,0
1813,2AE11F8451C8105,3,16,0.0068,5,MY,65,0.0,0,1
1814,5840EDC29AC1A7FB,2,3,0.0,0,ID,63,0.0,0,0
1815,62ba1fe0-be9d-4872-a28e-7b2c2de0ad15,1,1,0.0,0,BF,63,0.0,0,0
1816,E082D3612497B6B,1,9,0.0291,2,US,64,0.0,0,1
1817,D4FD7CAEE807101,1,6,0.0917,1,US,64,0.0,0,1
1818,a1c0f71e-0ce6-4161-92aa-44fa67ee3ee4,2,3,0.0,0,BJ,64,0.0,0,0
1819,A55B60A1F09EB1B5,1,2,0.0,0,AT,65,0.0,0,0
1820,B2CCC767C5FC756E,4,6,0.0,0,EG,64,0.0,0,0
1821,F378D51BF41AE4A1,1,9,0.0049,1,GB,63,0.0,0,1
1822,70672E72A1C9BFD0,2,2,0.0,0,US,65,0.0,0,0
1823,EEAB804D37BF8974,1,3,0.0,0,US,65,0.0,0,0
1824,CCAAFA36466AF3EA,1,3,0.0,0,MA,65,0.0,0,0
1825,79D8DCB964988756,1,1,0.0,0,US,64,0.0,0,0
1826,464ED9C2364AC57C,1,3,0.0,0,JP,64,0.0,0,0
1827,5011E6C56117BD51,1,2,0.0,0,GH,64,0.0,0,0
1828,BD5008D4F26D2F53,1,7,0.0102,2,US,63,0.0,0,1
1829,281135df-5019-40e7-8938-95c5d28b37b8,4,4,0.0004,1,CU,63,0.0,0,1
1830,7D8E3BCE95717731,1,1,0.0,0,CI,64,0.0,0,0
1831,152A2C725BF56567,1,5,0.0,0,US,63,0.0,0,0
1832,68D22B36A97AF72C,1,4,0.0,0,US,64,0.0,0,0
1833,956505B04600B863,1,6,0.0,0,HT,64,0.0,0,0
1834,4F7360C3282E4CE4,2,6,0.0,0,US,65,0.0,0,0
1835,6EEAC84AE722537E,1,4,0.0,0,CA,65,0.0,0,0
1836,72CB2706954BCC21,3,4,0.0,0,IQ,64,0.0,0,0
1837,93DFF16A0830FFDF,1,5,0.0,0,US,65,0.0,0,0
1838,BF5AA5C0693F431B,1,4,0.022699999999999998,2,ES,64,0.0,0,1
1839,22F7DAF8923B2696,1,2,0.0,0,US,64,0.0,0,0
1840,1CC01FF9A990D201,2,2,0.0,0,US,65,0.0,0,0
1841,815285A2D5FA9B25,1,4,0.0,0,AU,65,0.0,0,0
1842,CA76822CA9291A5C,1,12,0.0013,4,DZ,63,0.0,0,1
1843,9B1202F2A7CE73AD,1,3,0.0,0,CI,65,0.0,0,0
1844,e8c64678-4ec4-4955-ae7e-c7354451dc95,1,1,0.0,0,IN,64,0.0,0,0
1845,5E6FDDD196F2D9AE,2,7,0.0,0,US,65,0.0,0,0
1846,EB8CA8A62651FC32,1,4,0.0,0,BR,63,0.0,0,0
1847,725bd6c5-230d-456c-baa5-72fa7fce94ee,1,1,0.0,0,CG,63,0.0,0,0
1848,6196d507-d33a-422b-b0fb-f6c03922e4cd,1,1,0.0,0,LY,64,0.0,0,0
1849,3E88180BFB01CAB3,2,7,0.0,0,CO,64,0.0,0,0
1850,C52315221C93A7C4,1,4,0.0,0,IQ,63,0.0,0,0
1851,BBAAE754A6981FD7,1,9,0.0009,1,IN,65,0.0,0,1
1852,7AAE719EDD131636,1,2,0.1051,2,US,65,0.0,0,1
1853,CC2884BC4FEB8EF2,1,9,0.0016,1,MY,65,0.0,0,1
1854,d44038dc-768d-41f6-8066-439f4abff919,1,6,0.0,0,LA,63,0.0,0,0
1855,97AF204082C81ADC,1,46,0.0095,8,IN,63,0.0,0,1
1856,30DDBEDC50E49144,1,1,0.0,0,US,65,0.0,0,0
1857,649460DE75689CD7,1,3,0.0,0,IN,64,0.0,0,0
1858,981BB69CBF6A764D,1,5,0.033,1,CA,65,0.0,0,1
1859,9E75E852C4BF20F6,2,4,0.0,0,PE,63,0.0,0,0
1860,C2703C01D4ABE7AD,1,4,0.0,0,MA,64,0.0,0,0
1861,6D737B5D21522E53,1,7,0.003,2,EG,64,0.0,0,1
1862,4BD34E9525925F4,1,11,0.0561,2,GB,64,0.0,0,1
1863,5E912809642D20E,1,23,0.4555,4,GB,64,0.0,0,1
1864,A0356973FA6E1ECE,1,9,0.0,0,JP,64,0.0,0,0
1865,A2A9DAA94DC24051,1,8,0.0,0,GB,65,0.0,0,0
1866,b545ae63-0507-4822-bd4a-8d0f65c98721,1,1,0.0,0,BR,65,0.0,0,0
1867,2b7ecc5e-d6af-4d63-b0f0-248dbdeec68b,1,1,0.0,0,DZ,65,0.0,0,0
1868,14F5764BF46D564,1,2,0.0,0,IT,64,0.0,0,0
1869,FB9C97306E62FBAE,1,1,0.0,0,IN,65,0.0,0,0
1870,55A8D11A31C2235D,3,11,0.0,0,US,64,0.0,0,0
1871,54602997-fe25-48d1-b3ff-37c961eecdaf,5,35,0.0,0,MA,63,0.0,0,0
1872,890AC824FDBA4FC0,1,17,0.18409999999999999,2,CA,63,0.0,0,1
1873,AC4B418CF659EE9D,1,7,0.0025,1,MY,63,0.0,0,1
1874,97B879AFEDB2E308,1,3,0.0,0,US,63,0.0,0,0
1875,4F4E50F7720F8BE1,1,1,0.0,0,FR,65,0.0,0,0
1876,2571C7CA185160FD,1,1,0.0,0,US,63,0.0,0,0
1877,dc4c19a5-cc82-4afd-8788-4e4906263b12,2,2,0.0,0,IN,65,0.0,0,0
1878,C2F78A9CAA0CB36E,1,4,0.0,0,MX,63,0.0,0,0
1879,41A134D9FEE2C5DF,4,37,0.013499999999999998,6,MX,64,0.0,0,1
1880,5A577C74F4677DAF,1,7,0.0,0,IN,65,0.0,0,0
1881,4824667161002F2E,1,1,0.0,0,US,64,0.0,0,0
1882,6550E7A65DDDFE21,1,17,0.0875,4,US,64,0.0,0,1
1883,E6F88AEEE2248B52,1,6,0.0,0,IQ,63,0.0,0,0
1884,F2AE4483CABB6054,2,9,0.0,0,US,63,0.0,0,0
1885,F84182C50285D457,1,9,0.0189,3,PH,64,0.0,0,1
1886,D4B29FD29A5DA95,2,4,0.0,0,GY,64,0.0,0,0
1887,3F75236DE52D26A8,1,5,0.0,0,DE,64,0.0,0,0
1888,753D1CA18254FCC8,1,14,0.0,0,US,65,0.0,0,0
1889,C47348D469140EFD,1,4,0.0,0,US,63,0.0,0,0
1890,f9a82a6e-098b-4ed2-ae44-2a79d42239ef,1,1,0.0,0,NG,65,0.0,0,0
1891,8EFFF9F82EAF4F11,1,2,0.0,0,US,64,0.0,0,0
1892,CEB5A002512CB546,1,3,0.0,0,JP,65,0.0,0,0
1893,6BBB499BB4DDEBB6,1,2,0.0,0,CA,65,0.0,0,0
1894,24116460F0A9DAB6,5,43,0.4145,16,US,63,0.0,0,1
1895,61BA7F7EDBF18ACB,2,13,0.0,0,EG,65,0.0,0,0
1896,C96F764FF1F0775B,2,71,1.4102000000000001,21,US,64,0.0,0,1
1897,DA0F781D70366239,1,7,0.0,0,US,65,0.0,0,0
1898,DD036FDD20C5E536,1,13,0.0,0,IQ,65,0.0,0,0
1899,FB630CAECB548498,1,1,0.0,0,NI,65,0.0,0,0
1900,382B410796532D6,1,1,0.0,0,DE,65,0.0,0,0
1901,A49BA043C103852F,1,1,0.0,0,US,65,0.0,0,0
1902,789EDDAD882D4B58,2,13,0.0,0,VE,65,0.0,0,0
1903,BE6B833ABE21A1D8,1,7,0.0,0,NG,64,0.0,0,0
1904,FDEBB21BDF50827E,1,7,0.0,0,PH,63,0.0,0,0
1905,776E82F8BEB15CE3,2,9,0.0,0,MX,64,0.0,0,0
1906,EB91A20E118D2615,1,4,0.0033,1,US,65,0.0,0,1
1907,5DE1245DAC9C1E88,1,1,0.0,0,NG,64,0.0,0,0
1908,9536957BB783DD8A,7,25,0.18729999999999997,16,US,64,0.0,0,1
1909,D15BB15EE2F70E3F,1,2,0.0,0,GB,64,0.0,0,0
1910,84114DEC6EBA5368,1,2,0.0,0,EG,63,0.0,0,0
1911,9e4e7b98-2511-4554-a1d6-11ff9ed7c3a1,1,1,0.0,0,EC,63,0.0,0,0
1912,7356cccf-b945-4634-82b9-f64edd63e699,1,1,0.0,0,IN,63,0.0,0,0
1913,B1970A30EC5805FC,2,32,0.0,0,DZ,63,0.0,0,0
1914,C131979F1A640DE5,5,26,0.0167,5,PH,65,0.0,0,1
1915,bfd3fae0-726e-4d2e-8e2a-1e860cc5622f,1,1,0.0,0,NL,65,0.0,0,0
1916,797759c6-6ffe-4899-bafd-1e071c43afcc,1,6,0.0,0,SA,63,0.0,0,0
1917,068c136a-0731-44e7-80d7-029a37370c61,4,25,0.0,0,LY,63,0.0,0,0
1918,8F63430261CC5FC8,1,3,0.0,0,GB,64,0.0,0,0
1919,DD2CCA7FCD559326,1,4,0.0,0,EG,63,0.0,0,0
1920,A531C2258F39F98C,1,4,0.0,0,BR,65,0.0,0,0
1921,5BB6751F65D9D1D0,1,1,0.0,0,BR,63,0.0,0,0
1922,8C4E653CA17B2043,1,6,0.0,0,GB,63,0.0,0,0
1923,ADBFEDDC303CCBC3,2,3,0.0,0,DZ,64,0.0,0,0
1924,10A943E80C068CB4,1,1,0.0,0,CU,63,0.0,0,0
1925,5745B42F36BA74BA,1,2,0.0,0,US,65,0.0,0,0
1926,5C004C78F68DB562,1,6,0.0006000000000000001,4,ID,64,0.0,0,1
1927,B8AD3B703A040637,2,33,0.003,2,CI,65,0.0,0,1
1928,4D52B08955450709,3,14,0.0,0,US,64,0.0,0,0
1929,3AEC30C654CB75C4,1,32,0.1874,1,US,65,0.0,0,1
1930,C0916C82DD687D03,1,6,0.0,0,NZ,65,0.0,0,0
1931,695085955F50D95C,6,6,0.0,0,NG,64,0.0,0,0
1932,ACA38649EB588576,3,11,0.0,0,DZ,65,0.0,0,0
1933,57F6362A374C1CF8,1,5,0.0,0,CO,65,0.0,0,0
1934,c86b2a0d-7ce8-448e-a8e0-2a72e4a13c62,1,1,0.0,0,CI,63,0.0,0,0
1935,C9352DA78A327144,1,16,0.0189,3,BR,65,0.0,0,1
1936,740C035839E6D837,1,2,0.0002,1,BD,64,0.0,0,1
1937,47D3C002EF184498,3,8,0.0,0,IT,64,0.0,0,0
1938,4d812763-4046-410b-88ac-2bc22ffc3709,1,1,0.0,0,DZ,65,0.0,0,0
1939,2105aa7c-46bd-4453-a2df-91a4df59ea90,1,1,0.0,0,US,65,0.0,0,0
1940,FD499F770AAFC93A,1,3,0.0,0,BD,63,0.0,0,0
1941,B55CA57977AADDD1,1,4,0.0,0,IQ,65,0.0,0,0
1942,A2BAA38B959220AB,1,16,0.0,0,US,65,0.0,0,0
1943,A504DF3189AA356C,1,12,0.0295,3,DE,65,0.0,0,1
1944,13F08C8C2AAE74D0,3,13,0.0,0,JP,65,0.0,0,0
1945,B6D54ED323269A41,1,5,0.0,0,US,64,0.0,0,0
1946,6B3C61CEF431646A,2,23,0.020499999999999997,7,US,65,0.0,0,1
1947,363F4D981FC4A7C2,1,6,0.0073,1,FR,65,0.0,0,1
1948,6776E052646E52BB,1,10,0.0014,1,PA,65,0.0,0,1
1949,B88AA6CC086B9E2C,1,6,0.0008,2,VN,64,0.0,0,1
1950,97DFC695CD12369B,1,2,0.0,0,LC,65,0.0,0,0
1951,28123D63579EFD4F,2,6,0.0017,1,ML,63,0.0,0,1
1952,70342600C82275C6,4,5,0.0,0,GR,64,0.0,0,0
1953,a1143fe1-b6a3-47bb-8705-a74553752f08,1,1,0.0,0,US,64,0.0,0,0
1954,E2074740B8C86400,8,59,0.0,0,AO,64,0.0,0,0
1955,2AE3DB2E050F0191,3,18,69.98,2,US,65,0.0,0,1
1956,C64FA5C97CCEAA4D,2,10,0.0,0,DZ,63,0.0,0,0
1957,E5D7DD1D48958126,1,3,0.0,0,AU,64,0.0,0,0
1958,24d74026-2cf6-4eca-b7fa-3137b0ae5094,1,1,0.0,0,DE,63,0.0,0,0
1959,D3EB275D1F6D354F,1,3,0.0,0,LY,65,0.0,0,0
1960,5D10DC50F572D6EC,1,1,0.0,0,MX,63,0.0,0,0
1961,D924EDFD3C18CAAA,1,3,0.0,0,NG,64,0.0,0,0
1962,214EC99535218D31,1,1,0.0,0,VE,65,0.0,0,0
1963,dae452df-409e-4f85-94c0-5079e6749493,1,1,0.0,0,PK,63,0.0,0,0
1964,3106D27647822FAE,1,1,0.0,0,CA,64,0.0,0,0
1965,ae0264b0-18a3-400e-873d-d3bfc646fea6,1,1,0.0,0,CL,63,0.0,0,0
1966,88f37f1e-440b-4b2c-bf2e-e378a2147a41,1,1,0.0,0,YE,63,0.0,0,0
1967,5A82B34D34705863,1,6,0.4803,2,US,63,0.0,0,1
1968,90D7DF1992778F4B,1,4,0.0,0,VE,63,0.0,0,0
1969,5db22a92-1ae7-4223-92ca-d4f86085a02f,1,1,0.0,0,NI,65,0.0,0,0
1970,e73d76a5-f28a-46c0-bdd8-949e4939359a,1,3,0.0,0,SL,64,0.0,0,0
1971,45C7EBFAD543D081,1,20,0.0,0,EG,63,0.0,0,0
1972,DDD5203D08CBD2E0,1,19,0.0034999999999999996,3,IQ,65,0.0,0,1
1973,ED8D288FE1E7D33D,1,2,0.0002,1,CA,65,0.0,0,1
1974,E8FA19572BA2D865,1,15,0.1082,2,SG,65,0.0,0,1
1975,8aa10698-0244-49e9-bdd4-1ef91861f088,1,1,0.0,0,PY,65,0.0,0,0
1976,5C927053EDFE5977,2,42,0.0014,2,VE,64,0.0,0,1
1977,BE3A47EB107CDF8A,2,15,0.003,2,PH,64,0.0,0,1
1978,D9CF760D0C2C681D,1,30,0.0011,1,CI,64,0.0,0,1
1979,b24e7fef-ecd9-444f-a9a6-a0a2e65011a1,1,1,0.0,0,LY,65,0.0,0,0
1980,47917410BCD941AE,1,7,0.0168,1,US,65,0.0,0,1
1981,407C264DF33B3B55,1,3,0.0,0,CA,65,0.0,0,0
1982,286C611D92B2DEC6,1,3,0.0,0,US,63,0.0,0,0
1983,571D604A3E5122CD,1,7,0.0,0,CG,64,0.0,0,0
1984,6375131DFDAF9081,1,3,0.0,0,GB,64,0.0,0,0
1985,bce88c9b-5330-4821-8b28-8cc13e87fcd9,1,1,0.0,0,VE,64,0.0,0,0
1986,1D2000C090B5D942,1,1,0.0,0,US,64,0.0,0,0
1987,7682B2DF7A62661A,1,13,0.0045000000000000005,2,MY,65,0.0,0,1
1988,D4AB296CA9CB752A,1,7,0.0186,1,BE,63,0.0,0,1
1989,9227D55EAE46536F,1,31,0.0085,1,CO,63,0.0,0,1
1990,5a761452-d965-4fdc-bfa1-0f7d909d1f7a,2,16,0.0,0,DZ,65,0.0,0,0
1991,B3AAB43040979D59,1,20,4.0455,6,US,63,0.0,0,1
1992,1173F264209260FF,1,8,0.0212,2,US,63,0.0,0,1
1993,2D61F121E1AA2C6B,1,18,0.032,2,BR,65,0.0,0,1
1994,9F1F58BEDA7C365D,1,14,0.0,0,MA,64,0.0,0,0
1995,E0481F44EFFBE56,2,21,0.0,0,CY,63,0.0,0,0
1996,2663AB4A3D8D0546,1,5,0.0,0,US,63,0.0,0,0
1997,AECDBD028D188316,2,3,0.0,0,SY,64,0.0,0,0
1998,d02a2886-f34e-49ed-82f7-d167b3398802,1,1,0.0,0,BD,63,0.0,0,0
1999,C1FA60D9161954B2,1,3,0.0,0,GB,64,0.0,0,0
2000,5683644877B50F55,1,3,0.0,0,US,65,0.0,0,0
2001,B366C78F95CAF91D,1,4,0.0,0,US,63,0.0,0,0
2002,E6044056765C187A,1,5,0.0,0,DZ,63,0.0,0,0
2003,2D7306D3AF15C5C5,1,3,0.3831,1,CH,64,0.0,0,1
2004,1EB56FCB2A11910C,1,1,0.0,0,CA,64,0.0,0,0
2005,5f5022ff-0fad-4dd0-b609-e97cdfa8f26e,2,2,0.0,0,CL,64,0.0,0,0
2006,66D131E8416BF78F,1,18,0.0,0,LY,64,0.0,0,0
2007,5308A1BC26784FDB,4,24,0.0,0,SE,65,0.0,0,0
2008,7C9C4EC295A92996,1,1,0.0,0,IN,65,0.0,0,0
2009,AE330457FD650ACA,1,9,0.0041,1,DO,63,0.0,0,1
2010,4f84c426-3cd0-4a42-b98d-670df80ec22f,1,1,0.0,0,NG,64,0.0,0,0
2011,D7F603EA7DC7C590,1,5,0.0,0,US,65,0.0,0,0
2012,5BD70E12C3436943,1,2,0.0,0,US,63,0.0,0,0
2013,C7AA3670F803BCC8,1,1,0.0,0,CL,63,0.0,0,0
2014,142924D835A14B46,1,10,0.0037,1,CO,65,0.0,0,1
2015,56E13984BEC18985,1,7,0.1318,2,US,65,0.0,0,1
2016,EFD5369CB3939A50,2,5,0.0,0,IE,65,0.0,0,0
2017,1CE85F0071D77A0C,1,10,0.0,0,VE,63,0.0,0,0
2018,71CAC4C635CFD821,1,6,0.0,0,CA,65,0.0,0,0
2019,7f893932-40f8-49c6-a50f-308169907f97,1,1,0.0,0,MA,63,0.0,0,0
2020,403C5772C99E0BA1,1,1,0.0,0,EC,64,0.0,0,0
2021,A5C4997B8498C624,3,34,0.1129,10,US,65,0.0,0,1
2022,5B8660D4F667B8C9,1,24,12.8006,1,GB,64,0.0,0,1
2023,4e0c6055-c92b-4be2-9120-bf97e903901a,2,11,0.0,0,DZ,63,0.0,0,0
2024,5C435D4288DCF470,1,12,0.0186,1,CA,64,0.0,0,1
2025,91DB69C4B214E4B1,1,4,0.0,0,VE,65,0.0,0,0
2026,97A6591BB1EB668B,1,29,0.034999999999999996,10,AU,64,0.0,0,1
2027,7A1D99D21EB73F87,1,1,0.0,0,GH,65,0.0,0,0
2028,E9D3BE47B0540496,2,6,0.0,0,US,65,0.0,0,0
2029,8201AE9BF54FEFF9,1,1,0.0,0,GB,64,0.0,0,0
2030,99CF43A6CBBFD35C,1,1,0.0,0,CO,64,0.0,0,0
2031,F6943D60DB10BD94,1,1,0.0,0,US,64,0.0,0,0
2032,77C5B57D0B3A3036,1,4,0.0,0,SN,63,0.0,0,0
2033,6CEE5A0E36333C25,4,37,0.18359999999999999,10,US,65,0.0,0,1
2034,FDF734F47AF03F21,3,23,0.0018,2,GH,64,0.0,0,1
2035,1223EBC2E06DF244,3,64,0.009600000000000001,18,GB,65,0.0,0,1
2036,48EAC7C92AB6E770,2,11,0.0,0,US,65,0.0,0,0
2037,4a04ce80-5a33-4115-8471-24f27b9ebf0b,1,4,0.0,0,TD,64,0.0,0,0
2038,508A80D953A0003D,1,4,0.0,0,IQ,64,0.0,0,0
2039,AE496C560E708A83,1,3,0.0,0,MX,63,0.0,0,0
2040,CD01F8597FA0C492,2,2,0.0,0,US,65,0.0,0,0
2041,3E7519D7BC146B07,1,1,0.0,0,BR,63,0.0,0,0
2042,45E214EA9E6654A,1,2,0.0,0,CI,65,0.0,0,0
2043,6621E00574A78E74,4,14,0.0096,3,US,65,0.0,0,1
2044,AC5A7414AE05EA54,2,3,0.0,0,US,65,0.0,0,0
2045,139e3269-0a35-4b8c-872b-22bfb9d934d4,1,1,0.0,0,IN,63,0.0,0,0
2046,71c0b6d2-ab5b-4680-847f-e2e2972f4891,3,13,0.0,0,DZ,63,0.0,0,0
2047,5CF0DBBC2A8AF947,1,1,0.0,0,BR,65,0.0,0,0
2048,d68ae71e-46ef-45f3-9a39-09219868bde0,2,2,0.0,0,IN,64,0.0,0,0
2049,89EDFA03250DA348,6,17,0.0015999999999999999,3,DZ,64,0.0,0,1
2050,8285E0D6B93C091B,1,6,0.0,0,SA,64,0.0,0,0
2051,971CBE16E9981861,4,29,0.0,0,DZ,63,0.0,0,0
2052,9EFA5A5BC990C4D4,3,40,0.8675000000000002,15,US,63,0.0,0,1
2053,DF5165EC32A6B4AF,3,12,0.0,0,LA,63,0.0,0,0
2054,ebcfaf98-9087-4308-8aec-d34a656fbf2d,2,2,0.0,0,AZ,65,0.0,0,0
2055,28F279E3A6E8F21,1,4,0.0,0,BE,63,0.0,0,0
2056,3af868fb-de8c-431b-acc5-080fecf7a658,3,7,0.0,0,NG,63,0.0,0,0
2057,BB2500604C7EFBD0,1,1,0.0,0,US,65,0.0,0,0
2058,B26F0918E524E870,1,2,0.0,0,CL,64,0.0,0,0
2059,DBE03A4DF531BECA,3,10,0.0,0,DZ,65,0.0,0,0
2060,1D85498052B05A17,9,65,0.0006,1,SZ,63,0.0,0,1
2061,DC843C7E5676E731,1,3,0.0,0,LY,63,0.0,0,0
2062,2f2027ca-5885-4270-baf8-8804f9ca32e6,1,1,0.0,0,US,65,0.0,0,0
2063,d50c6be9-b29f-44c8-8d3b-aa3dedf9b7dc,1,1,0.0,0,US,65,0.0,0,0
2064,6ECFD134AA0785B1,19,119,0.0001,1,DZ,65,0.0,0,1
2065,B4D13BE2F000C45D,2,16,0.029599999999999998,4,BR,63,0.0,0,1
2066,3C5787C26491BF1B,1,14,0.0,0,IQ,63,0.0,0,0
2067,70E3A8BA5FF59D0D,2,5,0.0,0,DZ,64,0.0,0,0
2068,B2CC0BB7EFADD375,1,1,0.0,0,BR,65,0.0,0,0
2069,4BC0C730092B7F56,1,4,0.0,0,BB,63,0.0,0,0
2070,0119b543-e270-44a0-806b-d51b74312492,1,1,0.0,0,DZ,64,0.0,0,0
2071,64FF742F2083B93,1,24,0.0046,1,AU,64,0.0,0,1
2072,3CCD43B314F74092,1,4,0.0,0,DZ,64,0.0,0,0
2073,709430DBAD40FB29,3,16,0.0,0,VE,64,0.0,0,0
2074,B2911ACD4A780511,1,8,0.015,2,PH,63,0.0,0,1
2075,80761C2CA65A4B13,1,8,0.0015,1,US,64,0.0,0,1
2076,4D86E69E1473BD58,2,5,0.005,1,CL,65,0.0,0,1
2077,D6471CFF4608D3B2,1,1,0.0,0,US,64,0.0,0,0
2078,407928C7BA597A28,7,23,0.0,0,DZ,63,0.0,0,0
2079,b308e571-10b0-4255-bb17-325067758bc9,1,1,0.0,0,NP,63,0.0,0,0
2080,EA322A6355F3A82E,1,13,0.001,3,TT,63,0.0,0,1
2081,EAED526212871DBE,1,10,0.0283,3,US,64,0.0,0,1
2082,687B1BDC4217C148,1,34,0.002,1,CI,65,0.0,0,1
2083,536C7766467583B,1,1,0.0,0,US,65,0.0,0,0
2084,91DA66334EEA97A1,3,24,0.0,0,ID,63,0.0,0,0
2085,5C57E119F2DD0A26,1,2,0.0,0,YE,64,0.0,0,0
2086,15c010cf-d6be-42be-bbf3-1f8f5a696180,1,1,0.0,0,DZ,63,0.0,0,0
2087,CE9CFBEE93261B61,1,4,0.0,0,VE,63,0.0,0,0
2088,78772AE154EC4AFA,1,19,0.0044,6,RU,65,0.0,0,1
2089,2131B12569850B3D,2,3,0.0,0,IN,64,0.0,0,0
2090,7FA8F9D33A8B61C9,3,8,0.0,0,US,65,0.0,0,0
2091,1862961B10E7DF85,2,2,0.0,0,KR,63,0.0,0,0
2092,3A197E8712451EF5,2,7,0.0,0,US,63,0.0,0,0
2093,49E115DD9E20C20,3,3,0.0,0,GN,64,0.0,0,0
2094,8023C5620ABFB180,2,7,0.0,0,IN,65,0.0,0,0
2095,A2B1868BB5A382EF,1,1,0.0,0,US,65,0.0,0,0
2096,b082c7be-1186-4ec2-950d-fa215cc7a760,1,1,0.0,0,TN,63,0.0,0,0
2097,8B80E256692F9585,2,41,0.0039000000000000003,7,DZ,63,0.0,0,1
2098,6DBCD46CDBBEFCE,1,5,0.0,0,EG,63,0.0,0,0
2099,53DC9615D2A03BD7,2,16,0.0,0,CA,63,0.0,0,0
2100,856B118B8352A24F,1,4,0.0,0,PH,65,0.0,0,0
2101,36B760458D59E72F,1,6,0.0,0,MA,63,0.0,0,0
2102,0e18a569-1161-4f5a-b118-b1915dd27430,6,96,0.0047,2,PH,65,0.0,0,1
2103,dfaec574-e9cc-4c88-8baa-ef6eaa9b9e09,1,1,0.0,0,BJ,65,0.0,0,0
2104,922C685148C89557,3,13,0.0004,1,AR,65,0.0,0,1
2105,52D331A5A299C499,2,5,0.0,0,US,65,0.0,0,0
2106,e0e48abe-6155-421a-9be8-9ac570b7571a,1,1,0.0,0,CA,64,0.0,0,0
2107,D5E42A66FDF62441,1,2,0.0,0,MA,65,0.0,0,0
2108,60AE7543CC31C1BC,1,1,0.0,0,FR,64,0.0,0,0
2109,BE9D5D19834B8373,1,2,0.0,0,ID,64,0.0,0,0
2110,9823E13835CCA88C,2,6,0.0005,1,DZ,64,0.0,0,1
2111,A4523E7C08C435F5,7,25,0.0192,2,PE,65,0.0,0,1
2112,FF90D18EE77FF537,1,20,0.0021,6,PH,65,0.0,0,1
2113,E1F6E712F91DE55A,2,22,0.0049,3,BR,64,0.0,0,1
2114,6490939EF50693B4,2,4,0.0124,1,PH,65,0.0,0,1
2115,784DE8490D8F1114,2,5,0.0007,1,PE,63,0.0,0,1
2116,65C89189152A36E6,2,7,0.0767,1,US,64,0.0,0,1
2117,C36D6377747CED25,1,1,0.0,0,AR,63,0.0,0,0
2118,5B3CC2F5EC0E8A76,2,5,0.0,0,DZ,65,0.0,0,0
2119,7FC7D90B4FE8E86B,1,2,0.0,0,IN,64,0.0,0,0
2120,89C11F98107A3620,1,5,0.0072,1,US,65,0.0,0,1
2121,2C644C8BFF4EF49D,4,9,0.0125,1,US,65,0.0,0,1
2122,e6498302-4a8e-49ec-97f7-9700660b240b,1,1,0.0,0,ZA,64,0.0,0,0
2123,be5d6f18-1a1b-4408-9334-0f42fbeaed3e,1,1,0.0,0,IN,64,0.0,0,0
2124,834EDC92ECBE5E46,1,1,0.0,0,GB,64,0.0,0,0
2125,d5118b07-1f0b-4068-a25a-fdee4b1091ad,2,2,0.0,0,DZ,63,0.0,0,0
2126,868F0C6FD395E2AA,4,5,0.0106,1,US,64,0.0,0,1
2127,4C1DC3E1BCDF1935,2,9,0.0,0,US,63,0.0,0,0
2128,c45de72c-9dc3-45ff-8bf6-b187b755b1cb,1,1,0.0,0,US,63,0.0,0,0
2129,ec396fd8-819f-4d79-9f9d-8b154931b6c0,1,1,0.0,0,US,64,0.0,0,0
2130,7256D10147969C6C,1,8,0.0068000000000000005,2,ID,65,0.0,0,1
2131,9EAD538208DBB153,2,14,0.0,0,DZ,63,0.0,0,0
2132,DD24FD7EEFFC6BCC,1,4,0.0,0,US,64,0.0,0,0
2133,675F66D31F2D3C2A,4,31,0.0084,7,BR,65,0.0,0,1
2134,182f1857-1e9c-44e6-837c-9844d4a55ccd,7,44,0.0,0,VE,65,0.0,0,0
2135,97C50F56C28000F5,1,5,0.0,0,LY,65,0.0,0,0
2136,eb487e77-f81f-4806-b60c-64d6c23147b5,3,3,0.0,0,SA,63,0.0,0,0
2137,13CC7963578CA77B,1,5,0.0,0,VE,63,0.0,0,0
2138,EEEEDAA8AD9A3536,2,4,0.0,0,DZ,64,0.0,0,0
2139,86F46A8C3BBCF257,1,4,0.0017,1,FR,64,0.0,0,1
2140,5542C6979A8E564D,2,3,0.0,0,IQ,64,0.0,0,0
2141,5EB3120229DC3E2A,1,2,0.0,0,CO,63,0.0,0,0
2142,66DC463B539CFF7E,2,5,0.0015,1,MY,63,0.0,0,1
2143,5A08BBAA140997A7,2,10,0.0,0,CA,63,0.0,0,0
2144,203AFF98A8E9FBD6,1,14,0.007899999999999999,4,US,63,0.0,0,1
2145,D502EB22ADC0576D,2,4,0.0,0,DZ,65,0.0,0,0
2146,79FBDFA81142DDB0,1,4,0.0,0,SA,65,0.0,0,0
2147,C88F07E84C827DD1,2,4,0.0,0,IQ,65,0.0,0,0
2148,1B53B4E814A7278,1,2,0.0,0,IN,63,0.0,0,0
2149,E3EA9F3762A20B9D,2,4,0.0017,1,RU,64,0.0,0,1
2150,E9F33FECE82FBBF6,1,1,0.0,0,SN,65,0.0,0,0
2151,462945A118092EB9,5,11,0.0002,1,DZ,65,0.0,0,1
2152,30330588DD47AA51,1,3,0.0,0,US,65,0.0,0,0
2153,40079c30-8d14-4aa5-9b36-9a7fbac767e5,1,1,0.0,0,NI,63,0.0,0,0
2154,6B21A811CE55F946,1,1,0.0,0,IN,64,0.0,0,0
2155,6658DE7616EF4B70,2,5,0.0074,1,US,65,0.0,0,1
2156,F895C7916567911F,1,10,0.0086,1,CO,64,0.0,0,1
2157,A40EF889D2D6AC8D,4,37,0.0109,1,SA,65,0.0,0,1
2158,49BEF4C419ED80B,1,6,0.0006,1,BR,65,0.0,0,1
2159,F7F582CD223428CD,1,8,0.0009,1,VE,64,0.0,0,1
2160,3E1C1B0AE92DEF66,4,31,0.024800000000000003,10,PH,64,0.0,0,1
2161,D3ACEEC36ED28641,1,19,0.0394,4,US,63,0.0,0,1
2162,D126808632A6876,1,3,0.0,0,US,63,0.0,0,0
2163,D4E6DCB559AE0C1A,1,12,0.0,0,GB,63,0.0,0,0
2164,61DB7C4A0633CE66,3,8,0.0,0,PK,64,0.0,0,0
2165,75F99319384E2649,1,3,0.0,0,DE,63,0.0,0,0
2166,8D0DC84F96F43F97,2,4,0.0,0,GB,63,0.0,0,0
2167,1697D06A467BD2D3,1,1,0.0,0,US,64,0.0,0,0
2168,7A86B5D0F96E758D,2,4,0.0,0,BR,64,0.0,0,0
2169,9B8A6CB6D7EEECB3,4,56,2.2279,12,US,63,0.0,0,1
2170,AE223DCF6735B330,2,2,0.0,0,US,65,0.0,0,0
2171,6825D2B7D1396170,8,55,0.13590000000000002,12,US,65,0.0,0,1
2172,78AA54269BCDF8CF,3,6,0.0,0,BN,63,0.0,0,0
2173,74ACB7F9C5539A12,1,5,0.0,0,MX,63,0.0,0,0
2174,a33bd9bc-750e-4feb-9b32-437818b0cc33,1,1,0.0,0,DO,65,0.0,0,0
2175,FDAE7551CDBD0337,2,4,0.0,0,US,64,0.0,0,0
2176,818341d7-eeb7-445c-a2a7-cad7485196b2,1,1,0.0,0,AO,65,0.0,0,0
2177,701532710FAE4962,1,10,0.0,0,DZ,64,0.0,0,0
2178,8563744308E21A27,2,11,0.0033,3,EG,64,0.0,0,1
2179,330C066422992FDD,1,3,0.0,0,IN,64,0.0,0,0
2180,6C81996693246A,4,52,0.04710000000000001,18,BE,63,0.0,0,1
2181,7a6f1843-3523-4864-853a-8bd359aec795,2,2,0.0,0,IQ,63,0.0,0,0
2182,DC42EACCDF7F6235,1,3,0.0,0,US,64,0.0,0,0
2183,e029ad38-ec2d-45f1-aa70-dbf8b5339901,1,1,0.0,0,US,63,0.0,0,0
2184,43D5436974630193,2,6,0.0,0,EG,63,0.0,0,0
2185,E39AB4E34FB05B70,1,3,0.0,0,CA,65,0.0,0,0
2186,42c3ddcc-dc4e-4820-bf9a-430c03637365,1,1,0.0,0,HT,65,0.0,0,0
2187,463BEE5C0F8179AD,1,19,0.0,0,DE,63,0.0,0,0
2188,9D934E21167206F8,3,14,0.004399999999999999,3,MA,65,0.0,0,1
2189,1629E6CE6713D9B9,1,19,0.012899999999999998,4,BR,63,0.0,0,1
2190,C6772063974CAC0D,3,5,0.0,0,EG,63,0.0,0,0
2191,EDAF9B9B72AC07BC,1,3,0.0,0,DO,65,0.0,0,0
2192,73F7D64399D76772,1,2,0.0,0,BR,65,0.0,0,0
2193,BF887B706C899218,1,3,0.0,0,AU,63,0.0,0,0
2194,BC336CCDB54879B1,1,1,0.0,0,CA,64,0.0,0,0
2195,b991da33-871d-43a0-a597-c9f031d5bb49,1,1,0.0,0,BR,64,0.0,0,0
2196,b3f4fb90-61ca-4e86-8a94-186fd77b6f63,2,2,0.0,0,BR,64,0.0,0,0
2197,BF031851C2384B11,3,8,0.0,0,MX,64,0.0,0,0
2198,BBE0BB8BDE1E4E5E,2,4,0.001,3,VE,65,0.0,0,1
2199,AEFBF9A50936342F,1,12,0.08310000000000001,2,US,65,0.0,0,1
2200,6F79AAE83455314A,1,3,0.0,0,CA,64,0.0,0,0
2201,b113495e-d656-4ce7-a55d-758af4d563d7,1,6,0.0,0,DZ,63,0.0,0,0
2202,5ad8d436-cf74-4472-8d9c-26b7f69fae6d,1,1,0.0,0,GA,63,0.0,0,0
2203,5A3D473DFCD9FEAC,1,2,0.0,0,US,63,0.0,0,0
2204,ecd4d06d-ccbd-49b6-9895-306d3f680a9d,1,1,0.0,0,LA,63,0.0,0,0
2205,31EF0FDA1F88B31C,1,1,0.0,0,JP,64,0.0,0,0
2206,EE1D2B5D0E7305DA,2,5,0.0,0,SA,65,0.0,0,0
2207,56D965DF359C61B9,5,35,0.0009,5,US,65,0.0,0,1
2208,B25008AEA40E2CD9,1,5,0.0,0,US,65,0.0,0,0
2209,ee07ce56-e124-41d8-affa-87c3fdd32658,2,2,0.0,0,US,65,0.0,0,0
2210,c7e9c6a3-cf87-4e57-a536-5b499274b842,2,9,0.0,0,PE,64,0.0,0,0
2211,ACA1DDC7385CB0F4,1,3,0.0,0,MX,65,0.0,0,0
2212,70096cb2-fc0a-410b-b571-29f9e71e31bc,2,2,0.0,0,IQ,65,0.0,0,0
2213,f89995b4-5862-4364-96b0-b3febd001829,1,1,0.0,0,IQ,65,0.0,0,0
2214,BA01B87B4AC1FF4B,1,2,0.0,0,PE,65,0.0,0,0
2215,9940F9EAA785215B,3,3,0.0,0,SY,63,0.0,0,0
2216,E6712A5E296C035D,3,22,0.0196,5,US,65,0.0,0,1
2217,96D69A970F4E4168,1,3,0.0,0,US,65,0.0,0,0
2218,7C46B271735A878,1,2,0.0,0,MY,65,0.0,0,0
2219,4DA4B033C9009805,1,7,0.0088,2,TR,63,0.0,0,1
2220,dfa7f446-92b4-4146-8e2b-318a77f47edc,1,1,0.0,0,DZ,64,0.0,0,0
2221,7D38EF720905D312,1,3,0.0,0,US,65,0.0,0,0
2222,57e343e4-3df5-4f31-baa7-e379c7ee3a27,1,8,0.001,1,IN,65,0.0,0,1
2223,26D956EE08A8203D,2,3,0.0,0,TT,65,0.0,0,0
2224,A70715969B535F76,2,13,0.0042,2,JP,64,0.0,0,1
2225,8BADF940C3A8E165,1,4,0.0,0,US,64,0.0,0,0
2226,531C6CC702491269,4,8,0.0,0,US,65,0.0,0,0
2227,8BC4F777846FEF70,1,4,0.0,0,CA,63,0.0,0,0
2228,DAC23F624BCC9A6D,1,1,0.0,0,AI,64,0.0,0,0
2229,0148fcf0-1a41-4432-8fff-987e8295ca97,1,1,0.0,0,PK,63,0.0,0,0
2230,35F5D4B2A84BA825,4,19,0.0174,1,US,65,0.0,0,1
2231,7521047FED5AE46D,2,17,0.0076,5,US,63,0.0,0,1
2232,70060AE927A84B9C,1,18,0.3651,5,MY,64,0.0,0,1
2233,7F5DD0A309B3D5A9,1,37,0.044700000000000004,14,US,65,0.0,0,1
2234,F95A06BAE95ABD09,1,5,0.0,0,US,64,0.0,0,0
2235,9965A6A6A411621E,1,5,0.0,0,US,63,0.0,0,0
2236,C8D5FCAA5BC1EC6F,1,10,0.0,0,JO,63,0.0,0,0
2237,D58DFB3AE9BDDC10,2,3,0.0,0,TH,65,0.0,0,0
2238,EE3C7026E670F5E4,6,25,0.0,0,NI,65,0.0,0,0
2239,C227FE583B31AE7,2,4,0.0,0,IN,64,0.0,0,0
2240,cfda88bc-a573-432d-b495-124d6db7d335,1,1,0.0,0,IQ,64,0.0,0,0
2241,62B562D40FCFD818,1,1,0.0,0,US,64,0.0,0,0
2242,DB5D22519FBF537,3,9,0.0,0,IQ,63,0.0,0,0
2243,34A042BAA816ADB7,1,1,0.0,0,DE,64,0.0,0,0
2244,BBC4A5B514CBDC7D,1,3,0.0,0,VE,64,0.0,0,0
2245,7A62E97E8F7EDA5A,1,13,0.0424,1,JP,63,0.0,0,1
2246,D5BDECC7703AA42F,1,1,0.0,0,US,64,0.0,0,0
2247,EF4B1FAAE5DC6C9,2,12,0.0006000000000000001,4,MX,63,0.0,0,1
2248,770C69F6CA09ABC6,1,11,0.0,0,AR,64,0.0,0,0
2249,28052B88299E5DFE,2,4,0.0,0,US,65,0.0,0,0
2250,8CAC3B12C56EBF53,1,2,0.0,0,IN,65,0.0,0,0
2251,2AC5874EB6592D67,1,1,0.0,0,BD,65,0.0,0,0
2252,32FC33568DC81233,4,32,0.0905,6,CA,64,0.0,0,1
2253,DC79CF164F7FBBD0,1,2,0.0,0,SY,65,0.0,0,0
2254,79142E735672C221,1,7,0.0052,2,US,63,0.0,0,1
2255,7D4DA205D074504,1,3,0.0,0,US,63,0.0,0,0
2256,1E9305191C42A67C,3,9,0.0,0,US,65,0.0,0,0
2257,9da64a5f-9ec6-4a6f-931a-c7fc16a69887,2,2,0.0,0,US,63,0.0,0,0
2258,1112CFBBC09EE92C,1,3,0.0,0,IN,64,0.0,0,0
2259,32c2be81-2089-42be-9c6c-a800249202a8,1,1,0.0,0,IN,65,0.0,0,0
2260,A29D85DB38CA40BB,1,6,0.0,0,US,63,0.0,0,0
2261,EB6A6E856DF6A789,1,5,0.0,0,MA,65,0.0,0,0
2262,8577E1CF0C392258,2,63,0.0111,22,US,63,0.0,0,1
2263,60DF775CCB44DF89,1,2,0.0,0,AE,65,0.0,0,0
2264,3FB32BDF0EFBF6D8,1,9,0.025,1,US,63,0.0,0,1
2265,60472EFE34F3622C,1,7,0.0022,1,IN,64,0.0,0,1
2266,E9FC57FBADE41DD6,2,7,0.0,0,IN,65,0.0,0,0
2267,220DC2C23E361530,4,19,0.015199999999999998,5,FR,65,0.0,0,1
2268,6E2811ADC051667D,1,18,0.0066,5,DO,64,0.0,0,1
2269,4294E781467BCB99,1,112,0.7719999999999999,39,US,64,0.0,0,1
2270,2DE717C76FAD98C,1,3,0.0,0,US,65,0.0,0,0
2271,811B8A4F9CE7B785,1,3,0.0,0,KR,63,0.0,0,0
2272,cd9f2604-86af-49c4-8779-cc1a9e821979,1,1,0.0,0,VE,65,0.0,0,0
2273,AC94D1048FD397EC,2,17,0.0019,6,IN,63,0.0,0,1
2274,CDBDBCEAA5C2A798,1,1,0.0,0,GB,63,0.0,0,0
2275,312a1d81-c197-4f33-a0f7-58d0689d60d5,1,1,0.0,0,EG,63,0.0,0,0
2276,86C724CA2410B4E9,1,32,0.0078000000000000005,7,DZ,64,0.0,0,1
2277,2329F20E3C163F76,6,37,0.0012,2,SN,64,0.0,0,1
2278,84C1E38607124661,1,4,0.0,0,US,64,0.0,0,0
2279,23E77EBCC4C94785,1,5,0.0,0,US,65,0.0,0,0
2280,CDF8A3FF8F7748CB,1,3,0.0,0,US,63,0.0,0,0
2281,B2342CB14562F83B,2,10,0.0,0,EG,64,0.0,0,0
2282,1E1402545A4A7A9A,1,1,0.0,0,EC,65,0.0,0,0
2283,af9a8bc4-44e2-45d8-94c2-09692cf33f3b,1,1,0.0,0,MY,65,0.0,0,0
2284,97a2ca8e-3274-43ce-86fa-bfcdae5401db,1,1,0.0,0,CO,65,0.0,0,0
2285,6D1C43A633B0B2F5,1,7,0.0011,1,US,65,0.0,0,1
2286,D39E474280FDB4FD,1,22,0.0398,1,US,63,0.0,0,1
2287,C9BDC171D0135D95,2,5,0.0007,1,DZ,65,0.0,0,1
2288,2F672758BFC1CFBE,4,13,0.012299999999999998,3,US,65,0.0,0,1
2289,F09CDC1A935C59F,1,5,0.0,0,US,65,0.0,0,0
2290,7c108a7c-4ca3-4552-a3b0-ee200b508b33,2,2,0.0,0,ID,65,0.0,0,0
2291,DB0C05F75113F89,2,5,0.0,0,JP,64,0.0,0,0
2292,523F0CF4C672A1D6,1,5,0.0,0,CZ,65,0.0,0,0
2293,1EC239014CCC1B4F,1,2,0.0,0,US,65,0.0,0,0
2294,49F0641ABFBBD54B,1,2,0.0,0,AU,65,0.0,0,0
2295,d455bfc0-5ef5-47a2-b562-6b883f2f1fdd,1,1,0.0,0,VE,63,0.0,0,0
2296,B6506304B606E104,1,4,0.0,0,AO,64,0.0,0,0
2297,7085FFE85B4C7086,2,16,0.0,0,JP,63,0.0,0,0
2298,A6F2F542F3BDC7BC,3,64,0.0028,4,VE,64,0.0,0,1
2299,AD48D88E0083271C,2,6,0.0,0,US,65,0.0,0,0
2300,E9BA105F628C112C,4,25,0.4294,4,US,65,0.0,0,1
2301,FE7E5FC31C48BB07,3,4,0.0,0,EG,64,0.0,0,0
2302,d1aaa7c2-f09b-42c4-95a0-bc2a091a9781,2,2,0.0,0,JO,64,0.0,0,0
2303,D4640689E4B66219,1,4,0.0,0,SA,63,0.0,0,0
2304,C76684B3A7FB88CD,1,1,0.0,0,JP,65,0.0,0,0
2305,2D1804C1AD3B9BFD,3,9,0.0,0,BR,64,0.0,0,0
2306,B7B2165BC4470352,1,1,0.0,0,DO,63,0.0,0,0
2307,714e076e-4298-4c74-b696-b34197ad8f0e,1,1,0.0,0,NZ,63,0.0,0,0
2308,0ea7f01b-e882-4821-987c-74da4535dc9d,1,1,0.0,0,IQ,63,0.0,0,0
2309,301588908401C731,2,4,0.0006,1,IQ,64,0.0,0,1
2310,F1508F98AAF929B4,3,6,0.0,0,IN,65,0.0,0,0
2311,1DA4F1BBE5AD874E,1,12,0.0,0,NP,63,0.0,0,0
2312,B2F165D811DD1E9F,1,8,0.0028,1,US,64,0.0,0,1
2313,B5B2F2B8C5EC5CCF,1,3,0.0,0,MA,65,0.0,0,0
2314,D317B300E1E0B6A8,1,4,0.0068,1,BR,64,0.0,0,1
2315,7D44ACF902D4CA1F,1,7,0.0,0,BO,64,0.0,0,0
2316,534E73B5812123D5,1,3,0.0,0,US,63,0.0,0,0
2317,38D68CD170E1F3E4,1,3,0.0,0,PH,63,0.0,0,0
2318,E0F6F6E2DF13FEBD,1,1,0.0,0,DE,63,0.0,0,0
2319,0920433d-0f35-4b17-8012-c5410e46f31a,1,1,0.0,0,PK,63,0.0,0,0
2320,20d94802-0c53-4e9a-8a5b-1f6ee716ee1a,1,1,0.0,0,GE,64,0.0,0,0
2321,999BBCDB8D3FF524,1,1,0.0,0,DZ,65,0.0,0,0
2322,F39B32873D5AB901,1,27,3.9800000000000004,2,US,63,0.0,0,1
2323,F03BC3BE40FE5DE,2,9,0.0004,1,GH,64,0.0,0,1
2324,D4A95E91C12B19E3,1,9,0.0,0,BR,65,0.0,0,0
2325,5b499d0c-cc01-4bd8-823e-00a620b043a5,1,5,0.0,0,IQ,63,0.0,0,0
2326,D7C3F6F350097BE8,2,6,0.0,0,PH,65,0.0,0,0
2327,ba1429ac-114b-4fee-8423-7adffa6a6e58,2,10,0.0,0,DZ,64,0.0,0,0
2328,F2F84DDDEF63889E,2,2,0.0,0,IN,65,0.0,0,0
2329,BBDB7C029871E805,1,17,0.0213,4,ID,64,0.0,0,1
2330,CD1A114AF54A7694,2,20,0.0092,1,US,64,0.0,0,1
2331,9C6139DC9444890,2,5,0.0,0,CA,64,0.0,0,0
2332,819920E82182790A,1,3,0.0,0,US,64,0.0,0,0
2333,E2795C3B2F5788DE,2,19,0.0,0,MA,64,0.0,0,0
2334,16BF7CE41864A8F4,1,7,0.0,0,IN,65,0.0,0,0
2335,768C303C009EE1B3,5,15,0.0,0,DZ,64,0.0,0,0
2336,A4109ABE1B99384F,3,19,0.0027999999999999995,16,AZ,63,0.0,0,1
2337,85121B56999A0E0,2,9,0.0006,1,LY,65,0.0,0,1
2338,E529FC2158EEB804,1,2,0.0,0,SN,63,0.0,0,0
2339,119e6d7d-08f4-4d8b-8824-54e78298f793,1,1,0.0,0,IN,64,0.0,0,0
2340,E1DF47003D640D8D,1,1,0.0,0,US,64,0.0,0,0
2341,906163F02D2B449,1,1,0.0,0,LA,63,0.0,0,0
2342,6E13C80E16C08978,3,14,0.1171,1,CA,65,0.0,0,1
2343,5F51A96A25B6B0D3,3,19,0.0018000000000000004,5,BD,65,0.0,0,1
2344,C7E9679A71149BD0,4,6,0.0,0,US,65,0.0,0,0
2345,F55E67A5CEB4FF46,1,3,0.0,0,US,63,0.0,0,0
2346,57D0C308207A4EDA,1,4,0.0,0,TH,64,0.0,0,0
2347,CBDFEC8F97355D17,1,3,0.0,0,US,65,0.0,0,0
2348,874AEF6E57252137,1,1,0.0,0,US,65,0.0,0,0
2349,B4D0176FEF20C62C,1,4,0.0029,2,IN,63,0.0,0,1
2350,cb7ee3a5-5cc6-451c-8dfe-5699960828f1,1,1,0.0,0,CO,63,0.0,0,0
2351,CE66E48D242E0C31,1,4,0.0,0,IQ,63,0.0,0,0
2352,1B33F705BC290513,1,11,0.0,0,US,64,0.0,0,0
2353,386A364874599C0C,1,2,0.0,0,MA,63,0.0,0,0
2354,558B31F3CD3F1484,1,3,0.0,0,DZ,63,0.0,0,0
2355,085879f0-ce2e-4277-8658-4d91d5f7867a,6,38,0.0,0,DO,65,0.0,0,0
2356,F8BECBB40B4637D5,5,32,0.0042,2,EC,63,0.0,0,1
2357,4F7019F4B525B6A6,1,4,0.0,0,EG,64,0.0,0,0
2358,ac0db86b-e172-4e1d-86c5-c961640cfcdf,1,4,0.0,0,CU,65,0.0,0,0
2359,4A17D2025380CC76,1,4,0.0,0,HT,65,0.0,0,0
2360,B19D516735358FBF,1,3,0.0,0,US,64,0.0,0,0
2361,f5d49300-1294-46ac-ad19-566ec41bf230,3,57,0.0,0,DZ,63,0.0,0,0
2362,58D03369BAD6204F,1,3,0.0,0,JO,64,0.0,0,0
2363,46A494B1E1E8DB19,1,2,0.0,0,US,63,0.0,0,0
2364,3D56506B91A10982,4,19,0.3463,6,US,63,0.0,0,1
2365,184A56F8952DA391,1,1,0.0,0,JM,64,0.0,0,0
2366,405af7ce-90a0-4edf-a982-94094c710f8c,1,1,0.0,0,IN,64,0.0,0,0
2367,79979d71-6c90-439f-8c95-453c31ca3883,1,1,0.0,0,NG,64,0.0,0,0
2368,4D29F34E74B0315B,2,11,0.0516,2,US,65,0.0,0,1
2369,78c6920b-9f74-4d36-adf1-cfd773543b58,1,1,0.0,0,DZ,63,0.0,0,0
2370,1F4B5C3203BD5653,2,15,0.0867,1,US,65,0.0,0,1
2371,c01c2175-ebb1-4423-aada-5373cc25669c,2,2,0.0,0,IQ,64,0.0,0,0
2372,a09d4eb7-815d-4c13-9918-deb05f19d1b9,1,1,0.0,0,CU,63,0.0,0,0
2373,0bc987ae-ae1e-4efc-b0ae-8033d92a672f,2,2,0.0,0,GY,64,0.0,0,0
2374,2E3ECE9E54849A4E,1,38,0.7146999999999999,8,CA,64,0.0,0,1
2375,B015091F1017719B,1,7,0.0,0,US,65,0.0,0,0
2376,923E783558334F8D,2,2,0.0,0,MX,64,0.0,0,0
2377,AF79C2F95C9D7A21,1,3,0.0,0,AR,64,0.0,0,0
2378,FA65998E27051AF0,1,2,0.0,0,SY,63,0.0,0,0
2379,31197EEF35A720E8,1,3,0.0,0,US,65,0.0,0,0
2380,D7BE16A116FB7466,2,5,0.0,0,US,64,0.0,0,0
2381,DFE0DC7BDF1CF7D,2,5,0.0,0,US,63,0.0,0,0
2382,8F2CD707188ED8E6,4,10,0.0156,3,CA,64,0.0,0,1
2383,2B6B5D6D2F86C495,1,4,0.0,0,LA,64,0.0,0,0
2384,1FB3D827EBC94F2,2,30,0.0742,6,US,65,0.0,0,1
2385,83C7FE8F42355FB1,2,3,0.0,0,US,64,0.0,0,0
2386,4B1F048BA5B9163E,2,7,0.0,0,OM,65,0.0,0,0
2387,45FAF75309B40AE,1,2,0.0,0,VE,63,0.0,0,0
2388,CD415DEF8FD801F8,1,1,0.0,0,IN,65,0.0,0,0
2389,0e61a6de-26fb-4d21-ae0f-e80d730aefaf,2,28,0.0,0,HT,64,0.0,0,0
2390,9637FF12D8F48EF2,1,39,0.1812,7,PH,64,0.0,0,1
2391,45E3D66909387111,1,9,0.0786,3,US,64,0.0,0,1
2392,F3895E7D8F092C30,2,36,0.12689999999999999,14,US,65,0.0,0,1
2393,06b9fa1e-a03b-4cff-8a13-eaba0c4ce0b1,1,17,0.0,0,PK,64,0.0,0,0
2394,1C326700A7560BA1,2,17,0.4209,4,US,65,0.0,0,1
2395,3B7702D6537ED2EB,3,26,0.0023,11,EG,64,0.0,0,1
2396,5B665710E8F6782E,1,4,0.0,0,IN,64,0.0,0,0
2397,3EC959C4C8F8AFE5,1,3,0.0,0,MY,64,0.0,0,0
2398,7214FD8181124715,1,1,0.0,0,AU,65,0.0,0,0
2399,ee0bc866-e0c6-4e8b-b7eb-3d926d9ba34c,1,1,0.0,0,IN,64,0.0,0,0
2400,7559B0EB8C0B6369,2,19,0.0,0,SY,64,0.0,0,0
2401,abd76346-dad7-4138-820d-5eeec7ec487f,1,1,0.0,0,DZ,65,0.0,0,0
2402,DEA2C581470CA0E0,1,5,0.0,0,US,63,0.0,0,0
2403,DF3165BE05088632,1,3,0.0,0,US,65,0.0,0,0
2404,D8DB443E18595FC1,1,1,0.0,0,DZ,63,0.0,0,0
2405,76D71099AE2A53F4,1,2,0.0,0,VE,64,0.0,0,0
2406,8868A752A24E706C,1,14,0.6506000000000001,2,US,64,0.0,0,1
2407,4197CE8631817CAB,1,7,0.0113,1,US,63,0.0,0,1
2408,8ABBF4C7F785129,5,9,0.0,0,US,65,0.0,0,0
2409,92960C119759DC66,1,4,0.0,0,GT,63,0.0,0,0
2410,4fd8a367-00a0-4e0e-bc6d-eb45ba946b52,2,4,0.0,0,SV,65,0.0,0,0
2411,16734D70A93A2730,1,3,0.0,0,DZ,65,0.0,0,0
2412,EF687E553CDCEC88,2,4,0.0,0,US,64,0.0,0,0
2413,88708E808C2DA311,2,7,0.0,0,US,64,0.0,0,0
2414,4A2239E9476B9772,1,6,0.0,0,US,63,0.0,0,0
2415,835315ec-41af-4239-937e-c4acb377a306,1,1,0.0,0,IQ,65,0.0,0,0
2416,5B94733CE572A45F,1,3,0.0158,1,US,64,0.0,0,1
2417,AE9971F972B96C17,1,2,0.0,0,US,63,0.0,0,0
2418,A863E467CEB30845,2,14,0.0382,1,US,64,0.0,0,1
2419,1075CB1620E52C1E,1,5,0.0,0,BR,63,0.0,0,0
2420,98010F32691766D0,1,7,0.0136,1,US,64,0.0,0,1
2421,E05143DD4EE548EB,1,3,0.0,0,IN,64,0.0,0,0
2422,600B51F9B061CF5C,1,1,0.0,0,CA,64,0.0,0,0
2423,b32091d1-9f0b-4c06-9989-6255984ef78d,1,3,0.0008,1,IN,64,0.0,0,1
2424,45F82D402EDEE3C5,1,2,0.0,0,IQ,64,0.0,0,0
2425,FAAFD1E7F970AA57,2,8,0.0077,1,GB,64,0.0,0,1
2426,ADAE64B03E482FAC,2,6,0.0,0,JP,65,0.0,0,0
2427,113A7714A02A5131,1,1,0.0,0,PE,65,0.0,0,0
2428,AF7F6DE07E51D8B4,3,3,0.0,0,LY,63,0.0,0,0
2429,14C626EBCB2C2EB6,1,1,0.0,0,CA,65,0.0,0,0
2430,9FCFDED6B540ECFF,1,20,0.0,0,LC,63,0.0,0,0
2431,6B23984897BCA9DF,1,3,0.0,0,VE,63,0.0,0,0
2432,76F7A0343D4735C,1,4,0.0162,1,US,65,0.0,0,1
2433,31FC53E1098FFA92,1,4,0.013600000000000001,2,MX,64,0.0,0,1
2434,DE2F4F845B0A8D4C,1,6,0.0,0,SA,63,0.0,0,0
2435,CBE8EB4890635014,1,5,0.1061,1,US,64,0.0,0,1
2436,b8d3985b-48f0-4b9e-8faa-583544b6e867,1,1,0.0,0,EG,64,0.0,0,0
2437,b87b6b2b-e4b0-4d94-aa10-c0db9a79a492,2,6,0.0,0,CI,65,0.0,0,0
2438,15811532CA8347E2,1,13,0.16210000000000002,2,SA,64,0.0,0,1
2439,A212A892BF75DD11,2,10,0.061,3,US,64,0.0,0,1
2440,ED5DA07C2E116DF8,1,3,0.0,0,US,65,0.0,0,0
2441,A6BA328FD2C87EBE,1,5,0.0,0,DE,64,0.0,0,0
2442,B2D36469E6838D47,1,7,0.0,0,SA,65,0.0,0,0
2443,80F378F44A7EF986,1,8,0.0007,1,IN,63,0.0,0,1
2444,4B533C2152C130FD,2,47,0.017499999999999995,16,PH,64,0.0,0,1
2445,a9d3b09d-6081-45f1-b52f-0258ea9fa4f1,2,2,0.0,0,DZ,63,0.0,0,0
2446,7B84C38D0F621DCB,1,1,0.0,0,US,63,0.0,0,0
2447,932b5d83-159c-455b-9f5a-b5c197109d02,2,2,0.0,0,NI,63,0.0,0,0
2448,E49DF21F04E00B7A,1,5,0.0,0,IE,65,0.0,0,0
2449,CFBA0F1DB0A61C5B,1,1,0.0,0,DZ,63,0.0,0,0
2450,5AB96B72B81B1172,1,2,0.0,0,US,65,0.0,0,0
2451,8D028182763D5FB1,1,3,0.0,0,GB,64,0.0,0,0
2452,6C3E3385A06FE405,2,4,0.0,0,CN,65,0.0,0,0
2453,3EC3B04D5251CB1F,1,9,0.0081,1,SA,65,0.0,0,1
2454,116bf05e-141d-486f-a1e5-bb4e4d51d186,2,2,0.0,0,BR,64,0.0,0,0
2455,C622CFF4A8B2321E,1,7,0.001,2,DE,65,0.0,0,1
2456,A14EBF91C68DA090,2,9,0.0014,2,VN,64,0.0,0,1
2457,a6842e52-8087-4c72-b8df-a9013ed0b6f5,1,1,0.0,0,IN,65,0.0,0,0
2458,AE422CEB108A1181,1,1,0.0,0,PH,63,0.0,0,0
2459,8E51C5228F38CEE9,1,1,0.0,0,MY,64,0.0,0,0
2460,f78274ea-dd8c-4b76-be9a-5e7841f71222,1,1,0.0,0,LA,63,0.0,0,0
2461,C447C56DAC229E95,1,4,0.0,0,PY,64,0.0,0,0
2462,a37393e0-8f83-435c-8266-c72ff1bab23e,1,1,0.0,0,VE,63,0.0,0,0
2463,BD9595A90224CAC1,1,2,0.0,0,US,65,0.0,0,0
2464,BE43FB9527A67D1,1,1,0.0,0,US,63,0.0,0,0
2465,62bf356a-4274-41fa-8f83-c7f5b104e3c4,1,1,0.0,0,DZ,63,0.0,0,0
2466,981FCEE33E6F601A,2,19,0.019000000000000003,2,PH,63,0.0,0,1
2467,87B6D0791FAA7A03,1,3,0.0013,1,CO,65,0.0,0,1
2468,1bd75ebb-cf88-4c49-abbe-e2132a1f821c,1,1,0.0,0,AR,64,0.0,0,0
2469,BDA3596BEF70FE63,1,4,0.0,0,GB,65,0.0,0,0
2470,248B5690112C539F,1,6,0.0,0,IQ,64,0.0,0,0
2471,1b712485-8ac3-4c76-b253-e2f97331ca7c,1,1,0.0,0,PY,65,0.0,0,0
2472,8B707866DFD2AE65,1,19,0.0,0,UA,65,0.0,0,0
2473,2BA3A8AF24D6FC61,4,69,0.0001,1,IN,65,0.0,0,1
2474,A8B5A3A6DBEA3D69,3,10,0.0,0,DZ,64,0.0,0,0
2475,b1642212-bb90-4b4e-9be4-c6cf2d554b21,1,1,0.0,0,NI,64,0.0,0,0
2476,E549BE2756F5C9F6,1,10,0.058800000000000005,2,US,64,0.0,0,1
2477,AFFE3DA5C1E5E6BE,1,2,0.0,0,EG,65,0.0,0,0
2478,63C992D36546A8BC,1,5,0.0,0,--,63,0.0,0,0
2479,E1DAE43AAA55BD3D,2,8,0.1216,2,US,65,0.0,0,1
2480,B898F165202EA91C,3,8,0.0,0,US,65,0.0,0,0
2481,CE9D2DBA3239AB3A,2,6,0.0,0,IT,64,0.0,0,0
2482,8C5BC14759350BCD,6,18,0.0014000000000000002,4,IN,64,0.0,0,1
2483,88140B5952D311B9,1,3,0.0,0,FR,65,0.0,0,0
2484,af6b1a8a-759c-4ece-8d28-d7a6aeddff39,3,3,0.0,0,BR,64,0.0,0,0
2485,F45E759FCD8226BC,1,17,0.0,0,MQ,64,0.0,0,0
2486,159AF8CF24914FD,1,10,0.0,0,BR,65,0.0,0,0
2487,79005AAB985E9FE7,2,15,0.0,0,AU,63,0.0,0,0
2488,D101C24997B6C7BE,1,2,0.0,0,BD,65,0.0,0,0
2489,6A00B33E67AC4EBA,1,3,0.0,0,CA,63,0.0,0,0
2490,38633c7b-0830-41da-b190-53448a448672,2,2,0.0,0,CU,65,0.0,0,0
2491,AF061C3209838CBA,1,1,0.0,0,US,63,0.0,0,0
2492,7A9904D795D15F00,1,4,0.0,0,US,64,0.0,0,0
2493,c09bc319-2ad7-4dde-ae3c-55af8329d49a,1,1,0.0,0,IQ,63,0.0,0,0
2494,D5962E2421AE13BA,1,1,0.0,0,IN,65,0.0,0,0
2495,510F97C585FD680E,1,1,0.0,0,CA,64,0.0,0,0
2496,94C801DBD9350403,5,35,0.0028999999999999994,5,DZ,65,0.0,0,1
2497,7C03A4B7BE75AB4A,1,2,0.0,0,US,63,0.0,0,0
2498,5CDE03F70A01936C,1,2,0.0,0,DZ,63,0.0,0,0
2499,3B04AB69DEEDBA8A,1,6,0.0,0,--,65,0.0,0,0
2500,F87403128C16D56C,1,2,0.0,0,JP,65,0.0,0,0
2501,2D97AD6F11ADD953,2,12,0.0,0,US,64,0.0,0,0
2502,E2FA8FEC5E0F0E5F,1,20,0.0,0,PH,65,0.0,0,0
2503,755a356c-d2ac-49b5-938f-b0b15882bd7a,3,7,0.0,0,NP,65,0.0,0,0
2504,F2268991003DAE07,1,3,0.0,0,CA,64,0.0,0,0
2505,552A98335C0EF70F,1,5,0.0,0,BD,64,0.0,0,0
2506,C3C15A0D8275191,1,5,0.0,0,VE,65,0.0,0,0
2507,ccecb4a1-123f-4d57-a07e-21822c3bb838,4,11,0.0,0,PH,64,0.0,0,0
2508,D769228B28F4A728,3,9,0.0,0,US,65,0.0,0,0
2509,C9C19D00B6F1230C,1,19,0.0,0,LA,63,0.0,0,0
2510,EA97C4134A5FC0D5,1,4,0.0,0,DE,65,0.0,0,0
2511,535A6ED76845D5E0,2,4,0.0,0,US,63,0.0,0,0
2512,1240DAF314D0443C,1,3,0.0,0,MX,63,0.0,0,0
2513,69E1443A16EA1D02,2,6,0.0,0,JP,65,0.0,0,0
2514,10D2E60A34410549,1,12,0.0014,2,BR,65,0.0,0,1
2515,4439C7B9999AA7B5,1,2,0.0,0,BR,64,0.0,0,0
2516,42410CE9ACEEC0E4,1,6,0.0004,1,DZ,64,0.0,0,1
2517,51942F4CB2584A7A,1,4,0.0,0,BR,64,0.0,0,0
2518,A4730AD7EA389F4F,2,2,0.0,0,US,64,0.0,0,0
2519,3ABE4E2C62BFBBAC,11,44,0.0004,1,DZ,64,0.0,0,1
2520,A3A508A5D302A7E7,1,27,0.0011,2,LY,63,0.0,0,1
2521,1150AA2DE2AE7739,2,40,0.0,0,ID,64,0.0,0,0
2522,AEA48DDA7FDE498D,1,11,0.0493,2,US,63,0.0,0,1
2523,E9F7437038915802,1,1,0.0,0,US,64,0.0,0,0
2524,8067EC34B91544DF,2,5,0.0288,1,US,65,0.0,0,1
2525,6E2345A434B28251,2,6,0.0252,2,US,65,0.0,0,1
2526,EF46AEE1E07C6D6D,1,8,0.0247,5,BR,64,0.0,0,1
2527,de4aff82-e293-4e44-8176-835504609c72,1,1,0.0,0,MA,64,0.0,0,0
2528,BC3702FC6E46E87A,1,4,0.0,0,MY,63,0.0,0,0
2529,1FE7BAD236F947F0,3,12,0.0043,1,NG,63,0.0,0,1
2530,90944043adecdf5656f1ae3f2d03632c,1,4,0.0,0,IQ,65,0.0,0,0
2531,211DC0AE20508506,3,3,0.0,0,RS,63,0.0,0,0
2532,bf932e55-b7a0-4544-9d29-4323b4af059e,1,2,0.0,0,DZ,65,0.0,0,0
2533,6F9088134FF7D273,1,8,0.0,0,BR,65,0.0,0,0
2534,3388cbcb-78a7-47ca-acba-6721e3a658ad,3,13,0.0,0,IN,63,0.0,0,0
2535,EDCC0E4847C2D56,2,3,0.0,0,VE,64,0.0,0,0
2536,19980414-baef-4aff-a277-7a5286a506fa,1,1,0.0,0,MR,63,0.0,0,0
2537,1d24c2ff-fd04-44a6-b741-cc0f0b321a0d,1,1,0.0,0,GT,64,0.0,0,0
2538,860bf742-27b7-4216-aa45-672cb8bee35d,2,3,0.0,0,HT,63,0.0,0,0
2539,13E2FE9F0F6BE6E2,1,3,0.0,0,SG,65,0.0,0,0
2540,0084c86a-c564-4699-8231-99a95232ee60,3,10,0.0,0,IN,64,0.0,0,0
2541,661c8366-327c-4668-8f19-35a62f037d81,1,1,0.0,0,DZ,63,0.0,0,0
2542,30ED46CB1F5D036D,1,1,0.0,0,CI,65,0.0,0,0
2543,8F1E0DAD40BF17C4,1,12,0.0,0,BR,65,0.0,0,0
2544,d504a62a-482c-466d-be48-abd0aa94c230,1,1,0.0,0,IN,64,0.0,0,0
2545,730E87F749987240,1,3,0.0016,1,MX,65,0.0,0,1
2546,73E464DC3257B82,1,3,0.0,0,US,64,0.0,0,0
2547,6A24D6C057100E39,3,28,0.010400000000000003,10,EG,63,0.0,0,1
2548,F5349D417A6A17E0,1,5,0.0,0,AU,63,0.0,0,0
2549,11DAEBAC3F4E54A0,1,9,0.0,0,BR,63,0.0,0,0
2550,4B94F5625BBFF6E9,1,4,0.0,0,CA,63,0.0,0,0
2551,ee0b09c1-e37f-4061-b447-f650dd8985f5,1,1,0.0,0,IQ,63,0.0,0,0
2552,819b3f44-5582-47af-b867-da43d744162a,1,1,0.0,0,IN,64,0.0,0,0
2553,4D97A2B9F514811F,1,1,0.0,0,US,65,0.0,0,0
2554,3BCDD99C8659524D,2,2,0.0,0,US,65,0.0,0,0
2555,6572AFAA9D2FF49F,1,4,0.0,0,FR,64,0.0,0,0
2556,546C1421AEAF366F,1,3,0.0,0,US,65,0.0,0,0
2557,EEA5DE57EDD13F37,1,13,0.0528,5,ID,64,0.0,0,1
2558,708829B4F3CC0DF4,1,5,0.0055,1,US,64,0.0,0,1
2559,6E2C7EEF5D4B284,1,9,0.0005,1,LA,65,0.0,0,1
2560,699EAD1216703B24,1,2,0.0,0,PK,64,0.0,0,0
2561,25C829CB30C8F3EB,1,1,0.0,0,DZ,63,0.0,0,0
2562,4c95ab0e-497a-48c4-9dcd-e9320842e6dc,1,1,0.0,0,DZ,65,0.0,0,0
2563,900133E8F9A108C7,1,10,0.0,0,GM,63,0.0,0,0
2564,580CECC0D381C14A,1,6,0.0,0,DZ,63,0.0,0,0
2565,E3A8801BE5AAA8BD,1,4,0.0,0,US,65,0.0,0,0
2566,734A173472CC68E,1,17,0.0015,1,IT,63,0.0,0,1
2567,EE37ED80B566285E,1,15,0.1697,2,US,63,0.0,0,1
2568,A6405349B988E62,1,6,0.0,0,GB,65,0.0,0,0
2569,A3C32179F4A2AFA6,1,14,0.0693,3,GP,65,0.0,0,1
2570,6D90B08E6610851E,1,25,2.418,3,DE,63,0.0,0,1
2571,C8BC524227970E75,1,4,0.0,0,CA,63,0.0,0,0
2572,C4524637B7C89844,1,2,0.0,0,US,65,0.0,0,0
2573,D23DAB37BCDD2B86,1,3,0.0,0,US,65,0.0,0,0
2574,7e9c5f7c-a765-4621-9fab-b8490e7cba2c,1,1,0.0,0,IN,65,0.0,0,0
2575,ec9d2df0-4c42-4501-8c70-b852a4f27741,1,1,0.0,0,IQ,63,0.0,0,0
2576,96FCC702A08E4380,1,9,0.0,0,GB,65,0.0,0,0
2577,47B23A63ABC76428,1,3,0.0,0,PH,64,0.0,0,0
2578,D1B52E4D43DB8E25,1,15,0.0,0,DE,64,0.0,0,0
2579,FF9BB9A687A3A24E,1,5,0.0,0,US,65,0.0,0,0
2580,80A250C1590A34F3,3,4,0.0,0,AU,65,0.0,0,0
2581,0e7a5ec1-7748-48c1-a7ce-ea7a7e0f63f9,1,1,0.0,0,NI,64,0.0,0,0
2582,9FC2A8C71E3F1436,3,48,0.13449999999999998,14,GB,65,0.0,0,1
2583,8216BCC05334F5E8,1,8,0.0013,2,VE,65,0.0,0,1
2584,1BFDB7CCC66EC6D9,1,8,0.0,0,VE,65,0.0,0,0
2585,11A876E799BF6395,1,3,0.0,0,PK,64,0.0,0,0
2586,BF12E70C725569F9,1,5,0.0,0,DZ,63,0.0,0,0
2587,3489CCC2DBE70E5D,1,7,0.0028,2,PH,64,0.0,0,1
2588,d455fb8b-b1f4-4ba6-9266-a6943d3c14bc,1,1,0.0,0,JM,63,0.0,0,0
2589,F9DF8995F60EB2C6,1,1,0.0,0,RU,64,0.0,0,0
2590,98781CEAA13480AD,1,3,0.0,0,DZ,65,0.0,0,0
2591,766F8B21F126EED1,2,8,0.0005,1,EG,63,0.0,0,1
2592,586BDA14E4C8E7B2,1,8,0.005,1,NL,63,0.0,0,1
2593,524FA81E8DA01108,3,8,0.0104,2,US,65,0.0,0,1
2594,2A0C553FC280E4B,4,21,0.0594,3,US,65,0.0,0,1
2595,1F3D048A1274A823,2,13,0.1619,1,US,63,0.0,0,1
2596,BCBE9BF791429B69,3,35,0.0111,12,ES,65,0.0,0,1
2597,4972C2B0342DF715,1,5,0.0,0,BR,63,0.0,0,0
2598,C7AF9E2DDD50B3C4,1,5,0.0,0,CA,64,0.0,0,0
2599,E46D0E78F2D15518,5,31,0.0026000000000000003,10,ID,65,0.0,0,1
2600,BA2AACE632BD44AD,2,2,0.0,0,CN,64,0.0,0,0
2601,8593E0CB9949233,1,1,0.0,0,US,63,0.0,0,0
2602,91987D56FEB344C,1,3,0.0,0,US,65,0.0,0,0
2603,5639AF60EF6857F1,3,39,0.1538,12,US,63,0.0,0,1
2604,3F5123812AAC0FF3,1,7,0.0,0,DZ,63,0.0,0,0
2605,16EA5227E649A12F,2,4,0.0,0,US,65,0.0,0,0
2606,F3936C506A28B22D,1,14,0.0,0,US,65,0.0,0,0
2607,3F9A23772FEBC0F1,1,5,0.0,0,AU,65,0.0,0,0
2608,b5df21dc-28b3-4004-806f-27a6c195d61e,1,5,0.0,0,MA,63,0.0,0,0
2609,ACFA5738D09DC03B,1,5,0.0,0,TN,64,0.0,0,0
2610,69EAFA6E07FAAED7,3,14,0.0,0,PK,65,0.0,0,0
2611,7878ea97-d0ee-4a00-82ee-469c8fa156cb,1,1,0.0,0,MA,63,0.0,0,0
2612,e176fd7d-869b-45c0-b660-de774a64e3ba,1,1,0.0,0,--,65,0.0,0,0
2613,c0b6916f-e862-4d08-8206-aceac538ea59,1,1,0.0,0,BR,64,0.0,0,0
2614,21B3B3EC0CFF3F21,1,3,0.0,0,US,65,0.0,0,0
2615,A7CE67BDC6484030,4,19,0.0039000000000000007,13,DO,64,0.0,0,1
2616,468E0AD1EE0C609D,8,59,8.4351,3,US,65,0.0,0,1
2617,B025A9E01E43C32E,1,5,0.0,0,TN,63,0.0,0,0
2618,55D9E05758406E02,7,44,0.0,0,US,65,0.0,0,0
2619,C4D80A2470E74410,7,56,0.0092,3,MM,63,0.0,0,1
2620,C3DDB3625BAE6C8E,2,13,0.0162,2,GB,63,0.0,0,1
2621,c2088dcf-ef3c-42d4-821d-2fcb0a7bd8ca,2,2,0.0,0,JM,65,0.0,0,0
2622,E518B55A80779158,1,5,0.0,0,CI,63,0.0,0,0
2623,279DA5684894D02A,3,11,0.005900000000000001,7,DE,64,0.0,0,1
2624,B38D4D9C659A73A6,9,39,0.0,0,CA,65,0.0,0,0
2625,1e3aaa60-128a-4d16-92e7-4799eca74ec2,1,1,0.0,0,LK,65,0.0,0,0
2626,49ae5f83-f5c9-48cb-b364-4ff6bb9dba2b,1,1,0.0,0,DZ,64,0.0,0,0
2627,6a0204aa-e79d-4fa9-89b8-482e90ec611d,1,1,0.0,0,US,65,0.0,0,0
2628,62D44B2EA18E1D44,1,4,0.0,0,GN,63,0.0,0,0
2629,6D5DBA6A95BC387A,1,22,0.1308,4,SA,65,0.0,0,1
2630,B0CC1BC3DF3CD850,12,55,0.0,0,HT,65,0.0,0,0
2631,3A535E3DD4DF94E2,6,34,0.0,0,CG,64,0.0,0,0
2632,D192A2F2CCCE3C9D,10,30,0.0,0,IR,64,0.0,0,0
2633,64739846727BAD9F,1,1,0.0,0,MX,63,0.0,0,0
2634,94823C8197E08AE6,1,1,0.0,0,US,64,0.0,0,0
2635,66D2DA45141B47C9,2,3,0.0,0,IQ,64,0.0,0,0
2636,CE4585AB10FE76AD,2,2,0.0,0,IN,64,0.0,0,0
2637,39E2ADB17D383368,9,53,0.0,0,SD,65,0.0,0,0
2638,67B4EF88C292ECC0,2,15,0.0013,3,DZ,65,0.0,0,1
2639,5423BC62CE9E2E29,2,10,0.0054,2,AR,63,0.0,0,1
2640,5273E90BC5C9CDD4,1,11,0.0,0,EG,64,0.0,0,0
2641,D324A76723B439D,4,22,0.0528,5,JP,65,0.0,0,1
2642,D5B030D43BF2F7D7,5,14,0.0,0,DZ,64,0.0,0,0
2643,E07C7C8F0F7F3FF3,6,29,0.0,0,US,65,0.0,0,0
2644,107DE4806C86D38D,3,29,0.0002,2,DZ,63,0.0,0,1
2645,F0E1C641DE4BA814,1,58,0.028,12,PT,65,0.0,0,1
2646,88638D8E2AED1F76,2,6,0.0,0,AU,65,0.0,0,0
2647,2DE18A7B3BC99236,3,22,0.0001,1,IN,64,0.0,0,1
2648,9E0B2B5DDBDE827,1,3,0.0,0,BR,64,0.0,0,0
2649,C25593F243B6DF60,1,7,0.0,0,DZ,63,0.0,0,0
2650,54f0719c-32c5-46c1-a35a-75cc9ed09176,2,2,0.0,0,MA,63,0.0,0,0
2651,ad3442ec-d11b-40ce-9d17-b02b5036f425,2,2,0.0,0,DZ,65,0.0,0,0
2652,33BC450FECF8921F,2,69,0.0476,21,CL,64,0.0,0,1
2653,8991D639CAECAD38,3,18,0.0018,5,PH,65,0.0,0,1
2654,F1FD5B81612B3B61,2,8,0.0,0,US,64,0.0,0,0
2655,66F896299A5B04C0,1,5,0.0051,1,US,63,0.0,0,1
2656,5BA8F4A576DD7246,2,10,0.0325,2,US,64,0.0,0,1
2657,7A1011941653EDD6,1,1,0.0,0,US,64,0.0,0,0
2658,6CBD2B471314F7FC,1,3,0.0,0,NL,65,0.0,0,0
2659,5D0C6EE33D52167E,6,48,0.0,0,VE,65,0.0,0,0
2660,909a3ae7-d9bb-4a33-9706-dd9ad4007b2c,1,6,0.0015999999999999999,2,DZ,63,0.0,0,1
2661,31ECC490A58516DB,4,28,0.020999999999999998,7,US,65,0.0,0,1
2662,bb63904d-d705-4c73-af3a-96136726cd44,1,1,0.0,0,KE,64,0.0,0,0
2663,1AAFB3476B2C590A,2,11,0.0447,1,GB,64,0.0,0,1
2664,EB5E867D22E0CF27,3,12,0.0375,2,US,65,0.0,0,1
2665,B7D0A4A94F73B40C,2,24,0.0019000000000000002,2,DZ,63,0.0,0,1
2666,6c0f0d5c-3e90-411e-9a93-d1c09a840c9d,2,9,0.0,0,DZ,63,0.0,0,0
2667,423DC5D6A436F0CD,1,2,0.001,1,NL,63,0.0,0,1
2668,52F9E8DAD683495F,10,26,0.0,0,BR,65,0.0,0,0
2669,4AA7CCDBDFAFA7A8,1,7,0.013300000000000001,2,CA,64,0.0,0,1
2670,A9AA9962F603BBAB,3,27,0.0164,1,US,64,0.0,0,1
2671,73E1332AE1272A33,1,25,0.017,1,CO,64,0.0,0,1
2672,90FD2F3642A636C8,4,17,0.0,0,DZ,64,0.0,0,0
2673,D2A2C230ABD9A5CD,5,32,0.0,0,DZ,63,0.0,0,0
2674,AD7AF98E6472F8CF,2,49,0.1852,15,US,64,0.0,0,1
2675,F115690E1202C788,1,5,0.0,0,US,65,0.0,0,0
2676,45CFF2E6894224EE,2,12,0.0,0,MA,64,0.0,0,0
2677,E08CF58BA49FECA,1,24,0.026500000000000003,2,MX,64,0.0,0,1
2678,4BB961B603FF4026,1,4,0.0,0,IN,65,0.0,0,0
2679,752F37CC171C32AD,1,2,0.0,0,US,63,0.0,0,0
2680,28E85BB9943D7A72,2,5,0.0,0,SO,64,0.0,0,0
2681,35A3E9EE1EF84684,3,31,0.0022,7,VE,63,0.0,0,1
2682,60390685-66de-4758-bdb2-97028d7fc6e9,1,1,0.0,0,PH,64,0.0,0,0
2683,1E7431E724671F39,4,13,0.0037,2,PH,65,0.0,0,1
2684,AF8B80FB5CFC333E,1,2,0.0,0,MX,65,0.0,0,0
2685,34d27d5b-9ce8-478c-9598-b47ee5b5b8ba,1,1,0.0,0,MX,63,0.0,0,0
2686,5647058B17429926,3,3,0.0,0,KI,65,0.0,0,0
2687,0497e6a2-31a2-4b0f-b0ea-1285548aa4ff,1,1,0.0,0,US,65,0.0,0,0
2688,A6775D5CA56F01A8,5,29,0.0004,2,PK,64,0.0,0,1
2689,EFA9402A625A3803,1,5,0.0,0,AR,65,0.0,0,0
2690,EA90099D45BFD86E,2,3,0.0,0,US,63,0.0,0,0
2691,674ba569-59e7-4f41-ad9e-b53248a3efd8,1,1,0.0,0,BR,65,0.0,0,0
2692,173A2A7BF7FB8146,3,8,0.0,0,IQ,65,0.0,0,0
2693,4601636a-e0dd-4e62-b7be-80b130795790,1,1,0.0,0,GB,64,0.0,0,0
2694,23660245154DC7F0,1,1,0.0,0,DO,65,0.0,0,0
2695,79E5555F302C0C76,3,3,0.0,0,IN,64,0.0,0,0
2696,DC18135E4ADDF1E3,1,1,0.0,0,EC,64,0.0,0,0
2697,31FF0FC20DEDF19,3,22,0.0,0,LY,64,0.0,0,0
2698,84C9709BA1DB436B,4,39,0.12380000000000001,12,US,64,0.0,0,1
2699,87226824-4b54-4220-a240-5048b9e2f611,1,1,0.0,0,US,65,0.0,0,0
2700,C5ED1CCB1F878B7,1,6,0.0318,3,CA,63,0.0,0,1
2701,ADBA0F2FE802A602,1,1,0.0,0,SA,64,0.0,0,0
2702,ac228c3c-d478-4949-b0b4-b6a2a60993e5,1,1,0.0,0,UA,64,0.0,0,0
2703,EF44EB99343A37C0,2,10,0.0,0,BR,64,0.0,0,0
2704,9EA09D17194187D1,1,5,0.0,0,JM,63,0.0,0,0
2705,346BE8D68001A027,2,7,0.0324,2,US,64,0.0,0,1
2706,DCF3012BCB9E0648,1,2,0.0,0,LY,64,0.0,0,0
2707,2dacd9e3-3df8-43a6-9748-6519047c3ffa,1,1,0.0,0,AO,63,0.0,0,0
2708,43c03e10-71a4-48a7-b60b-df7473ec2daa,1,1,0.0,0,SO,64,0.0,0,0
2709,6DBE74984181AEC4,3,22,0.2605,3,US,65,0.0,0,1
2710,8A302123185DE06B,1,19,0.0119,2,VE,65,0.0,0,1
2711,7416E522B9AB8C23,1,4,0.0,0,NL,65,0.0,0,0
2712,4A7859AC9D7322A3,3,17,0.0553,4,US,65,0.0,0,1
2713,117eae40-8df7-44b7-8596-fd38482473f1,1,1,0.0,0,DZ,63,0.0,0,0
2714,A6EC3DEC9BA1DB5B,1,2,0.0,0,BR,64,0.0,0,0
2715,7D3854F540C66009,1,1,0.0,0,SA,65,0.0,0,0
2716,ee88056b-1cc9-4fe7-9561-4cba837d7c2c,1,1,0.0,0,VE,63,0.0,0,0
2717,eb8e3af0-e942-4e23-b46e-77cb8c9cdc68,1,1,0.0,0,IQ,63,0.0,0,0
2718,2F15AD574F3A65C2,2,10,0.0005,2,DZ,65,0.0,0,1
2719,9838A0A89F317CB7,1,22,0.07319999999999999,7,US,64,0.0,0,1
2720,950675C9F4EAE51E,1,4,0.0,0,PK,65,0.0,0,0
2721,CA577CA1970F78C1,1,6,0.0085,1,CO,64,0.0,0,1
2722,a3a0e7c5-73c1-4411-9799-b221359fab2c,4,26,0.0,0,IN,64,0.0,0,0
2723,3099EA6D3587D5A8,1,4,0.0003,1,GB,63,0.0,0,1
2724,C66B39C08A00849D,2,5,0.0,0,PH,63,0.0,0,0
2725,D3B021434858ECF0,1,6,0.0,0,SO,64,0.0,0,0
2726,44C879736C39AA0E,1,10,0.0,0,PE,64,0.0,0,0
2727,CBF6E92881CB5BB,3,21,0.0058,3,SV,65,0.0,0,1
2728,AC17F1493DB96682,1,4,0.0,0,DZ,64,0.0,0,0
2729,CEAB8E549124455B,1,2,0.0014,1,ID,64,0.0,0,1
2730,6ec4d18a-8f7f-42bf-ae0b-9e292c3dcafd,1,1,0.0,0,MA,65,0.0,0,0
2731,D43A2CC8377E2391,5,12,0.0055,1,US,65,0.0,0,1
2732,187A243DF7022782,1,17,0.0,0,KH,63,0.0,0,0
2733,B8C713819C2101E3,1,10,0.024,1,US,64,0.0,0,1
2734,4eb37a28-02b9-4488-80f3-8cea36c1b879,2,4,0.0,0,ID,65,0.0,0,0
2735,e1e20a5e-5ea8-4f53-b279-1e3c721653c2,1,1,0.0,0,BO,64,0.0,0,0
2736,6ae12f05-9dc7-4859-8003-60254be4446b,1,1,0.0,0,DZ,63,0.0,0,0
2737,62690B6136C28D63,1,2,0.0,0,CR,65,0.0,0,0
2738,f9cb1787-79d4-4153-a241-3d8541e28a5c,1,1,0.0,0,DZ,64,0.0,0,0
2739,7C9CD8CEC1593487,1,10,0.0,0,AR,65,0.0,0,0
2740,8C469B2E0ABABF08,3,20,0.0057,6,CI,64,0.0,0,1
2741,3E86F82463D5E01B,1,25,0.0,0,PR,63,0.0,0,0
2742,8A2765F20471E1A2,1,11,0.0,0,US,65,0.0,0,0
2743,126E6C483C387C9,2,18,0.0118,5,IN,63,0.0,0,1
2744,87E3B460E753C8C2,1,10,0.0014,2,PH,63,0.0,0,1
2745,7F368D9ABCFC4381,4,11,0.0131,1,NZ,64,0.0,0,1
2746,ECF2EEF2B630D1F9,1,6,0.0,0,ID,63,0.0,0,0
2747,903FD39BB7F0C9B0,1,5,0.0,0,IN,65,0.0,0,0
2748,1a4e99cd-d4a2-40a2-9109-08890e61e0f2,1,1,0.0,0,CO,65,0.0,0,0
2749,44B245E79C2AC9B2,1,4,0.0553,3,US,65,0.0,0,1
2750,4C02FF8BF3C43545,1,5,0.0207,1,US,63,0.0,0,1
2751,709A73352FBF54C5,1,1,0.0,0,MA,64,0.0,0,0
2752,50D6764E9AA8EA1,2,4,0.0,0,GB,65,0.0,0,0
2753,1CFE862A6EFFF50A,1,1,0.0,0,IN,64,0.0,0,0
2754,7CA8D74E736F2B11,1,13,0.0,0,GB,64,0.0,0,0
2755,5c6bd8f9-ea9a-43f1-9540-81e3cbf374c6,1,3,0.0,0,BR,64,0.0,0,0
2756,689BD7D9D6AD9E55,2,6,0.0,0,IN,64,0.0,0,0
2757,E53CF5F90DB07394,4,23,0.0,0,DZ,65,0.0,0,0
2758,715a4eff-e721-41fd-b418-51b604de8ea9,1,1,0.0,0,KR,64,0.0,0,0
2759,A4C38BDBD2BA0E6C,2,5,0.0,0,CN,64,0.0,0,0
2760,285B848EA04F06B3,1,4,0.0,0,BR,63,0.0,0,0
2761,016a0e89-11f6-48f2-8b29-c2c951b9e43d,9,63,0.0,0,CI,64,0.0,0,0
2762,2D5108B45CFF3373,1,3,0.0,0,US,65,0.0,0,0
2763,F7526522C64917F8,1,1,0.0,0,SA,65,0.0,0,0
2764,4ECEAE0ABFE67FE8,1,9,0.0011,1,EG,63,0.0,0,1
2765,4EB66BFAC5889C35,2,6,0.0,0,DZ,64,0.0,0,0
2766,CB60B444CC10A677,4,16,0.2731,2,US,65,0.0,0,1
2767,A92A3A4789BC8235,1,3,0.0,0,PH,65,0.0,0,0
2768,7454797DEE11C030,2,4,0.0,0,PH,64,0.0,0,0
2769,572699b1-e731-41de-8146-8fab26169e42,2,2,0.0,0,US,64,0.0,0,0
2770,1BD9FA88CDAB3B2,1,4,0.0053,1,DE,65,0.0,0,1
2771,C2809F9BB7935217,2,6,0.0,0,MX,65,0.0,0,0
2772,1eca8fc2-b569-4652-b9dc-07efab180c99,1,1,0.0,0,VE,63,0.0,0,0
2773,42D5B84C4940501E,1,18,0.0,0,PH,65,0.0,0,0
2774,9555311679563058,2,30,0.0827,7,FR,65,0.0,0,1
2775,E4B9CEED14DFDEFB,2,9,0.0,0,US,64,0.0,0,0
2776,5FB3D9D30ACBA663,3,19,0.0,0,VE,63,0.0,0,0
2777,f9e7c0e8-a2ca-4fe1-a840-90df7b7a25ec,2,4,0.0,0,MA,65,0.0,0,0
2778,A4F3DBBC3DDD92E2,1,10,0.0005,2,GB,64,0.0,0,1
2779,23ADED45628D08BA,1,1,0.0,0,AR,65,0.0,0,0
2780,F3D379C1B3E3A401,1,3,0.0,0,AU,64,0.0,0,0
2781,F2F5E966F7C9D145,2,5,0.0,0,US,64,0.0,0,0
2782,261509A592126FA2,2,16,0.18489999999999998,4,US,65,0.0,0,1
2783,DB715987AD99B345,1,9,0.0,0,GB,64,0.0,0,0
2784,F969D1B5533F62D8,20,91,0.0,0,VE,64,0.0,0,0
2785,EEA0C1E082561EBF,1,8,0.1179,1,KR,64,0.0,0,1
2786,1283AFDB132B70E6,1,15,0.0,0,CM,63,0.0,0,0
2787,C7B703874CC5AC0E,3,18,0.3227,4,IT,65,0.0,0,1
2788,D3067FE2419A9FF2,1,1,0.0,0,IN,63,0.0,0,0
2789,87ACFDDC8933A87B,1,20,0.0086,1,ZA,64,0.0,0,1
2790,6AB5512D4E468535,1,4,0.0,0,ZA,65,0.0,0,0
2791,AD7C627D30C7DAD6,1,30,0.0007,1,IQ,65,0.0,0,1
2792,95CC5DADA93650B2,3,5,0.0007,1,IN,64,0.0,0,1
2793,9BFFB9C774013D63,1,1,0.0,0,US,64,0.0,0,0
2794,2116FFAD9815AEA6,2,2,0.0,0,MR,65,0.0,0,0
2795,7430BE84AFD969EF,1,3,0.0,0,IN,63,0.0,0,0
2796,7ff27af7-611f-4c70-9de9-c2075ad640bf,3,20,0.0003,1,ZM,65,0.0,0,1
2797,3667BD6AB010970C,1,3,0.0,0,MY,65,0.0,0,0
2798,372d1425-783d-40b4-a085-6181e3db31d1,1,1,0.0,0,VE,65,0.0,0,0
2799,8C4161659CCDA945,6,30,0.08460000000000001,8,US,63,0.0,0,1
2800,84752D63252BDCBF,1,31,0.0007,1,AR,63,0.0,0,1
2801,EE85BA8A1B39362A,2,6,0.0018,4,MK,63,0.0,0,1
2802,414ECFC7ADC1E47,1,6,0.0004,1,EG,65,0.0,0,1
2803,8923F86C08827ED8,1,3,0.0,0,MA,65,0.0,0,0
2804,CE6392AD08314B6A,1,1,0.0,0,SA,65,0.0,0,0
2805,FBA90A99249A9E52,2,5,0.0,0,LY,64,0.0,0,0
2806,50b386e6-a2dd-468d-81f6-814e0a5b0f05,2,2,0.0,0,VE,63,0.0,0,0
2807,1FCBEA8C4A38D623,1,1,0.0,0,US,63,0.0,0,0
2808,574D50AA48362BA2,1,2,0.0,0,KR,63,0.0,0,0
2809,3E042DA4A45619B3,1,5,0.0,0,FJ,63,0.0,0,0
2810,521cfd3e-653f-4f8f-88db-cbd4f4f35d73,1,1,0.0,0,IN,64,0.0,0,0
2811,2FFDCAABDD5DC4E4,1,1,0.0,0,BO,64,0.0,0,0
2812,c2d90fb8-5db1-4f5f-a1bc-2344b624b318,1,1,0.0,0,CO,64,0.0,0,0
2813,7BCA3D37AA8D8C8E,2,7,0.0,0,US,64,0.0,0,0
2814,d664c563-edd3-4f85-9bd2-464e82af4e95,2,2,0.0,0,MM,64,0.0,0,0
2815,792148EC0CFADA69,1,5,0.0,0,YE,64,0.0,0,0
2816,e44894f5-3953-4b70-a856-57ec23640465,1,1,0.0,0,MX,64,0.0,0,0
2817,F05B191E30D08605,1,5,0.0,0,LA,63,0.0,0,0
2818,2A55DCA7D3A8DC65,1,5,0.0,0,DZ,64,0.0,0,0
2819,73F65011424797D3,1,1,0.0,0,ID,63,0.0,0,0
2820,7000384c-b4c9-45e8-b3a0-48d1e56f2d84,1,1,0.0,0,MA,65,0.0,0,0
2821,E3533CC4DCE83046,2,7,0.0014,2,BR,65,0.0,0,1
2822,D1B18ACD85651F49,2,15,0.0843,2,CA,65,0.0,0,1
2823,215AF33094734315,6,44,0.0,0,EG,64,0.0,0,0
2824,A9A76DD1DCBE3569,1,3,0.0,0,BJ,64,0.0,0,0
2825,F18896F1A685D078,2,25,0.0022,1,MA,64,0.0,0,1
2826,DC02BFC595F71D9A,1,3,0.0,0,DZ,63,0.0,0,0
2827,4B92DFEA36C77E2A,2,3,0.0,0,EG,65,0.0,0,0
2828,EA9999060A1C6AFF,1,1,0.0,0,BR,64,0.0,0,0
2829,ad609785-509e-4a3c-ab4d-da8ea5ccb7f8,3,3,0.0,0,DZ,65,0.0,0,0
2830,99B0E4FC8E5B16F,1,2,0.0,0,DZ,63,0.0,0,0
2831,DEDC3EAA0851135F,1,1,0.0,0,EC,64,0.0,0,0
2832,5A8D7A598D2117E,1,15,0.0001,1,ID,63,0.0,0,1
2833,8E5A2112AE6D492B,2,2,0.0,0,US,65,0.0,0,0
2834,284781B6849F881C,1,17,0.0517,4,US,64,0.0,0,1
2835,EFE03CADCF4E9AE9,3,5,0.0,0,VE,64,0.0,0,0
2836,ae95161a-6954-4ab3-b346-027dfc6307a9,1,1,0.0,0,FR,65,0.0,0,0
2837,D8B4D94E9DA55A72,1,2,0.0,0,BD,65,0.0,0,0
2838,2f2f4e13-e922-4648-8fb6-cacc3753ec56,1,1,0.0,0,US,65,0.0,0,0
2839,8AC5C2F5D1343BCE,1,4,0.0,0,BF,65,0.0,0,0
2840,31A77F4C50706A9D,1,14,0.0026,4,KE,64,0.0,0,1
2841,F756FCCF320A3E28,1,16,0.0,0,BF,65,0.0,0,0
2842,5E8C979E24008A25,3,10,0.0,0,AU,65,0.0,0,0
2843,4D1234AE76A2A58C,1,2,0.0,0,IN,64,0.0,0,0
2844,686D0C8F37B50529,2,8,0.0,0,US,65,0.0,0,0
2845,C6212AD93AB2B8E,2,12,0.0,0,US,63,0.0,0,0
2846,7F228A77E4BED563,2,5,0.0,0,DZ,65,0.0,0,0
2847,6fb110cb-e195-4b2f-a746-4b6e928ce4c5,2,2,0.0,0,LY,63,0.0,0,0
2848,C9D39D6F652E5878,1,7,0.0,0,CO,65,0.0,0,0
2849,5AFC65BD8768B15C,1,2,0.0,0,US,64,0.0,0,0
2850,A363643169D21DA5,1,1,0.0,0,KR,63,0.0,0,0
2851,964D8400595C4885,2,63,1.3117999999999999,22,US,65,0.0,0,1
2852,CDD82BAE07C4AB7E,1,10,0.0156,1,MX,64,0.0,0,1
2853,594E4AD00E9B6A3,2,15,0.001,2,US,65,0.0,0,1
2854,551239F18680FD94,1,12,0.0022,3,IN,65,0.0,0,1
2855,D93A5DBB3B16539,1,6,0.0054,1,MY,63,0.0,0,1
2856,2B545DDCB0DA8540,3,13,0.0,0,DZ,65,0.0,0,0
2857,C25714C9D223F75C,1,2,0.0,0,PR,63,0.0,0,0
2858,F6A4F64364408B58,1,2,0.0,0,PY,65,0.0,0,0
2859,f974f805-51fa-4bf4-a974-4af2bf8e1d9f,1,1,0.0,0,PK,63,0.0,0,0
2860,BA839F449D7BD124,2,8,0.0,0,PT,63,0.0,0,0
2861,F009BE151931E0C8,2,24,0.2351,7,US,65,0.0,0,1
2862,56EF1C9E04125646,1,5,0.0,0,CD,63,0.0,0,0
2863,24e6f954-edf8-4e2d-b10e-772b04f3c51f,7,21,0.0,0,NP,65,0.0,0,0
2864,8D26CD599DA2A80B,1,4,0.0,0,US,64,0.0,0,0
2865,B5ED2A14930B9339,2,8,0.0009,1,IQ,64,0.0,0,1
2866,B434981E4187E9A,1,1,0.0,0,BF,63,0.0,0,0
2867,D8699C5616F89C17,2,4,0.0,0,CO,65,0.0,0,0
2868,526785B254033CA8,1,6,0.0,0,SA,64,0.0,0,0
2869,E0347B880B8CE553,1,9,0.0,0,DZ,63,0.0,0,0
2870,5085F355F4FEA128,1,14,0.0013,2,ID,63,0.0,0,1
2871,8f0fb8b6-ec69-4306-a29e-182d1118f864,2,5,0.0,0,MX,65,0.0,0,0
2872,5d587096-98b0-4a0d-a6b5-b934eeb0b6d6,1,1,0.0,0,SA,64,0.0,0,0
2873,AA277800302D66FA,1,7,0.0745,1,US,65,0.0,0,1
2874,362310E5C174CB99,1,8,0.0,0,SY,65,0.0,0,0
2875,C7FFC2B4F37A49AC,1,2,0.0,0,JP,63,0.0,0,0
2876,412b5386-baa4-485a-896a-9bfe1703b51b,1,1,0.0,0,IN,63,0.0,0,0
2877,9151A00C40014207,1,12,0.0005,1,VE,63,0.0,0,1
2878,2E67F9687DE6DD21,1,10,0.0,0,US,65,0.0,0,0
2879,B86C06AFBDE7E6B1,1,7,0.0,0,US,63,0.0,0,0
2880,8BB3F067432D8D4A,1,3,0.0,0,US,65,0.0,0,0
2881,3993E0DDD98DC4A2,1,1,0.0,0,DZ,65,0.0,0,0
2882,7D4B9816B6C46570,1,1,0.0,0,US,63,0.0,0,0
2883,fa83a142-adc9-48e6-80a8-88496aa3bede,1,1,0.0,0,LA,63,0.0,0,0
2884,4376493E5808D842,1,2,0.0,0,IN,64,0.0,0,0
2885,4786e7b9-df49-4ecc-87dc-05a703fa346f,1,1,0.0,0,BR,63,0.0,0,0
2886,57D53DF2109430A6,3,6,0.0,0,CV,64,0.0,0,0
2887,7b78f049-434f-4808-a67b-cd3cb4fd77c6,2,2,0.0,0,NI,63,0.0,0,0
2888,1E0A2EDE0B991DD4,1,1,0.0,0,LY,64,0.0,0,0
2889,ff6e4652-f933-43f5-adb5-3cd919754c75,1,1,0.0,0,DZ,64,0.0,0,0
2890,55c2d6b2-2b69-4327-a738-80cbdad6bdac,1,1,0.0,0,AE,65,0.0,0,0
2891,37a4e6e5-600e-4ca5-aa19-409680160439,1,1,0.0,0,IN,65,0.0,0,0
2892,614f7f0a-4c98-4e8d-9957-c23a6cfadfd9,1,1,0.0,0,BR,65,0.0,0,0
2893,83201422A4A2E760,1,1,0.0,0,SY,64,0.0,0,0
2894,3472C3D8C4F95166,2,6,0.0,0,VE,63,0.0,0,0
2895,60582BFDFB1C2BB9,1,1,0.0,0,DE,63,0.0,0,0
2896,89DF2616E9B47DF7,2,6,0.0,0,GT,65,0.0,0,0
2897,69536ADD5E47BE46,1,1,0.0,0,DE,64,0.0,0,0
2898,FF7A3AE14DE4FB62,1,3,0.0,0,MY,64,0.0,0,0
2899,95C1B456E26FCD4E,1,9,0.0,0,IN,65,0.0,0,0
2900,7186EE0EE52B3D8A,1,4,0.0,0,LY,64,0.0,0,0
2901,E74EE555FC73F522,2,10,0.0095,3,MX,65,0.0,0,1
2902,5A2D27352B58747C,1,4,0.0,0,GA,63,0.0,0,0
2903,412B0A6A3D020067,1,1,0.0,0,PR,65,0.0,0,0
2904,DFBC6B5D4C9332F1,3,16,0.224,2,US,65,0.0,0,1
2905,dd3e0685-262c-454d-bb8e-d0590a9350f4,2,2,0.0,0,IQ,64,0.0,0,0
2906,BCEEE54EDE183BB4,3,15,0.0,0,ZA,64,0.0,0,0
2907,374650BEF97207C0,2,4,0.0,0,US,64,0.0,0,0
2908,1DF191AD8DAE8838,2,7,0.0498,2,GB,65,0.0,0,1
2909,6BA69A3037539DB4,1,5,0.0,0,CA,64,0.0,0,0
2910,79f4c474-b9ec-4fd7-b345-149b2d121032,1,1,0.0,0,PH,64,0.0,0,0
2911,34977C8565CE94EE,1,9,0.0,0,IR,64,0.0,0,0
2912,A3A6512F2D1BCF16,1,17,0.0003,1,TN,64,0.0,0,1
2913,42A2E793310B665F,3,24,0.020999999999999998,10,UA,64,0.0,0,1
2914,28353137649C61BD,2,8,0.0,0,US,65,0.0,0,0
2915,1949d87a-9bc9-4faf-a7ca-7af6140a01d7,1,1,0.0,0,LY,65,0.0,0,0
2916,B03B32AFDD442F23,1,3,0.0,0,US,63,0.0,0,0
2917,6137C8C8838C2DB6,1,4,0.0,0,LY,63,0.0,0,0
2918,2B349C74F2C9BF2,1,3,0.0,0,US,65,0.0,0,0
2919,516EA27233F743C8,2,11,0.0,0,US,65,0.0,0,0
2920,8AE6C1344A0F47F6,1,4,0.0,0,US,64,0.0,0,0
2921,FF9B1022AF23BB2A,2,36,0.0328,11,US,65,0.0,0,1
2922,770DB126DB235F08,1,21,0.0,0,US,65,0.0,0,0
2923,B7FC6A4DC8AAF3A7,1,15,0.0024999999999999996,3,DZ,64,0.0,0,1
2924,3955AD57F3C30D05,1,1,0.0,0,UY,65,0.0,0,0
2925,2c5e24e9-edb8-447c-bdd2-92233cfa48c7,1,1,0.0,0,EG,63,0.0,0,0
2926,CE61BD3784DFAD1C,3,9,0.0,0,GB,65,0.0,0,0
2927,FFAE723E82B8F93D,1,5,0.0,0,BR,63,0.0,0,0
2928,1BD1C97051C0AF6E,2,6,0.0,0,NL,64,0.0,0,0
2929,2D489BE7E1BE6CE0,1,3,0.0,0,DZ,64,0.0,0,0
2930,ce862570-0b00-4e96-a1fb-ff714d3683ee,1,1,0.0,0,IN,65,0.0,0,0
2931,8e8b823a-143d-4358-b937-25c8e02fa640,1,1,0.0,0,GT,63,0.0,0,0
2932,4A2861D38EE46F1A,1,19,0.0,0,DZ,63,0.0,0,0
2933,5d44126f-8d0e-4859-a7e0-151ccef7afdf,1,1,0.0,0,US,64,0.0,0,0
2934,F758D00C6343B416,2,2,0.0,0,AR,63,0.0,0,0
2935,3124FAC5A3181D45,1,15,0.0559,2,US,65,0.0,0,1
2936,7031CDF545466785,1,6,0.0,0,LY,65,0.0,0,0
2937,B982562BC74C03FC,1,4,0.0,0,US,65,0.0,0,0
2938,7D852DFB50CA9DF,1,4,0.0,0,US,64,0.0,0,0
2939,9E7ECEA5CFB39F7,2,4,0.0,0,GB,63,0.0,0,0
2940,3C5CDC89A27C89BA,1,28,0.0002,2,DZ,65,0.0,0,1
2941,A1845813745AFF2C,1,7,0.0,0,GB,64,0.0,0,0
2942,B2F46B6242E09B47,1,3,0.0,0,VN,63,0.0,0,0
2943,B34E1E47358C96AA,1,4,0.0,0,US,64,0.0,0,0
2944,A0E6112B41398B95,1,8,0.1123,1,GB,64,0.0,0,1
2945,869AA2352C179C25,5,25,0.0,0,US,65,0.0,0,0
2946,7CD6F8C2A81B0F61,1,6,0.0,0,EG,64,0.0,0,0
2947,48FA4454E1D6F887,1,4,0.0,0,JP,63,0.0,0,0
2948,13b01856-e1d3-4b9c-96b3-17467eecfa45,1,1,0.0,0,ZA,64,0.0,0,0
2949,D5B82286E12DC2C4,1,12,0.0008,1,PH,63,0.0,0,1
2950,DA27ED28D1D109F2,1,4,0.0,0,US,64,0.0,0,0
2951,E5FE5567B03BE027,2,14,0.0109,2,JM,65,0.0,0,1
2952,545E18E54D780D1F,1,1,0.0,0,US,63,0.0,0,0
2953,52f08739-b0e4-4f90-9e72-179aa0637b37,2,2,0.0,0,EC,64,0.0,0,0
2954,35E606270305B683,8,66,0.5721,10,US,63,0.0,0,1
2955,3A9BE34126E093FC,1,5,0.0,0,CO,63,0.0,0,0
2956,86574BF7C29253,1,14,0.0,0,LY,65,0.0,0,0
2957,4ca79556-dcf3-4d7a-b3c2-4369ff09dc3b,1,7,0.0,0,SN,63,0.0,0,0
2958,A96E8CBF0CD09FB6,1,3,0.0,0,JP,63,0.0,0,0
2959,F7CB96471246EEC8,1,3,0.0,0,LU,65,0.0,0,0
2960,2183639e-6740-48f9-93e3-8ba43ebecc1d,2,2,0.0,0,DO,63,0.0,0,0
2961,2ACE8A61A58028CC,3,9,0.0,0,DZ,63,0.0,0,0
2962,7CB11E475F659DA1,1,12,0.18380000000000002,6,US,63,0.0,0,1
2963,E95B51D27B08B9F7,1,4,0.0,0,CL,63,0.0,0,0
2964,BB62201C5F25B752,1,1,0.0,0,US,63,0.0,0,0
2965,53AE9D118FD4575C,1,1,0.0,0,BR,65,0.0,0,0
2966,56912D637E19B588,1,1,0.0,0,CA,64,0.0,0,0
2967,35857BADD51F4963,6,9,0.0,0,RS,65,0.0,0,0
2968,C959F6761BD527F7,1,6,0.0,0,PY,63,0.0,0,0
2969,3B6B60C1B3140263,1,13,0.0397,2,GB,65,0.0,0,1
2970,8baa157b-3911-43a4-9f25-1b389d71fa03,1,1,0.0,0,HT,65,0.0,0,0
2971,6BB08E50B85AC6C5,1,11,0.0,0,LA,64,0.0,0,0
2972,E5BA12C146366AFE,1,33,0.19160000000000002,9,PH,64,0.0,0,1
2973,4037E69E2C0DE176,1,3,0.0,0,US,63,0.0,0,0
2974,C86EEE66E618AB7F,1,6,0.0,0,LA,63,0.0,0,0
2975,D3A3776B0516AE23,1,10,0.0011,3,IN,65,0.0,0,1
2976,FCB33622AAB32179,1,4,0.0,0,CA,64,0.0,0,0
2977,8b51dd8b-3984-4ed9-a72b-4a852612c031,1,1,0.0,0,DZ,65,0.0,0,0
2978,988AE2DD77138A05,1,4,0.0,0,IN,65,0.0,0,0
2979,1D0ED192297E055,1,8,0.0,0,GB,64,0.0,0,0
2980,92B215390A96B36D,2,6,0.0409,1,US,65,0.0,0,1
2981,1FB8157A9FB7B372,1,5,0.0,0,US,63,0.0,0,0
2982,4EE0FA0B9F63081D,1,3,0.0,0,IN,65,0.0,0,0
2983,C474163BFC767DED,1,2,0.0,0,MA,63,0.0,0,0
2984,19F42CD141B9707A,1,1,0.0,0,SA,65,0.0,0,0
2985,40d5869e-a209-4ba6-8b5f-72f84313c402,2,17,0.0,0,DZ,64,0.0,0,0
2986,4E89824DE6E5620E,1,3,0.0,0,US,65,0.0,0,0
2987,9D7B01D7AE242668,1,3,0.0,0,US,65,0.0,0,0
2988,27798430960BA7A6,1,7,0.0,0,US,64,0.0,0,0
2989,442fe4cc-a988-400a-b57e-73e4125d5420,1,1,0.0,0,US,65,0.0,0,0
2990,3db0d21f-f6c1-4c26-8688-1d48956c0f61,1,1,0.0,0,MX,63,0.0,0,0
2991,BD4ABFF68A2D2355,5,57,0.0557,1,NZ,65,0.0,0,1
2992,7342CF9BBDE98DE3,1,1,0.0,0,US,64,0.0,0,0
2993,195b9cb3-849f-4f97-987e-b0b77a1fc6eb,1,1,0.0,0,GH,63,0.0,0,0
2994,DF81C4DF569E69C7,1,1,0.0,0,US,63,0.0,0,0
2995,56124a7e-64a1-45fd-a2e7-d7ba870857f7,1,1,0.0,0,CI,65,0.0,0,0
2996,9ABC14083727ADA3,1,5,0.0,0,MA,63,0.0,0,0
2997,6D8C15DADBA787B7,1,1,0.0,0,US,63,0.0,0,0
2998,44F0D13C108B249A,1,4,0.0006,1,IN,63,0.0,0,1
2999,F2713C106C31A5F8,1,17,0.0008,1,US,63,0.0,0,1
3000,25CAB0333EB4B008,1,1,0.0,0,US,64,0.0,0,0
3001,D0774F4D19495D01,1,3,0.0,0,US,63,0.0,0,0
3002,28A73C1842C6FE4A,2,18,0.0,0,IQ,64,0.0,0,0
3003,854714817899FE01,33,195,0.0,0,SZ,63,0.0,0,0
3004,97138206-3a29-4d19-86fb-ced3e70276b1,1,1,0.0,0,US,63,0.0,0,0
3005,6E44E0AC3EA11A15,3,17,0.0,0,NI,63,0.0,0,0
3006,1B934E2156515512,1,4,0.0,0,VE,63,0.0,0,0
3007,CA271556C36D95E4,8,71,0.14389999999999994,26,US,65,0.0,0,1
3008,68982FB36B682793,2,19,0.0103,3,CO,65,0.0,0,1
3009,97BAF621C575E07C,3,28,0.0,0,US,63,0.0,0,0
3010,6D51D871A4473FE8,1,5,0.0,0,PH,63,0.0,0,0
3011,8A7D510A4B8E8B3C,2,3,0.0,0,CA,65,0.0,0,0
3012,D444AFDEAA27B7D2,2,5,0.0,0,DZ,65,0.0,0,0
3013,8F134F12E1084EE4,1,1,0.0,0,FR,65,0.0,0,0
3014,57D379B00619428,3,20,0.1486,5,IN,63,0.0,0,1
3015,b116eb3d-b606-45a9-9268-c47832734be8,1,1,0.0,0,DK,63,0.0,0,0
3016,e99f8d8a-9da5-486a-9923-262586f52f41,1,1,0.0,0,US,63,0.0,0,0
3017,c1d14d57-f0a9-4d29-9008-27c61b41141d,1,1,0.0,0,IN,63,0.0,0,0
3018,701AADF21F3A2881,1,5,0.0,0,IQ,65,0.0,0,0
3019,E70DE4FCF30699F1,8,43,0.0,0,EG,65,0.0,0,0
3020,e7be33b3-0811-4e7e-adfa-b138de8f325c,1,1,0.0,0,NP,65,0.0,0,0
3021,1b0f084c-7783-4e7c-8710-b903cf6b9436,2,2,0.0,0,ZA,64,0.0,0,0
3022,61914FEEA2CD80AC,2,7,0.0024000000000000002,2,PK,65,0.0,0,1
3023,b9bf256c-207e-4f4e-938d-6c1741bb5939,1,1,0.0,0,IQ,65,0.0,0,0
3024,fd449e4e-08f0-472e-8511-9ab80f796694,1,1,0.0,0,ID,64,0.0,0,0
3025,35131AE2F04C51B2,1,2,0.0,0,IN,64,0.0,0,0
3026,4E1380E8DCF0CF0A,13,92,0.0,0,YE,65,0.0,0,0
3027,B9F61DFD572C5157,1,2,0.0,0,MX,65,0.0,0,0
3028,314DD19E029161AB,2,8,0.0,0,MA,64,0.0,0,0
3029,8D619B0C851C3B4B,1,17,0.0,0,DZ,63,0.0,0,0
3030,2A8108C2B384AC01,5,18,0.1151,1,US,64,0.0,0,1
3031,D10D9C86547032C1,1,5,0.0,0,TN,64,0.0,0,0
3032,F2D49BF0AF9F5577,1,3,0.0,0,US,63,0.0,0,0
3033,09af40c6-4f3c-4043-8fc9-fcca1fb8389d,1,1,0.0,0,FJ,64,0.0,0,0
3034,697372F8CB0FB52,1,11,0.0039,2,IN,65,0.0,0,1
3035,9271DCECACD85030,1,4,0.0,0,EG,64,0.0,0,0
3036,9D3DF6D8499682EE,1,14,0.0,0,LA,63,0.0,0,0
3037,D11B8084259AC409,6,25,0.07039999999999999,8,US,63,0.0,0,1
3038,61F9655DC2AAB082,2,18,0.2563,1,US,64,0.0,0,1
3039,aee13445-3c0b-4776-b42b-e50513162c0d,1,1,0.0,0,DZ,65,0.0,0,0
3040,F54C47F0D55F0B07,1,4,0.0,0,AU,63,0.0,0,0
3041,B55A665A8465A8AA,3,12,0.0,0,US,63,0.0,0,0
3042,C77107D2FA11F0A3,4,7,0.0,0,US,65,0.0,0,0
3043,B459AE24049F0F47,3,7,0.0,0,DZ,63,0.0,0,0
3044,8054C3C0F083857F,1,8,0.0073,1,GB,65,0.0,0,1
3045,ADEAD6238E72C434,1,14,0.1886,2,GB,64,0.0,0,1
3046,641F7459F83F66E3,1,5,0.0,0,DZ,63,0.0,0,0
3047,78E84DA44C70B999,2,4,0.0,0,US,64,0.0,0,0
3048,64397673D396A67C,3,11,0.0,0,US,65,0.0,0,0
3049,43461DC875012EBD,1,7,0.0039,2,CA,63,0.0,0,1
3050,f1deb1e5-3bd4-434d-ac36-400e6b82364b,2,2,0.0,0,IQ,64,0.0,0,0
3051,1B58D2AAE1826E08,1,2,0.0,0,US,63,0.0,0,0
3052,fb253759-415c-4452-8b42-abcc0408ff91,1,1,0.0,0,BR,65,0.0,0,0
3053,261250bd-f378-49a6-810a-737edbe81629,1,1,0.0,0,IN,63,0.0,0,0
3054,6506270152C4EF3F,4,61,0.0027,1,BR,64,0.0,0,1
3055,26C47F87EA367D6,2,4,0.0,0,AU,64,0.0,0,0
3056,C914D57EA023C988,1,2,0.0,0,US,63,0.0,0,0
3057,A2FC829385ECE634,1,4,0.0052,3,CO,63,0.0,0,1
3058,849A48CC5311CF76,1,2,0.0,0,ID,63,0.0,0,0
3059,997CF40A953D9F9A,1,4,0.0,0,US,64,0.0,0,0
3060,697901355005AFF5,1,2,0.0,0,BR,65,0.0,0,0
3061,3C1E0C35E0524D52,1,2,0.0,0,US,65,0.0,0,0
3062,BC85DC1C1EE05C4A,1,7,0.0048000000000000004,3,AU,63,0.0,0,1
3063,DDC08899525A37B8,2,9,0.0,0,DZ,63,0.0,0,0
3064,8D23DD960791C2A6,1,14,0.0,0,JP,65,0.0,0,0
3065,CB4C615848C47AA3,2,3,0.0,0,KW,65,0.0,0,0
3066,581B74167B029D20,2,8,0.0038,3,US,65,0.0,0,1
3067,D8D627A3B3E8754E,2,4,0.0,0,CO,65,0.0,0,0
3068,F5CDAFDA984BB122,1,3,0.0,0,MX,64,0.0,0,0
3069,A960713B57A91792,1,17,0.0214,1,US,64,0.0,0,1
3070,B4B85ACA8E5C87CB,2,10,0.1059,1,US,65,0.0,0,1
3071,34DDFB157624AD05,1,3,0.0,0,US,63,0.0,0,0
3072,F98CB993172B90BB,1,2,0.0,0,US,63,0.0,0,0
3073,E8471120343F8FE9,3,16,0.0078,4,RU,63,0.0,0,1
3074,DB367D5FB5FC4057,3,41,3.5624000000000002,10,US,65,0.0,0,1
3075,C42F276415ADA8F0,1,5,0.0,0,MX,63,0.0,0,0
3076,F1B47F1D847B470C,1,2,0.0,0,NG,64,0.0,0,0
3077,FB0C2A9FDB82F5E9,3,22,0.0016,6,GB,64,0.0,0,1
3078,592B4087DBFE49FF,2,5,0.0021,1,BR,64,0.0,0,1
3079,4BC1C7D1BFD47268,1,7,0.0,0,DZ,63,0.0,0,0
3080,EF96F58C230269D,1,6,0.0,0,US,65,0.0,0,0
3081,8B84B42F7F0F5840,2,42,0.604,13,US,64,0.0,0,1
3082,30DE91942CB46D4D,1,3,0.0,0,US,63,0.0,0,0
3083,DF8AC544D2CFD3CB,1,3,0.0,0,IN,64,0.0,0,0
3084,3B2D798B5A81AC93,1,2,0.0,0,UA,63,0.0,0,0
3085,84361A0B726D7536,2,5,0.0,0,GR,64,0.0,0,0
3086,e249d9aa-1f00-42a9-9db7-c47a77cda033,3,18,0.0,0,DZ,63,0.0,0,0
3087,C55CF37279E27080,1,9,0.0,0,DZ,64,0.0,0,0
3088,78ff77ce-70ea-42b4-9e52-9b11a6af2c30,1,1,0.0,0,DZ,63,0.0,0,0
3089,44B1C90EA3920526,1,2,0.0,0,BO,65,0.0,0,0
3090,166AD1FCB30B5E16,2,2,0.0,0,SA,65,0.0,0,0
3091,8ebf16c1-95c7-452b-9bd1-a235de545460,1,1,0.0,0,DZ,63,0.0,0,0
3092,419879C9624A49E3,2,11,0.0,0,MN,65,0.0,0,0
3093,A3EB4FE0DBEC8FB7,2,16,0.0443,5,DE,65,0.0,0,1
3094,b5151f31-1932-4e7e-a14e-3bf45d25ab32,1,1,0.0,0,DZ,64,0.0,0,0
3095,CECB6BC216D27C70,1,14,0.0,0,US,63,0.0,0,0
3096,4150AC7B94A1E284,1,3,0.0,0,CI,65,0.0,0,0
3097,97f610a6-8a13-4c6b-8461-d4d21ea5ef79,1,1,0.0,0,FJ,63,0.0,0,0
3098,D07C930899F81948,1,3,0.0,0,CG,63,0.0,0,0
3099,E7F28C017DC66372,1,6,0.0,0,US,63,0.0,0,0
3100,40E26E07311A4630,1,3,0.0,0,GB,65,0.0,0,0
3101,799A558D254D6F44,2,6,0.0035,1,SA,65,0.0,0,1
3102,B7ED90E62157D106,1,10,0.0,0,IQ,65,0.0,0,0
3103,AB49BC95632DC768,1,6,0.0,0,US,64,0.0,0,0
3104,65CE32400979450F,1,39,0.0006,1,DZ,64,0.0,0,1
3105,239899409308EACD,2,3,0.0,0,MX,64,0.0,0,0
3106,18FC73BE33EBAF79,2,9,0.0002,2,AL,63,0.0,0,1
3107,df2afdd8-c30d-481d-bdeb-fea3896b667e,1,8,0.0,0,IN,64,0.0,0,0
3108,49EF052D4CB0C524,1,20,0.011000000000000001,1,US,65,0.0,0,1
3109,DDB3D4C895131B1E,1,24,0.0023,3,IN,65,0.0,0,1
3110,850D4FBDCE23D967,1,2,0.0,0,BD,65,0.0,0,0
3111,1077443904A6ECAE,1,12,0.0,0,IQ,65,0.0,0,0
3112,a7d1f9fe-dced-43cd-83fe-76615aacea01,1,1,0.0,0,BF,65,0.0,0,0
3113,E3AD0E9046276DC,1,23,0.0,0,MY,65,0.0,0,0
3114,832B0876F803C261,1,5,0.0021,1,JO,65,0.0,0,1
3115,A7A08B8D7F02118B,1,8,0.0098,2,MX,64,0.0,0,1
3116,2329FAD8105D012B,1,7,0.0,0,VE,63,0.0,0,0
3117,7C66AB1CA7146C88,1,2,0.0,0,TH,63,0.0,0,0
3118,A24695ECC275DA10,2,5,0.0,0,NG,64,0.0,0,0
3119,17653CAB09A3BBA4,2,32,0.0047,3,DZ,63,0.0,0,1
3120,EFBB45763B57473B,1,6,0.0,0,SA,64,0.0,0,0
3121,B93EF1D7EDD7F064,2,5,0.0,0,SA,65,0.0,0,0
3122,A49AA8196CA46DD,1,18,0.0027,2,BR,64,0.0,0,1
3123,36f08827-efbc-4dc1-a638-33e65f89cf24,1,1,0.0,0,MA,64,0.0,0,0
3124,35B87B5F441164E8,1,1,0.0,0,US,64,0.0,0,0
3125,878C4C63EA1832BF,1,19,0.014899999999999998,5,US,65,0.0,0,1
3126,8059CF7A12E1B7F6,10,90,0.0089,4,NL,65,0.0,0,1
3127,60004f72-4484-454c-b7d8-5df2405d116f,1,1,0.0,0,PH,65,0.0,0,0
3128,D471EA864C033824,1,11,0.036899999999999995,4,US,65,0.0,0,1
3129,fbf8b64d-5bf2-4dcd-ac5c-70c3601a3a7d,1,1,0.0,0,DZ,64,0.0,0,0
3130,AE0EC43B1CDF1579,1,4,0.0,0,NL,65,0.0,0,0
3131,92f3a4fe-6a2a-4120-9c30-7d779fd5a2d0,1,1,0.0,0,DZ,63,0.0,0,0
3132,6F9A9FD879587413,1,11,0.0063,2,US,63,0.0,0,1
3133,6E7DBCD328953D60,1,9,0.0018,2,TN,63,0.0,0,1
3134,D11FAFD2314ED0F9,1,5,0.0,0,VE,65,0.0,0,0
3135,AC8F3AAF6CF8DDA2,1,4,0.0,0,BR,63,0.0,0,0
3136,25c9c887-4663-421b-a3d3-3300550eb1fe,1,1,0.0,0,BD,64,0.0,0,0
3137,D1FD761C9F1C966C,5,7,0.0,0,EG,64,0.0,0,0
3138,81A92ED8C68001E8,1,3,0.0,0,US,65,0.0,0,0
3139,9D8A5BF2B453C3C,1,6,0.0,0,NG,65,0.0,0,0
3140,A6757A42F583896F,1,1,0.0,0,IQ,63,0.0,0,0
3141,B68051D926BF46A,1,13,0.0,0,DZ,64,0.0,0,0
3142,3A6B287BF7D46BF1,3,23,0.0,0,EC,63,0.0,0,0
3143,7A5D8844B3CF3B57,2,9,0.0,0,IQ,65,0.0,0,0
3144,77B57C730BA5298D,1,23,0.0,0,GB,63,0.0,0,0
3145,4039E561E330FAB4,1,12,0.2662,2,US,65,0.0,0,1
3146,C547A2679990B241,2,4,0.0,0,NP,65,0.0,0,0
3147,D57E7898CDC26243,1,9,0.0,0,BR,65,0.0,0,0
3148,CCCC3529F3A58ADC,1,3,0.0,0,IQ,65,0.0,0,0
3149,2885CA9754D4CCF8,4,4,0.0,0,DO,63,0.0,0,0
3150,7BCE5E514DD5B5EE,2,7,0.0121,1,US,63,0.0,0,1
3151,408dce17-6d8c-4324-9f25-be891ddba2a1,1,1,0.0,0,LY,65,0.0,0,0
3152,d487b8e7-e432-45c0-9241-cba77b223dac,1,1,0.0,0,AR,64,0.0,0,0
3153,11DD9B2771E94F60,2,3,0.0,0,US,64,0.0,0,0
3154,765129F93B4369CE,3,15,2.9022,1,CA,63,0.0,0,1
3155,5F96169ED2FA497F,3,39,0.1278,10,BR,63,0.0,0,1
3156,7A184FCFEFF5A014,2,27,0.006999999999999999,6,PH,65,0.0,0,1
3157,9A478B2D7A2FF973,1,3,0.0,0,LY,65,0.0,0,0
3158,53569ABB75A5CB1F,2,4,0.0,0,GH,65,0.0,0,0
3159,FB1E82DB603B4526,1,13,0.0,0,TT,64,0.0,0,0
3160,5bfe48a7-e932-4801-bad5-08d14508bc4b,1,20,0.0004,4,DZ,63,0.0,0,1
3161,DD41D9A0AD4B3C42,3,8,0.0,0,MA,64,0.0,0,0
3162,2CFA714206423F38,1,13,0.0431,6,US,63,0.0,0,1
3163,CF482165C07571EB,1,2,0.0,0,MX,65,0.0,0,0
3164,D16F7D349194EE16,1,21,0.0109,6,IN,64,0.0,0,1
3165,4D803331C12F2A06,2,43,0.012400000000000001,14,US,65,0.0,0,1
3166,937B8B7A0170AC1A,1,20,0.0149,1,CA,64,0.0,0,1
3167,90D376A41EAD2CB,1,10,0.0093,2,PH,65,0.0,0,1
3168,67E326643EF19173,1,7,0.0,0,IN,63,0.0,0,0
3169,65BF68AA0E126458,3,9,0.0,0,JP,65,0.0,0,0
3170,DD1F83A951367EDE,1,1,0.0,0,US,65,0.0,0,0
3171,597C61B1D8545CCA,1,3,0.0,0,UY,64,0.0,0,0
3172,9EB7F3381F7AC187,1,7,0.0,0,EG,65,0.0,0,0
3173,C8A0696768B4F59E,3,4,0.0,0,US,65,0.0,0,0
3174,60dc039f-87e2-469a-802b-2f0ff5850984,3,5,0.0,0,SN,64,0.0,0,0
3175,72FE5518607E77F7,1,27,0.07350000000000001,5,MY,63,0.0,0,1
3176,161F3EAF8C9A3DFF,2,2,0.0,0,US,65,0.0,0,0
3177,A8D9E35F8CAC2F66,2,16,0.0021999999999999997,3,US,64,0.0,0,1
3178,B650A45DD3C1123A,1,3,0.0,0,CA,65,0.0,0,0
3179,9202222A754CCB30,2,5,0.0,0,NI,63,0.0,0,0
3180,49AF613EB8EC08DF,1,27,0.0457,8,US,65,0.0,0,1
3181,81EF0F29F5ADD319,1,8,0.0,0,LY,65,0.0,0,0
3182,CB05DCE367150FCB,1,1,0.0,0,GB,64,0.0,0,0
3183,643110A0150AB049,1,21,0.0007,1,IQ,65,0.0,0,1
3184,9926D21FFD045DED,1,3,0.0,0,CA,64,0.0,0,0
3185,4C95E4DE1C8C91A,1,1,0.0,0,US,64,0.0,0,0
3186,37CD85094F7E45CD,1,1,0.0,0,US,65,0.0,0,0
3187,94A7DA5567F8E15A,1,4,0.0,0,BF,65,0.0,0,0
3188,A39646048EA96199,1,2,0.0012,1,ZA,63,0.0,0,1
3189,2F05FDDB5972AEB0,2,83,9.467,6,US,65,0.0,0,1
3190,F6B8209A669DFA87,1,25,0.0,0,CI,63,0.0,0,0
3191,346C6C8A9D017A42,3,11,0.0068000000000000005,2,MX,65,0.0,0,1
3192,31910CD6EBBC23C1,1,6,0.0,0,SN,63,0.0,0,0
3193,DCC189AE20D7F7F9,1,4,0.0092,1,GB,64,0.0,0,1
3194,F6BCAFD4001BEAFE,1,2,0.0,0,CO,63,0.0,0,0
3195,71E50F6004BB9D80,1,2,0.0,0,MX,64,0.0,0,0
3196,c1e80d65-158d-4313-939d-71dc93e32a9c,2,2,0.0,0,SA,65,0.0,0,0
3197,72BFEF249FA0F780,1,72,0.0086,23,IN,65,0.0,0,1
3198,FDDB7EFCE635AF36,1,6,0.0,0,IQ,64,0.0,0,0
3199,f0c74563-1e2e-4155-8693-eb8629bc7610,1,1,0.0,0,LY,65,0.0,0,0
3200,9881F167F5FAD98B,5,25,0.0036,1,PH,64,0.0,0,1
3201,E1FCF792D1086430,2,2,0.0,0,US,65,0.0,0,0
3202,1BB1A00EB53B4E2C,1,1,0.0,0,JP,65,0.0,0,0
3203,D3E2D56EE20B10F1,1,1,0.0,0,DZ,64,0.0,0,0
3204,99F0CA9C624D1646,3,21,0.002,4,MK,63,0.0,0,1
3205,c1549434-34a5-4ae5-8b6d-e9c5032413f2,1,1,0.0,0,AR,65,0.0,0,0
3206,6FF34AEEF25A92D9,1,1,0.0,0,VN,64,0.0,0,0
3207,8CD7546B280FB142,2,6,0.0,0,MX,65,0.0,0,0
3208,9a794731-f330-404d-abf7-7295473b2ecc,1,1,0.0,0,AZ,65,0.0,0,0
3209,63E1803342C39EE9,1,23,0.1125,6,US,65,0.0,0,1
3210,FAB73640157D845,1,5,0.3016,1,US,63,0.0,0,1
3211,F77FB09DBB0DAB8A,3,6,0.0,0,US,64,0.0,0,0
3212,FE1D76C1BDDB45EB,1,38,0.0189,11,ID,65,0.0,0,1
3213,9a5028da-f4af-43e2-9f39-81edaf0a6b2f,1,1,0.0,0,AR,63,0.0,0,0
3214,551D8E60735F1E9E,6,23,0.0029,1,PH,65,0.0,0,1
3215,FC1457C8321F7A20,3,43,0.5034,7,US,65,0.0,0,1
3216,B0EC2794792474B,1,4,0.0,0,US,63,0.0,0,0
3217,5B3AC0C6A3F61587,1,3,0.0,0,US,64,0.0,0,0
3218,73DF067E5E8E303F,4,84,0.0,0,VE,63,0.0,0,0
3219,cacd7e04-86dc-4fc5-a7c1-6db70f1f09a3,1,1,0.0,0,IN,64,0.0,0,0
3220,736290C6ADEAA419,1,4,0.0,0,AU,63,0.0,0,0
3221,5856F28DBE3DA6E,1,3,0.0,0,NG,64,0.0,0,0
3222,570D7035D868A19C,2,3,0.0,0,MX,64,0.0,0,0
3223,2E4D420D015F354,1,13,0.0125,5,US,63,0.0,0,1
3224,40DF7428E449F4B,2,13,0.013499999999999998,2,FR,65,0.0,0,1
3225,d83585ec-7a87-4378-9fba-1827a30f066a,2,2,0.0,0,MA,63,0.0,0,0
3226,C2A2E4E5BEF8FBEB,2,6,0.0,0,DZ,63,0.0,0,0
3227,F0196BE0748660F3,1,18,0.0013,4,DZ,63,0.0,0,1
3228,837c6679-2234-4138-963f-06c9f0206b5e,1,1,0.0,0,BR,65,0.0,0,0
3229,864fbf1b-992b-4253-83e2-72362cf6c17a,1,1,0.0,0,HN,63,0.0,0,0
3230,F44DF27AAD15CA32,1,4,0.0,0,BF,63,0.0,0,0
3231,78E7CE8CC9BE7D3B,1,11,0.0,0,DZ,63,0.0,0,0
3232,F6516863DF653033,7,47,0.0,0,AO,63,0.0,0,0
3233,7F31496E193E271E,3,8,0.0,0,MX,64,0.0,0,0
3234,D640381ACDC33D10,1,5,0.023,1,US,64,0.0,0,1
3235,d9a4cdd9-b54f-4d65-9578-24508a2b7529,2,3,0.0,0,EG,64,0.0,0,0
3236,C29A4E73559509EB,4,39,0.0,0,CU,64,0.0,0,0
3237,C38F0BACD5AC6D12,1,4,0.0038,1,SG,64,0.0,0,1
3238,ADDA221FABBB648B,1,1,0.0,0,US,65,0.0,0,0
3239,98A23B3F05D3FE9E,2,36,0.021500000000000002,8,MY,65,0.0,0,1
3240,94AAC759F38D4338,3,24,0.0,0,DZ,63,0.0,0,0
3241,76F1E8ABC70863E0,1,5,0.0,0,BR,65,0.0,0,0
3242,5C15476E51ADE691,16,94,0.0013,2,NG,65,0.0,0,1
3243,83400CAC17659EDC,2,3,0.0,0,US,65,0.0,0,0
3244,8AAC3A78128DEA7A,3,12,0.2387,2,US,65,0.0,0,1
3245,20EE3F4635ED5F78,1,4,0.0,0,MA,64,0.0,0,0
3246,A68F1F39DAE7E980,2,4,0.0,0,JP,64,0.0,0,0
3247,7b97f314-07ea-4401-8e28-b49412718fb4,1,1,0.0,0,DZ,63,0.0,0,0
3248,BCD060A164AF341E,1,1,0.0,0,US,63,0.0,0,0
3249,C772D67CBAB839AE,4,26,0.009099999999999999,9,IN,64,0.0,0,1
3250,ff1f2e95-f207-469c-adf2-369025d63f92,1,1,0.0,0,CA,63,0.0,0,0
3251,2C3523BEC2893A16,2,5,0.0,0,IQ,63,0.0,0,0
3252,180e4117-938d-47bc-8cbb-dddc85898b6b,1,1,0.0,0,HT,65,0.0,0,0
3253,B4AE9D4D40E22987,1,3,0.0,0,CA,63,0.0,0,0
3254,4974C6CE422C1E6B,2,2,0.0,0,US,64,0.0,0,0
3255,50050D916FE8A425,1,15,0.0,0,AZ,63,0.0,0,0
3256,261A4F906D864353,1,3,0.0,0,IN,65,0.0,0,0
3257,B673DC4AF1806A83,1,47,6.111699999999999,9,GB,63,0.0,0,1
3258,90B883D7AC0BE391,3,20,0.0059,5,PK,65,0.0,0,1
3259,A3A7AB6D9F5F09DA,4,79,1.5987999999999998,22,US,65,0.0,0,1
3260,70C2D008E7DEF0D1,5,17,0.0085,11,TH,65,0.0,0,1
3261,C0575AA78D29DFFB,2,5,0.0,0,US,64,0.0,0,0
3262,C6B1E63EBB5ECF59,1,4,0.0,0,FR,63,0.0,0,0
3263,91c761b4-97f1-4155-9612-6cb3a7528a69,1,1,0.0,0,BR,65,0.0,0,0
3264,15790968-c1f1-42fe-ad67-ddbfdfe0baef,2,2,0.0,0,PY,63,0.0,0,0
3265,CB73A9D47292F6FE,3,26,0.0,0,DZ,64,0.0,0,0
3266,C0C9E3C9583EC9B3,1,4,0.0089,1,US,65,0.0,0,1
3267,7F63DC3F9972BCB4,1,3,0.0,0,US,65,0.0,0,0
3268,128c2a06-480b-46d6-9ec8-1caabcf7fbe7,1,1,0.0,0,NI,64,0.0,0,0
3269,70b7d962-d35e-456f-986f-fef26c98f5db,2,2,0.0,0,IQ,65,0.0,0,0
3270,ABEF10F219C1D46F,1,2,0.0,0,GB,63,0.0,0,0
3271,DACC244FA9B0227A,1,6,0.0,0,US,65,0.0,0,0
3272,C3527E880D8168B0,1,3,0.0,0,US,65,0.0,0,0
3273,F4EF4ACA3B097767,1,10,0.0,0,MA,64,0.0,0,0
3274,629dd3ed-1246-4528-b22a-2456cc96ca21,3,22,0.0,0,LY,64,0.0,0,0
3275,5f6090c4-5e21-4038-97ed-ca16f3dd0c5b,1,1,0.0,0,DZ,63,0.0,0,0
3276,83d58917-bf83-4acb-a333-88db090cf562,1,1,0.0,0,GB,64,0.0,0,0
3277,188633B997935F00,1,7,0.0,0,US,63,0.0,0,0
3278,8670F13DDAFB8693,1,10,0.1134,3,GB,64,0.0,0,1
3279,23AE07B5BD947FE6,1,4,0.0,0,IN,63,0.0,0,0
3280,9E78E19CC495E17E,1,1,0.0,0,VE,64,0.0,0,0
3281,746278776202EDB2,1,39,0.0033,12,IT,65,0.0,0,1
3282,3B77AD0CCEC69258,2,4,0.0,0,US,65,0.0,0,0
3283,823D0F00E83ABB58,1,7,0.0,0,ZA,64,0.0,0,0
3284,349CF0C29553BCE5,1,7,0.0005,2,IN,65,0.0,0,1
3285,6F2AF095DF12224F,1,6,0.0045000000000000005,2,ZA,63,0.0,0,1
3286,1C1BD94FAE7595D3,2,15,0.0010999999999999998,2,IQ,63,0.0,0,1
3287,5ac552ab-565e-4275-aa9e-1d1c826818ad,1,1,0.0,0,DZ,64,0.0,0,0
3288,888B70E8D4A220F7,1,6,0.0,0,KH,65,0.0,0,0
3289,509FB05AA6CE9FFB,1,12,0.0,0,BR,63,0.0,0,0
3290,AA58C4C7F638CC10,1,3,0.0,0,US,65,0.0,0,0
3291,A439D404E219689E,5,39,0.0035,2,EG,65,0.0,0,1
3292,6825E345A7C54958,1,20,0.0,0,DZ,63,0.0,0,0
3293,A580824C958E6630,1,6,0.0048,1,ID,64,0.0,0,1
3294,482a7be4-72ae-41e6-ba0f-6664a7bdcf1b,4,18,0.0,0,CI,63,0.0,0,0
3295,BF03517A0644261A,1,4,0.0,0,GB,64,0.0,0,0
3296,108A92083549A4E0,1,10,0.0,0,SA,64,0.0,0,0
3297,4D74914DE03889CD,1,3,0.0,0,US,64,0.0,0,0
3298,3468675e-2ac0-4f37-881c-525f9b95bce8,1,1,0.0,0,US,65,0.0,0,0
3299,71A5432AB52B8D85,1,2,0.0,0,GB,63,0.0,0,0
3300,de02edd5-c7d8-4661-aae1-6940e221b9f1,1,1,0.0,0,MX,63,0.0,0,0
3301,15C3B475A1812CAD,1,9,0.0,0,VE,63,0.0,0,0
3302,DAD9AD42B36BCCD,2,6,0.035500000000000004,2,PH,64,0.0,0,1
3303,78F68B0402FC91F1,1,9,0.0,0,US,63,0.0,0,0
3304,BF240EEB230A9BFD,1,17,0.0083,5,CA,64,0.0,0,1
3305,CCC2ADFE3C3F8749,1,4,0.0,0,MX,63,0.0,0,0
3306,ce983bac-c0cb-4d16-a45e-d24a139d1e3c,1,1,0.0,0,DZ,63,0.0,0,0
3307,CF491C2306CBF5BB,1,1,0.0,0,AG,64,0.0,0,0
3308,83E871BA01EDC52F,1,2,0.0142,1,US,65,0.0,0,1
3309,7118793C6265323B,1,1,0.0,0,DM,63,0.0,0,0
