,player_id,total_sessions,total_events,total_revenue,purchase_events,first_country,days_since_first_session,ltv_target,will_pay_in_future,historical_payer
0,AF3F2FA86CA6A586,1,1,0.0,0,US,65,49.99,1,0
1,5A7CC550FD3AD10,3,17,0.121,2,US,65,18.394699999999997,1,1
2,45EF7CC846224864,1,30,5.083600000000001,2,US,64,14.097199999999999,1,1
3,28306EF89EB89460,2,12,19.99,1,US,65,11.225999999999999,1,1
4,885539F88CFBF39E,3,37,4.4109,7,US,65,10.473600000000001,1,1
5,7E39AAC97E8D33EB,9,74,0.12209999999999999,19,US,65,10.153200000000002,1,1
6,7B0F4487FF2908D6,2,56,10.151000000000005,20,US,65,10.1498,1,1
7,21AB637E9ACA061C,2,19,0.0528,5,US,63,10.104700000000001,1,1
8,F031764D54939297,1,6,0.0,0,US,65,10.0005,1,0
9,D329589D9B37BD7C,3,15,0.0942,1,US,64,8.204,1,1
10,A127C447BFF6EF64,2,13,0.3599,1,US,65,8.191600000000001,1,1
11,FA3EBBB58737A0C9,4,22,0.0663,4,US,65,6.093500000000001,1,1
12,9D3F9930C1D43DCA,3,41,0.8724999999999999,8,US,65,5.98,1,1
13,5BFF71E50FD75C8,2,29,9.5576,4,US,63,4.5641,1,1
14,35A610D11095F0B4,6,58,1.3595,6,US,65,3.7551000000000005,1,1
15,1B3108CF224505EA,2,11,0.0,0,CA,65,3.5427999999999997,1,0
16,3406944CD34D9A8F,2,16,0.0644,2,JP,64,3.3692,1,1
17,D703C08B31DDE9BF,1,14,0.0267,2,US,63,3.1256000000000004,1,1
18,2ED1492A5A225481,1,3,0.0,0,US,65,2.99,1,0
19,FD79CCEA6A6268F3,1,15,0.1477,2,US,65,2.99,1,1
20,9DF37CB575899B3A,5,15,0.23250000000000004,3,US,65,2.5198,1,1
21,6BB062A8CD63619C,2,4,0.0086,1,US,63,1.8507000000000002,1,1
22,D0FCD53171DE1191,3,14,0.0,0,US,65,1.5428000000000002,1,0
23,59B1051D2560705,2,4,0.0,0,US,64,1.4817999999999998,1,0
24,90CF8B79A3D26CB7,4,13,0.0036,2,DE,64,1.2568,1,1
25,6AD75391E7F5590B,2,31,1.4544,6,US,63,1.2289,1,1
26,69D1F67C846B98E6,1,16,0.31770000000000004,4,CA,65,1.0993000000000002,1,1
27,5183FF320AE46C6C,1,12,0.020700000000000003,3,US,63,1.0252000000000001,1,1
28,D9C2FE1E97B21BD4,1,2,0.0,0,US,65,1.023,1,0
29,DA58A358E36BA6C,3,10,0.0255,1,US,65,0.9435000000000001,1,1
30,8AD8B11F509FF53D,2,10,1.2438,2,US,63,0.7705,1,1
31,9BCC9672B66D4C67,2,23,0.532,8,US,65,0.7419000000000003,1,1
32,4302B67678A365C7,7,36,0.0,0,US,65,0.6414,1,0
33,1717C1C08947C6FD,4,7,0.2713,2,US,65,0.5166,1,1
34,D0A646ED6D45374C,2,34,0.573,5,US,63,0.5122,1,1
35,B05F7714F87BD5CB,3,11,0.0646,2,US,65,0.5072,1,1
36,FCB5339E6A342D3E,2,27,0.2566,2,US,64,0.5035000000000001,1,1
37,8A0D42ADE990DADF,9,28,0.19000000000000003,7,US,65,0.4867,1,1
38,CA82B6B66DCBD9C9,1,18,0.5777,1,US,63,0.4264,1,1
39,3C9A6C72969C0FB7,5,27,0.5856,8,ZA,65,0.40480000000000005,1,1
40,D52F655DA1B6CE1C,1,3,0.0,0,US,64,0.39830000000000004,1,0
41,71993F44A428FDDD,2,33,0.17420000000000002,12,US,65,0.3603,1,1
42,BE2F26E774E28364,1,16,0.0901,5,AU,63,0.31159999999999993,1,1
43,EDA6CF90CA9C69D,1,7,0.0,0,US,63,0.3069,1,0
44,45019058902675C6,3,13,0.0219,3,CA,65,0.3056,1,1
45,71EF3EF3AB6E77AD,3,57,0.1515,20,US,64,0.3033,1,1
46,A7365B4ADA7B6EC3,10,41,0.30870000000000003,12,US,65,0.2783,1,1
47,C7F0393082538EFE,1,4,0.0299,1,US,65,0.27180000000000004,1,1
48,577996FCCB03B9E8,7,22,0.15209999999999999,6,US,65,0.2672,1,1
49,C760A35D632172E0,2,11,0.025,3,CA,64,0.2665,1,1
50,CCB8C022905943E4,1,2,0.0,0,US,65,0.2615,1,0
51,4A6F2462724AECE9,3,21,0.041499999999999995,7,US,63,0.2599,1,1
52,CE87B0C80BF16806,3,15,0.0626,4,US,64,0.2279,1,1
53,EA317135E5965766,1,4,0.0653,2,IT,65,0.2194,1,1
54,9BBC7EE96C9A312F,1,27,1.083,8,US,63,0.2173,1,1
55,71D06930E15FF0F4,1,5,0.0,0,US,63,0.21230000000000002,1,0
56,41E9BF3602C5C88C,18,149,0.4308999999999999,54,US,65,0.21220000000000003,1,1
57,6B7B29CA043BD435,1,6,0.0221,2,US,64,0.2054,1,1
58,9CD04D3AA6EB423D,2,57,0.1039,24,US,65,0.2031,1,1
59,D88C5A3C44F0CDA6,3,96,0.42519999999999997,32,US,65,0.1934,1,1
60,35E6CF88CED79A7B,7,40,0.1186,5,JP,65,0.18689999999999998,1,1
61,FC7A72C88DB9C645,2,38,0.8023000000000001,13,US,63,0.1775,1,1
62,200AE407B2402144,3,15,0.194,6,US,65,0.1764,1,1
63,3E83B3DA32026E21,2,7,0.0345,1,US,63,0.16570000000000001,1,1
64,BE9858995518D211,2,7,0.0633,2,US,65,0.1538,1,1
65,6E8C778F6E1743E8,4,16,0.05330000000000001,5,SA,64,0.15109999999999998,1,1
66,F7A44E3278187CE7,5,69,0.4814000000000001,23,US,65,0.1506,1,1
67,A53051FFA4DAA4F7,1,1,0.0,0,US,64,0.1475,1,0
68,72AF80BE78BF9A9A,1,11,0.008400000000000001,3,US,63,0.143,1,1
69,FC8DF56EED496900,10,16,0.0,0,CA,64,0.1421,1,0
70,C74A41336F0C60EC,12,108,0.23240000000000005,29,US,65,0.1402,1,1
71,835A24D649E8724D,4,14,0.0652,1,US,65,0.13779999999999998,1,1
72,72C0B908BD4BCBE,6,36,0.0411,12,SY,65,0.1355,1,1
73,2F10880F84904626,2,36,0.2107,16,US,65,0.1355,1,1
74,1738C80263348427,4,27,0.0553,5,CA,65,0.1345,1,1
75,642EBD06ACA4781B,4,16,0.058800000000000005,15,ES,64,0.1291,1,1
76,1202529EBAFB2FA0,8,37,0.112,14,US,65,0.12849999999999998,1,1
77,F1899AB74EEA72AC,1,3,0.0,0,CA,64,0.1277,1,0
78,EC64F16C01F95D54,2,18,0.06960000000000001,7,US,65,0.12619999999999998,1,1
79,6AE9D60E0790827B,2,9,0.0202,3,US,64,0.1199,1,1
80,AD8E6083E27CFAD6,7,131,1.7505000000000002,33,US,65,0.1197,1,1
81,C9CE4B259333377A,3,15,0.2572,4,US,65,0.1196,1,1
82,64D99EBB8659F77D,1,27,0.14630000000000004,7,US,63,0.1195,1,1
83,E5513A09EA1E3DD,4,143,0.15910000000000002,47,GB,65,0.11709999999999997,1,1
84,DCF2ACCC244727B2,3,11,0.0215,2,US,65,0.1147,1,1
85,3CDA950883F0173A,10,38,10.4694,12,MT,65,0.11390000000000002,1,1
86,99D5AACEB5A83514,3,26,0.027000000000000003,3,US,65,0.1137,1,1
87,89AA3DE346E614C2,8,46,0.1846,13,US,65,0.11210000000000002,1,1
88,7670B522F007347A,4,69,0.25059999999999993,21,US,65,0.112,1,1
89,B515B2CE41A912BC,1,1,0.0,0,MX,63,0.1072,1,0
90,8C6AB2FDF8288945,4,10,0.062,2,GB,64,0.10550000000000001,1,1
91,46024FEE1EA06563,1,3,0.0,0,US,63,0.1035,1,0
92,EAC75B2DF68C4C88,1,5,0.0,0,US,65,0.0978,1,0
93,91117B7D7BB6F0CE,4,27,0.12129999999999999,9,US,65,0.0965,1,1
94,87E76B2285FA8B76,3,12,0.0309,1,US,65,0.0959,1,1
95,D63161952CFD8319,2,2,0.0,0,US,63,0.09249999999999999,1,0
96,D2B38CEFEACA149A,3,31,0.47800000000000004,9,US,65,0.0921,1,1
97,1ED11709051C829B,1,4,0.0,0,US,65,0.0911,1,0
98,1BE82290F7BDE891,11,124,0.23409999999999997,32,CA,65,0.0896,1,1
99,B99A5B9D6DA71F55,1,9,0.1165,1,US,64,0.0873,1,1
100,62AB11C1E87EBF24,2,17,0.018300000000000004,6,US,63,0.0856,1,1
101,769EB355FEA73141,3,15,0.1061,4,US,65,0.0844,1,1
102,B50650A44F99EC90,2,25,0.1331,7,GB,65,0.0844,1,1
103,475E92BE14C02C14,2,9,0.0,0,US,65,0.0829,1,0
104,1A5EC9D8491EEA27,2,3,0.0,0,US,64,0.07950000000000002,1,0
105,1313B93F307A8A2B,10,113,0.19959999999999992,39,US,65,0.0778,1,1
106,529BD6C03824C90D,2,7,0.0222,1,NZ,63,0.07770000000000002,1,1
107,D232F43437C4297F,6,15,0.055999999999999994,4,US,65,0.077,1,1
108,D4D23B279C738AB6,1,1,0.0,0,US,64,0.0748,1,0
109,8483D53D2DB2B450,3,130,0.24819999999999998,47,GR,64,0.0746,1,1
110,571F695C15A8BA6C,1,9,0.0183,3,US,64,0.0735,1,1
111,A262107A2F222E1B,1,20,0.0886,5,DE,65,0.073,1,1
112,E85B166A18F3387,3,37,0.010799999999999999,9,EG,64,0.07170000000000001,1,1
113,D642A38C9D021FE6,2,10,0.0676,2,US,65,0.0699,1,1
114,3F2D89F0FE13B5AB,4,10,0.0197,1,US,65,0.0686,1,1
115,8C76222FF455A68A,4,13,0.0684,4,US,65,0.0676,1,1
116,F96E93FB69531820,3,85,1.1309000000000002,28,US,64,0.06739999999999999,1,1
117,49E76C100558F245,2,7,0.0313,2,US,65,0.0666,1,1
118,FD5813AAB817DA06,4,19,0.0571,5,US,64,0.0657,1,1
119,28084E0396FDCB3,1,5,0.0195,1,US,65,0.06559999999999999,1,1
120,A761F6367AABF46A,1,22,0.031,1,US,63,0.065,1,1
121,AB3009D90AF3EE86,3,85,0.17660000000000003,30,US,65,0.06469999999999998,1,1
122,2D018E59ACC39A13,4,12,0.0605,2,US,65,0.06409999999999999,1,1
123,3733FDD3E765F8FF,3,44,0.2587,12,US,64,0.06390000000000001,1,1
124,C0813470DD2FB011,2,17,0.13319999999999999,4,AU,65,0.0588,1,1
125,79524434D9DD29D2,4,19,0.012899999999999998,4,US,64,0.0584,1,1
126,F2F5F7DBF7261506,2,71,0.04519999999999999,18,SE,65,0.05820000000000001,1,1
127,C64FDE024C480EEC,2,10,0.013399999999999999,2,US,65,0.053899999999999997,1,1
128,654619A84A196563,3,25,0.1509,5,BR,64,0.053699999999999984,1,1
129,597ED94590CF30E,1,5,0.0,0,US,65,0.0524,1,0
130,5515B5099873536B,1,4,0.0028,1,US,65,0.0523,1,1
131,673754EBF7ACF5E7,1,7,0.0183,2,US,64,0.050600000000000006,1,1
132,178118504B8E7B6,2,9,0.0071,2,US,65,0.0505,1,1
133,CBFEBB12BAFAD02D,4,12,0.0,0,BR,63,0.0503,1,0
134,38277D001A420873,2,53,0.06670000000000001,17,CA,65,0.049199999999999994,1,1
135,AD79B1A35FAEBFCB,3,20,0.0168,1,US,63,0.0486,1,1
136,8C4A4B7C5C99AFBA,5,22,0.0493,8,IE,65,0.0484,1,1
137,E10B8E1047C17DB,1,9,0.0678,2,US,64,0.0477,1,1
138,BE47036A23283A12,2,45,0.3599,16,US,64,0.0476,1,1
139,36D8281BDF517677,1,14,0.0172,5,US,64,0.0465,1,1
140,19CD72CC9EE64F8D,2,18,0.0157,4,SA,64,0.0459,1,1
141,A635DB8A95307CB7,2,3,0.0161,1,US,64,0.0442,1,1
142,10E345B6174200D,2,5,0.0,0,US,65,0.0441,1,0
143,1034C66516BB688F,1,20,0.0602,7,US,63,0.044,1,1
144,E328A6B4ABA339D1,1,2,0.0,0,US,63,0.0426,1,0
145,D8C1B9356A0FD309,2,24,0.065,2,US,64,0.0424,1,1
146,8F84138D9101E187,1,2,0.0,0,TR,63,0.0417,1,0
147,529CB428454BA954,3,47,0.0068000000000000005,12,DZ,63,0.041699999999999994,1,1
148,D4BE70B385BE3941,3,26,0.027100000000000003,4,US,65,0.041499999999999995,1,1
149,297D109AE3C16846,3,10,0.0053,2,US,64,0.040999999999999995,1,1
150,2AA4073F7986269C,2,5,0.0382,1,US,64,0.0408,1,1
151,ECEF391771495929,1,5,0.0079,1,SA,65,0.040600000000000004,1,1
152,4812E885B74404C1,3,35,0.44129999999999997,11,US,65,0.0404,1,1
153,B6B2225956F05DBD,4,33,0.04139999999999999,14,UA,64,0.04000000000000001,1,1
154,B12D010CF2DA19E,1,9,0.0455,4,MX,63,0.04,1,1
155,6AF9930FD60310F1,2,30,0.04920000000000001,10,CA,65,0.0398,1,1
156,6B0D8563B844E8EE,4,21,0.0566,3,AU,65,0.0397,1,1
157,CB203BE41AADBBA8,17,77,0.1037,19,US,65,0.038700000000000005,1,1
158,32D6D4B1DFD48F49,2,3,0.0,0,US,65,0.0385,1,0
159,F42CE6ABD1FE0E02,3,35,0.0636,11,US,65,0.0385,1,1
160,83EA6C23B327FDC1,3,10,0.0305,3,US,65,0.03810000000000001,1,1
161,BD15FD5B28214F9D,4,58,0.0179,11,GB,65,0.037899999999999996,1,1
162,115BBDE2FFE2B59E,1,6,0.0061,1,US,64,0.0368,1,1
163,2544189D6094FD81,2,8,0.039999999999999994,2,US,63,0.0366,1,1
164,EC6983F741129831,4,68,0.733,24,US,65,0.0366,1,1
165,45CAC6842EF5DF5F,1,2,0.0,0,US,65,0.036199999999999996,1,0
166,B2232E3B1D98761D,1,8,0.030799999999999998,6,ES,65,0.0358,1,1
167,19F753B7BABF437C,1,7,0.0234,2,DE,64,0.035500000000000004,1,1
168,158A33A56B1E909F,2,9,0.0088,2,PH,63,0.0354,1,1
169,B23CEB915A1BEE69,5,14,0.0303,4,BR,65,0.03509999999999999,1,1
170,95262DD5F189C129,3,22,0.0134,5,US,65,0.0349,1,1
171,1A946C51A530F16E,2,4,0.0241,1,CA,63,0.0345,1,1
172,B316268EB536B254,3,6,0.0,0,US,65,0.0343,1,0
173,EF1D0F86CCC5CCD7,3,16,0.016800000000000002,2,CA,63,0.0339,1,1
174,EBA6F879A4EAE2E5,4,11,0.0067,2,IQ,65,0.0337,1,1
175,9C3E3A641B3115D8,6,67,0.06490000000000003,27,US,65,0.0336,1,1
176,F35C034CDC045172,9,28,0.0339,9,US,65,0.0335,1,1
177,3A7FE403C909EACC,2,5,0.0058,1,GB,65,0.0334,1,1
178,79E365D747DB1822,7,13,0.0,0,US,65,0.0332,1,0
179,B3B2523E67540475,1,3,0.0,0,US,63,0.0331,1,0
180,BAA504B36DBEB78D,4,25,0.0315,9,US,65,0.0323,1,1
181,C7184A79C75176F6,1,64,0.11570000000000003,14,BR,64,0.0322,1,1
182,B8F6060EB88F950F,3,7,0.0058,1,CR,65,0.0315,1,1
183,986A5A400675D128,2,10,0.062200000000000005,4,BE,65,0.031100000000000003,1,1
184,E9AF13E14ACBFF90,1,2,0.0,0,SG,63,0.0299,1,0
185,5B4AE171AE96911C,1,10,0.0324,1,US,63,0.0297,1,1
186,5AD944AD008D8A1F,2,5,0.0046,1,US,65,0.029699999999999997,1,1
187,8BB1AD9254041734,3,34,0.17379999999999998,8,US,65,0.0296,1,1
188,441AB36E3E7988D7,2,4,0.0015,2,US,65,0.029,1,1
189,659A89B20AED14FB,7,20,0.011300000000000001,5,AU,65,0.028700000000000003,1,1
190,AF2F46935B5C0C2A,2,14,0.0246,2,US,65,0.0287,1,1
191,5E16F22C1CB03122,1,6,0.041400000000000006,2,US,63,0.027800000000000002,1,1
192,ACB81AF39C094820,1,24,0.0954,5,CA,63,0.0277,1,1
193,59C273648D617A2,4,77,0.0189,14,MX,64,0.0273,1,1
194,AD0933916897D371,2,5,0.0796,4,US,64,0.0271,1,1
195,22881CA03CACB406,1,1,0.0,0,US,65,0.0267,1,0
196,4008F5C340AC741B,1,4,0.0,0,US,65,0.0262,1,0
197,C5BE0BD941928671,1,1,0.0,0,US,63,0.0261,1,0
198,2D94A6CC0A072CFF,3,10,0.005,2,US,65,0.0261,1,1
199,2D534761E5AD5FF5,3,31,0.1299,5,AE,65,0.0261,1,1
200,4670A39922CDD809,1,3,0.0,0,US,64,0.0258,1,0
201,1E31DA69C21266B1,5,25,0.0085,6,JP,65,0.025600000000000005,1,1
202,141B139216B868D7,4,6,0.0,0,SA,65,0.025500000000000002,1,0
203,EB94646167232D57,5,31,0.1562,9,JP,65,0.025,1,1
204,F6A875E326452933,1,4,0.0016,1,SA,65,0.024799999999999996,1,1
205,73B49DA6C5C1B19E,2,21,0.0541,8,US,65,0.0246,1,1
206,5D72183C2A8E6EC2,1,4,0.0,0,US,65,0.024599999999999997,1,0
207,5F97B148AF65C11B,2,11,0.0,0,MX,64,0.0245,1,0
208,2EF06CA39FBAC29F,2,12,0.0155,1,US,64,0.024300000000000002,1,1
209,13690B886E3EE144,1,2,0.0,0,US,63,0.0239,1,0
210,5FBF3F7345FD55C5,4,16,0.0069,3,US,65,0.023800000000000005,1,1
211,8E4293BD2D7A2056,2,32,0.0412,3,AU,64,0.0233,1,1
212,B94620083A7A1679,2,10,0.012,2,US,65,0.0231,1,1
213,5B5D998A70AEFEC9,6,36,0.015300000000000001,11,AR,65,0.0226,1,1
214,FD8A42F27BB06841,1,6,0.005399999999999999,2,CO,64,0.0225,1,1
215,9BE3D36B82706FBA,2,25,0.14079999999999998,10,US,64,0.0216,1,1
216,6555BA7DBFB8807F,1,1,0.0,0,US,64,0.021500000000000002,1,0
217,F0CB131406F00C1,1,3,0.0067,1,CL,63,0.0215,1,1
218,2FA5E122489377,1,2,0.0034,1,SA,65,0.021200000000000004,1,1
219,E2CBC8E970F19EE,1,4,0.0,0,NL,65,0.0212,1,0
220,56217EC4029E9895,2,21,0.0,0,TR,65,0.020699999999999996,1,0
221,A0F6F66AB8923B8,1,38,0.0233,14,GH,65,0.019899999999999998,1,1
222,E826B0760A8378BF,4,27,0.0208,7,US,65,0.0197,1,1
223,A53563D98450F7CE,2,6,0.0033,1,PH,64,0.0196,1,1
224,659DA8AC7B2A50B9,2,5,0.004,1,US,65,0.0194,1,1
225,FC897D8CB00BB4BD,1,19,0.0161,7,US,65,0.018500000000000003,1,1
226,16BF80EF0219833D,3,26,0.059199999999999996,8,US,64,0.0184,1,1
227,2C93F59F706CD199,3,11,0.0046,9,US,64,0.0183,1,1
228,9D0A32ED13364A28,2,18,0.022199999999999998,5,US,64,0.0181,1,1
229,566D8949D54384E,1,3,0.0064,1,US,65,0.018000000000000002,1,1
230,C80C9697B8B546EB,2,5,0.0066,1,US,65,0.018000000000000002,1,1
231,3A3DE2304451B700,1,15,0.004200000000000001,4,BE,63,0.0179,1,1
232,BBAB887C3EE88D20,2,6,0.0175,1,US,64,0.0178,1,1
233,FA1FD83CDD6DC0C9,2,10,0.0083,2,US,65,0.0177,1,1
234,842F93C5F9BEBCF1,4,27,0.0329,8,US,65,0.017300000000000003,1,1
235,5B1C85AE4C2B5B48,4,7,0.0132,1,AU,64,0.0173,1,1
236,3250EBCAA81B66FF,1,7,0.0207,2,US,64,0.017,1,1
237,2CAA22D7706A4600,2,10,0.005900000000000001,2,US,65,0.016900000000000002,1,1
238,2DA0FE4231F51BE,4,22,0.028999999999999998,7,CA,64,0.0169,1,1
239,AC1CCE6CAE5881BF,3,14,0.044300000000000006,3,US,64,0.0165,1,1
240,1D69A116F4AADD42,2,5,0.0,0,US,63,0.0165,1,0
241,8AB12C2A8BE3A3AE,5,9,0.0,0,US,65,0.016300000000000002,1,0
242,5FE494CD969CDEE9,5,12,0.0278,1,US,64,0.0162,1,1
243,1E63DBCFF9D3719B,2,44,0.06079999999999999,10,MA,65,0.0159,1,1
244,59AAFEF3F8F4C7E6,3,7,0.0149,2,US,64,0.0156,1,1
245,DFC5356D51E3488D,1,6,0.0,0,SA,64,0.015300000000000001,1,0
246,E0FA090473524336,1,4,0.0,0,US,65,0.0152,1,0
247,D2C5EEB366BB1B33,3,16,0.0536,5,US,64,0.0152,1,1
248,C66DA4233CC7650D,1,2,0.0,0,US,63,0.0152,1,0
249,1D9210458AE7BF43,2,6,0.011800000000000001,2,SA,64,0.0152,1,1
250,A1C3B849CDC52E14,7,28,0.0061,8,LC,64,0.015,1,1
251,BB5EC1408BC009C,4,13,0.0201,4,US,65,0.0146,1,1
252,352320BE7DDD97C6,2,27,0.0178,9,BE,63,0.0142,1,1
253,FA8F0136C12A8483,3,15,0.039,2,US,65,0.013999999999999999,1,1
254,7AA43D2FE6184435,4,16,0.0159,3,US,65,0.013999999999999999,1,1
255,3DBE463726C05F8B,10,79,0.028499999999999998,17,GB,65,0.013900000000000003,1,1
256,52928EA0F663F927,1,14,0.0034999999999999996,6,BR,63,0.0138,1,1
257,CAF8FE32F795679D,4,107,0.024999999999999994,39,ID,65,0.013799999999999996,1,1
258,B0C7521A5B6E82BD,2,17,0.029199999999999997,4,CA,64,0.0137,1,1
259,E34E7D363671423,2,7,0.024,2,US,63,0.013399999999999999,1,1
260,3DC0221CA1EF6593,2,7,0.0079,2,US,65,0.0132,1,1
261,EEFA1C430255B666,1,6,0.0037999999999999996,2,US,64,0.013000000000000001,1,1
262,ADAC23DF3BE034CF,1,4,0.006500000000000001,3,BR,65,0.012899999999999998,1,1
263,F48779D8B2D0B124,1,9,0.0025,2,EG,64,0.012799999999999999,1,1
264,A21D7E4CB82F302F,1,6,0.0162,2,US,64,0.0126,1,1
265,D3D92124B71FBAFE,6,51,0.054400000000000004,10,US,65,0.0125,1,1
266,63BBF6A669635961,1,5,0.0175,1,SG,65,0.0123,1,1
267,26CD90027EDC0BFE,6,63,0.0122,16,ES,65,0.0119,1,1
268,F8643FC4900980CC,3,11,0.0086,2,US,64,0.0118,1,1
269,EB10346F5B1F659A,1,14,0.0042,5,ID,63,0.011600000000000001,1,1
270,1B55FA89D1791DEC,3,36,0.16729999999999998,10,US,65,0.0116,1,1
271,F247C0133AD2EDB0,2,41,0.0877,6,US,65,0.0115,1,1
272,1D706675841429C,1,3,0.0,0,US,64,0.0115,1,0
273,F9FEC19F21BC364F,1,5,0.004,1,FR,63,0.011499999999999998,1,1
274,7ABC67C8AEED1DAE,5,17,0.0057,1,US,65,0.0114,1,1
275,5775388882A255EA,4,41,0.018299999999999997,10,GB,65,0.0113,1,1
276,A5DD5E0EB0C84D86,5,13,0.0245,4,US,65,0.0113,1,1
277,40CC4040776772AE,3,10,0.0021999999999999997,2,US,65,0.011,1,1
278,E94DEE977EE69FBF,5,22,0.0066,2,US,65,0.0109,1,1
279,C56EEDC681866388,2,19,0.0166,6,US,64,0.0109,1,1
280,5657E703FAE17ABF,1,2,0.0,0,AU,65,0.0109,1,0
281,977C3CB471A499FB,3,22,0.0132,6,US,64,0.0108,1,1
282,5470276B936767FB,1,2,0.0,0,US,64,0.0108,1,0
283,62BF37267D827E19,2,7,0.0,0,US,65,0.0108,1,0
284,C12CF03A7EDE8700,1,6,0.0,0,US,65,0.0105,1,0
285,2837B8EE019D3DF0,3,9,0.0052,1,JP,64,0.0104,1,1
286,27B49CEBD44F97F2,1,2,0.0,0,IQ,63,0.0104,1,0
287,2E1D7EC5FBE3803,4,8,0.0070999999999999995,3,RU,65,0.0102,1,1
288,1A66B14AD4B7C0E3,4,47,0.016399999999999998,17,DZ,63,0.0102,1,1
289,8C73D0E5592CA441,2,13,0.001,3,US,65,0.010199999999999999,1,1
290,577F22A7BCA80986,4,23,0.0,0,US,64,0.010100000000000001,1,0
291,A5F61A4E7F348CBF,2,23,0.0223,6,MX,63,0.0101,1,1
292,A188568A8C8C7A3,1,2,0.0,0,US,65,0.0101,1,0
293,BE28B34CDA3EFD2F,1,2,0.0,0,US,65,0.0101,1,0
294,795CA72800C34BF6,3,25,0.0060999999999999995,8,MX,63,0.01,1,1
295,67806FC0B670E3A2,2,6,0.0027,1,CW,64,0.0097,1,1
296,8592745411359FA5,1,1,0.0,0,US,64,0.0095,1,0
297,E625664ACD028A4F,3,75,0.0265,18,JM,65,0.009199999999999998,1,1
298,CEEA2595797112D7,4,28,0.005599999999999999,8,NI,65,0.009099999999999999,1,1
299,CAA4F2D4CF93F87E,4,26,0.007299999999999999,7,SA,65,0.009,1,1
300,89B265AFCDC2BD9F,2,20,0.0503,5,US,64,0.0088,1,1
301,8562E92ED12FBBD0,6,26,0.0093,6,PH,65,0.0088,1,1
302,AC965ABD18A69835,1,29,0.068,7,US,63,0.0088,1,1
303,3E91859D07BD20A8,3,37,0.009600000000000001,9,AR,63,0.0088,1,1
304,25E5BD7D2A1034F7,4,7,0.0,0,US,65,0.008799999999999999,1,0
305,4415CB73776A5697,3,22,0.1689,6,KR,65,0.0086,1,1
306,202FE2705085412C,3,9,0.010499999999999999,3,US,65,0.0086,1,1
307,7FC11266493FCE46,1,5,0.0161,1,US,64,0.0085,1,1
308,4751383DA58767A1,2,8,0.0036,2,SG,65,0.0085,1,1
309,F3BF5597CAB0394C,2,4,0.0101,1,US,64,0.0084,1,1
310,8BB4D1F472801058,2,4,0.0211,2,US,63,0.0082,1,1
311,1ABE07E27914FA25,1,2,0.0031,1,IT,64,0.008199999999999999,1,1
312,649C0D8DD0D9B30D,3,20,0.0056,3,ID,64,0.0081,1,1
313,C5641B02A02FC930,2,3,0.0011,1,AR,64,0.008,1,1
314,94EC81242FDA5022,1,5,0.0062,1,US,65,0.0079,1,1
315,CD915D6962E0E1F4,3,94,0.027800000000000002,23,IE,65,0.007899999999999999,1,1
316,A922B8A674043C1B,2,11,0.005,1,TH,65,0.0078,1,1
317,2CDCF6EB4FD1BFA7,1,4,0.0128,1,US,63,0.0077,1,1
318,F72B2A1313A13E7D,3,18,0.0025,4,US,64,0.007600000000000001,1,1
319,ADAF60A4A1656BA7,1,47,0.03,17,NL,64,0.0076,1,1
320,C7DCC902BB528A92,1,3,0.0,0,CA,64,0.0076,1,0
321,9BCCB4251763E863,2,13,0.0006000000000000001,3,SN,65,0.0075,1,1
322,EE1BC310D61146D3,3,19,0.0081,6,IN,65,0.0075,1,1
323,9E9CAC2C32090EA6,1,3,0.0,0,GB,65,0.0074,1,0
324,5DAA136E764F2463,4,13,0.0037,1,DE,65,0.0074,1,1
325,6FC0B29794E53A01,1,2,0.0,0,PH,63,0.0074,1,0
326,312C93A5BFCED526,3,7,0.0,0,CA,64,0.0074,1,0
327,442B32CE174F9C45,5,117,0.047700000000000006,38,ES,64,0.0074,1,1
328,FBF2813F7FBFF861,1,1,0.0,0,CL,65,0.0073,1,0
329,80B2DE29F6E500D3,2,78,0.0432,26,IN,65,0.007200000000000001,1,1
330,9EAD6776DD0A0180,1,2,0.0,0,US,63,0.0072,1,0
331,445B4B1E8448F537,3,7,0.0105,3,US,65,0.0071,1,1
332,8689471A9E79426C,3,35,0.05739999999999999,9,ES,64,0.0068,1,1
333,236A0A05E1681390,2,26,0.0524,3,BR,65,0.0067,1,1
334,138FE6CCE07CE2C3,1,5,0.0047,1,FR,63,0.0067,1,1
335,EF2094A7DFD01A59,2,10,0.0072,2,SG,64,0.006500000000000001,1,1
336,475ED4249B00C1D7,1,7,0.0059,2,US,64,0.006500000000000001,1,1
337,30CC2070282B53AC,2,6,0.0,0,AU,65,0.0063,1,0
338,46893CE7994DA533,4,36,0.020600000000000004,8,BR,64,0.0060999999999999995,1,1
339,B4013DBE667D7EB3,1,7,0.0,0,ID,63,0.006,1,0
340,2B5F23D299D09DBA,1,5,0.0073,1,CA,64,0.006,1,1
341,3DA41B07F4A77F60,1,15,0.0037,2,DE,63,0.006,1,1
342,3E32B9912DC5EC8C,1,41,0.15839999999999999,13,US,64,0.006,1,1
343,B8DD183BB3DF8CC1,1,2,0.0026,2,JP,65,0.006,1,1
344,,187,371,0.0006,2,PH,65,0.005900000000000002,1,1
345,146AF429596FEFC4,2,7,0.0022,1,RS,64,0.0059,1,1
346,EC9B0AD73D5D89F1,1,1,0.0,0,US,65,0.0059,1,0
347,C5B8B792C5FAD0D4,2,9,0.0102,3,CR,65,0.0057,1,1
348,A18BCA2377311044,1,8,0.0027,2,BR,65,0.0057,1,1
349,A62DEC71A783ECEB,3,19,0.0542,4,PH,64,0.0056,1,1
350,7A6F40803A4FEBED,1,2,0.0,0,IN,63,0.0056,1,0
351,A7472FC03BB172A3,3,21,0.0134,4,FR,65,0.0055,1,1
352,BB438726B7E48CBE,3,6,0.0045,1,MY,64,0.0054,1,1
353,60E0F8E41ECD4EA8,4,40,0.0093,5,CO,65,0.0051,1,1
354,BE38F6C7A71608E5,2,7,0.0023,1,MY,64,0.0051,1,1
355,89BD8F06DDA51114,2,6,0.0037,5,ID,65,0.0050999999999999995,1,1
356,2195DF5718BC1124,2,22,0.0233,9,US,65,0.005,1,1
357,9471D3DBCB83F247,3,17,0.0015,5,MY,65,0.0049,1,1
358,8C43DE9AB95D8126,2,7,0.0051,7,BR,65,0.0048000000000000004,1,1
359,D7983921E2CC5FC5,5,19,0.0006000000000000001,4,LY,65,0.0048,1,1
360,83C716DB8DD65F2F,4,18,0.020200000000000003,6,CA,65,0.0048,1,1
361,3CCE4B35AE83ED9E,2,15,0.0032,6,MX,64,0.004699999999999999,1,1
362,DBC97468A08C110B,1,6,0.0011,2,ID,63,0.0046,1,1
363,2C68622EF1A80F4F,2,22,0.0069,7,ZA,63,0.0045000000000000005,1,1
364,39522362C286260A,1,10,0.0058,1,US,63,0.0044,1,1
365,7691EF4931C4604E,3,34,0.0201,13,GB,65,0.0044,1,1
366,BA5977D03913115B,3,47,0.0212,14,MX,64,0.0042,1,1
367,CAD2741878C558A0,2,12,0.0003,1,BN,64,0.0041,1,1
368,109F5B5ED547C9B3,3,25,0.0095,4,BR,65,0.0040999999999999995,1,1
369,B4042A9566C7D3BE,2,13,0.0053,3,ES,65,0.0040999999999999995,1,1
370,4459E52742B74144,4,28,0.0083,9,PK,64,0.004,1,1
371,19E3D7226E125396,8,16,0.0027,4,ID,65,0.0039,1,1
372,A80271E622DB14DE,1,8,0.0159,2,US,64,0.0038,1,1
373,87DA034ED576A2FB,1,14,0.0095,5,ID,64,0.0038,1,1
374,C67879A8C29B757D,2,5,0.0005,1,JP,65,0.0038,1,1
375,A9F9F895114339C4,3,27,0.0026999999999999997,6,IQ,64,0.0037000000000000006,1,1
376,A170866AE51F8D39,1,8,0.0034999999999999996,2,TH,64,0.0037,1,1
377,AE3623891C8DD6E9,1,23,0.0332,6,MA,63,0.0037,1,1
378,644F14B1595B90B7,1,18,0.0303,6,AR,64,0.0036000000000000003,1,1
379,43BE9ED045920BF1,1,18,0.0055000000000000005,5,PH,63,0.0036,1,1
380,5F0F381D28C10837,1,1,0.0,0,US,64,0.0036,1,0
381,26E6989EAA15CADF,3,17,0.0039,1,BR,63,0.0035,1,1
382,6FF0808B9541D772,4,33,0.0123,7,AR,65,0.0034999999999999996,1,1
383,D732E64C258C2123,1,2,0.0,0,BJ,63,0.0034,1,0
384,9F4260410A416B72,3,5,0.0,0,BR,65,0.0033,1,0
385,157F710A22549CB4,2,11,0.005599999999999999,3,AU,64,0.0033,1,1
386,C360CF16CCEC0D,2,11,0.0018999999999999998,4,LB,65,0.0033,1,1
387,961223E0438A32D4,2,14,0.016,4,PH,65,0.0033,1,1
388,202B275175E28B5E,2,5,0.0018,1,MA,63,0.0032,1,1
389,AA7D419D4D551FC2,12,36,0.0114,7,US,65,0.0032,1,1
390,E74F56A0243FDFC3,6,24,0.023200000000000002,6,SG,65,0.0032,1,1
391,89A6CDAC6C8F2480,1,3,0.0,0,US,64,0.003,1,0
392,466D0C751F9B99,1,20,0.0023,1,PE,64,0.003,1,1
393,FBF0C0853D2DD99D,1,30,0.0206,5,AR,65,0.003,1,1
394,1948E23D5251B1D1,13,106,0.049499999999999995,41,MY,65,0.0029,1,1
395,13302364A0BDE7B3,4,46,0.011099999999999999,14,CA,65,0.0029,1,1
396,3041F72CB1BFD603,3,5,0.0086,4,ES,65,0.0029,1,1
397,13C591DF604FC8B2,1,8,0.0303,6,PE,65,0.0029,1,1
398,9931ABFE8C596284,8,23,0.0053,6,ID,65,0.0028,1,1
399,11811FA805E84FA4,1,5,0.0142,2,US,63,0.0028,1,1
400,86148BF838FF947F,1,13,0.0187,3,MY,63,0.0028,1,1
401,16D15636C5031311,4,27,0.0037,4,PH,65,0.0027,1,1
402,314958967E6741CB,1,4,0.0,0,CA,64,0.0027,1,0
403,76E7F688A615CF4D,2,15,0.0015,3,AE,65,0.0026,1,1
404,9A58C3A238DA1429,2,7,0.0,0,GB,63,0.0025,1,0
405,5E4BAADA05318897,1,15,0.0005,4,PK,64,0.0024000000000000002,1,1
406,E3F3650523EF9917,1,4,0.0014,1,IN,64,0.0023,1,1
407,373D3E7477399708,2,59,0.0232,12,US,65,0.0023,1,1
408,5040F0AEC2AD598,1,5,0.0009,1,DE,65,0.0022,1,1
409,AC4930D8C092F5B5,1,2,0.0012,1,US,63,0.0022,1,1
410,3F08BC5F543B7739,1,5,0.0025,1,PH,63,0.0022,1,1
411,35291934C1847FE4,3,17,0.0086,5,PH,64,0.0021000000000000003,1,1
412,53E20A2C150001FC,2,18,0.0014000000000000002,5,ID,65,0.002,1,1
413,C02A2057A88119BE,2,5,0.002,3,VE,65,0.002,1,1
414,7B756490F609B628,1,1,0.0,0,BR,65,0.0019,1,0
415,D8AD07D31CAEF93B,4,12,0.0011,2,NG,64,0.0018999999999999998,1,1
416,1FA27B444B63EC96,5,50,0.0031000000000000003,18,MR,65,0.0018000000000000002,1,1
417,F2DC2C4CA317038F,1,5,0.0018,1,PH,65,0.0018,1,1
418,51CE015052BF48D0,4,29,0.0024000000000000002,10,US,65,0.0017000000000000003,1,1
419,91261B15749DD7C6,3,7,0.00030000000000000003,2,VE,65,0.0017000000000000003,1,1
420,A125E47246912C83,1,4,0.0,0,US,64,0.0017000000000000001,1,0
421,9E3B3C4A327ADDDF,6,38,0.0201,14,CA,65,0.0017000000000000001,1,1
422,67B84DB7EB2303E3,3,11,0.0049,4,RU,65,0.0017000000000000001,1,1
423,652602FBC193C4A7,3,4,0.0006,1,ES,65,0.0017000000000000001,1,1
424,6FC204AFC45EA2C1,5,99,0.030299999999999997,48,PH,65,0.0017000000000000001,1,1
425,3BA819F810E81B35,1,5,0.0070999999999999995,2,US,64,0.0017,1,1
426,8A4C2FE0F334D5FE,6,24,0.0022,1,PH,64,0.0017,1,1
427,D5803489C400C04C,5,22,0.0018999999999999998,6,GH,65,0.0016999999999999997,1,1
428,FDF24BA5F6FB9B6B,2,5,0.0018,1,GB,63,0.0016,1,1
429,2A1504A3F3F1651E,4,24,0.0,0,CD,65,0.0015999999999999999,1,0
430,56BF1C065D4CA63A,2,4,0.0008,1,CW,64,0.0015,1,1
431,BE622A9E3C243FE7,2,3,0.0,0,PH,64,0.0015,1,0
432,C0E40B530769365D,1,4,0.0013,1,JP,65,0.0015,1,1
433,1346DF75F2EF349F,3,31,0.0015999999999999999,6,US,65,0.0014000000000000002,1,1
434,2E9E1B6C492C61BF,1,7,0.0011,2,CI,63,0.0014,1,1
435,F5C01C98599C311C,2,17,0.0012,1,DZ,63,0.0014,1,1
436,1B01FC0EBF9CB654,1,4,0.0005,2,BG,64,0.0013000000000000002,1,1
437,C546FA64A3440F75,1,4,0.0001,1,LY,65,0.0013,1,1
438,99CEA88A584C1199,4,39,0.0030000000000000005,6,BR,63,0.0013,1,1
439,FBBE6B0D623AD715,13,38,0.0021,11,US,65,0.0012000000000000001,1,1
440,5DA15D219B6D66F9,8,78,0.0034999999999999996,6,US,65,0.0012000000000000001,1,1
441,27D3ED1B195AAA3F,4,45,0.0,0,PK,63,0.0012,1,0
442,CE6B2F7D19546BAC,2,3,0.0009,1,BR,64,0.0012,1,1
443,50EFD5D986D37FF8,2,5,0.0,0,JO,64,0.0011,1,0
444,C44F5FDA45C30407,1,16,0.0053,5,US,63,0.0011,1,1
445,F53EC5D9D54BDEBB,4,30,0.0015999999999999999,6,US,65,0.0011,1,1
446,14B8143C10CB8536,2,5,0.0017,1,US,65,0.001,1,1
447,4A163FCF6418EE88,1,1,0.0,0,IN,63,0.001,1,0
448,70548448CB06D4C3,5,11,0.0027,3,US,65,0.001,1,1
449,25CF67FCED4CB74B,10,31,0.004399999999999999,23,ID,65,0.0009,1,1
450,32981D75D1E596B5,2,45,0.0235,14,PH,65,0.0009,1,1
451,E0E954E2ED3A2417,3,13,0.002,4,MY,64,0.0009,1,1
452,86F4FF4F6DFC1C,2,21,0.0005,3,US,65,0.0009,1,1
453,5809EE46E648BE6C,1,10,0.0015999999999999999,4,US,65,0.0009,1,1
454,EBC384A7D83977C3,2,4,0.0,0,VE,63,0.0009,1,0
455,B9338DE4C241C53C,2,6,0.0003,1,IQ,65,0.0008,1,1
456,A4A4E065748AC55B,1,2,0.0021999999999999997,2,BR,63,0.0008,1,1
457,1C9C01E39C3E03D5,1,22,0.0036,4,LB,63,0.0008,1,1
458,1CD6A1EE693DF885,4,22,0.0012,6,VE,63,0.0008,1,1
459,556BAFE7377C2A24,1,45,0.0032000000000000006,7,IQ,63,0.0008,1,1
460,FF12E8A7B6699D42,3,32,0.001,2,MX,63,0.0008,1,1
461,8DE283F6CD1490F2,3,57,0.0205,15,BR,65,0.0008,1,1
462,3D747E6EC233CEFF,3,23,0.0037,1,MX,63,0.0008,1,1
463,C77B6E993481325A,1,11,0.0,0,PK,63,0.0007,1,0
464,86AC76FBE4FCF4D3,3,9,0.0011,1,US,65,0.0007,1,1
465,127EF13D5B9CF6F1,2,20,0.0014000000000000002,4,DZ,63,0.0007,1,1
466,E2EAB8510B08E2CE,1,1,0.0,0,MX,63,0.0007,1,0
467,F8A47E2DADCF63F2,2,6,0.0,0,IN,63,0.0007,1,0
468,D88ED1F41D3B53A6,1,1,0.0,0,VN,63,0.0006,1,0
469,31C93F5B34F39326,2,3,0.0,0,US,63,0.0005,1,0
470,155F2BAB7BDEA603,7,16,0.0009,3,BR,65,0.0005,1,1
471,951B0CB1A1621F47,1,19,0.0024999999999999996,7,US,63,0.0005,1,1
472,46307503B0112604,1,3,0.0,0,TG,63,0.0005,1,0
473,6C9DC83B12A8DBAA,1,8,0.0007,3,CO,65,0.0005,1,1
474,53927FE4E139679F,4,34,0.0037,12,DZ,63,0.0005,1,1
475,853D0059C98EB73E,3,10,0.0,0,BR,64,0.0004,1,0
476,D5858A567DECDC00,3,6,0.0005,1,CO,65,0.0004,1,1
477,6C9B2E963C23F8E7,1,2,0.0,0,DE,64,0.0004,1,0
478,E20A78BD726DF611,1,3,0.0003,1,ID,63,0.0004,1,1
479,B717A9C211D96DE9,4,12,0.0011,4,GH,65,0.0004,1,1
480,CCEC86F8AB6CF0FA,1,15,0.0008000000000000001,5,EG,63,0.00030000000000000003,1,1
481,2CBFB2810DCCB61B,9,22,0.0007000000000000001,4,US,65,0.00030000000000000003,1,1
482,C32A972FE9A2A3F6,1,5,0.0004,1,CG,63,0.0003,1,1
483,63272C3603FBCF16,4,52,0.012899999999999998,20,BE,63,0.0003,1,1
484,4B8DA23A0F8998F7,1,2,0.0003,1,VN,63,0.0003,1,1
485,7AA17A8F928C3729,3,15,0.0015,4,VE,65,0.0002,1,1
486,509AC438D8B99AC2,2,13,0.0002,2,US,64,0.0002,1,1
487,33B9CE03BB623D4D,3,23,0.0008,5,US,65,0.0002,1,1
488,4C81D095234354A8,1,4,0.0001,1,US,65,0.0002,1,1
489,190D117EEBE0B5DC,1,4,0.0001,1,US,63,0.0002,1,1
490,1DDC8014BAD9B15A,3,48,0.04240000000000001,18,CD,65,0.0002,1,1
491,84449F90F117B83,2,24,0.0,0,BJ,65,0.0,0,0
492,d288d53f-74bc-448d-8670-6d7f4823f8e3,2,8,0.0,0,EG,64,0.0,0,0
493,BB3D73050EFC2A8E,1,9,0.0,0,US,63,0.0,0,0
494,B8FAAD14DAB3DB2C,2,15,4.0095,2,US,65,0.0,0,1
495,582E2FC09005037F,2,56,0.0048,1,BR,64,0.0,0,1
496,B86901244833E1A1,1,44,0.39339999999999997,9,CA,65,0.0,0,1
497,34CEF7DBFB354075,2,53,0.098,7,JP,63,0.0,0,1
498,bb209e78-eb16-42e3-b892-6df361e5ebbf,2,23,0.4474,3,US,64,0.0,0,1
499,8CB12A6B9BD8C094,2,5,0.0,0,BR,65,0.0,0,0
500,AFF1A106538EF519,6,24,0.0,0,IR,63,0.0,0,0
501,A3C683EA0A1591AC,2,11,0.0,0,US,63,0.0,0,0
502,3BBA3359B5E8EA9B,2,10,0.0,0,VE,65,0.0,0,0
503,C3625C59B2AA1CC6,1,4,0.0,0,CO,63,0.0,0,0
504,AC827E15B008662C,5,25,0.0,0,US,65,0.0,0,0
505,BF8BD571AA5C2A68,38,200,0.0,0,MM,64,0.0,0,0
506,8362e822-1277-412c-86e5-eb5fcd0bc183,2,2,0.0,0,AR,63,0.0,0,0
507,de34dbe2-30dd-48ab-b440-7e5d94596b10,1,1,0.0,0,US,64,0.0,0,0
508,55BC332BB5309388,2,8,0.0,0,US,63,0.0,0,0
509,B8A538F18228D9CC,1,1,0.0,0,US,65,0.0,0,0
510,8a32f916-ad3c-4209-8aa8-7fcdcfde2d2f,1,1,0.0,0,SO,64,0.0,0,0
511,2BF5FD168BE3627B,1,2,0.0,0,US,63,0.0,0,0
512,C56CB7E5D07CEC39,1,4,0.0,0,MX,65,0.0,0,0
513,A0C35DFF7CDEB94D,1,17,1.0457,4,US,64,0.0,0,1
514,6863F793742E9344,1,11,0.0,0,US,63,0.0,0,0
515,A84E1FF5A2FFF53B,2,38,0.0,0,US,63,0.0,0,0
516,461553AD45FCC885,2,23,0.016399999999999998,2,BR,64,0.0,0,1
517,83783C3E39FDC4DB,3,33,0.44670000000000004,6,US,65,0.0,0,1
518,E313432679A6B1BB,3,17,0.0011,2,DZ,64,0.0,0,1
519,82B6402F9A503C3B,1,3,0.0,0,CA,64,0.0,0,0
520,57BC7FD16DDEA340,2,4,0.0072,1,MY,64,0.0,0,1
521,916A31A601211911,2,4,0.0,0,PR,64,0.0,0,0
522,19CC8EF20DC307EF,1,5,0.0,0,CA,65,0.0,0,0
523,3397269B9079D946,1,2,0.0,0,GA,63,0.0,0,0
524,E0083DA446B2791E,2,17,0.0081,3,MY,64,0.0,0,1
525,BCB447FBE6D8B5D5,2,2,0.0,0,CA,65,0.0,0,0
526,435c4e9d-6fd0-4d97-baab-6c9a48156381,1,1,0.0,0,IN,65,0.0,0,0
527,55B7996A4C580FEF,3,9,0.0,0,JP,65,0.0,0,0
528,F6C979DEA5DC8BE3,1,1,0.0,0,US,64,0.0,0,0
529,DEF1227E4B6DE498,1,2,0.0,0,US,65,0.0,0,0
530,F5128F6FAD21361E,1,3,0.0,0,US,64,0.0,0,0
531,228A5970321FE590,1,4,0.0,0,PH,64,0.0,0,0
532,1E9DD37D364997FA,4,26,0.0588,8,GB,65,0.0,0,1
533,ac127abc-8641-4ddd-98a0-955e9bb72fee,1,1,0.0,0,VE,65,0.0,0,0
534,d3c81833-ac26-4f20-9c0c-7c4da64009f4,14,104,0.0,0,PH,64,0.0,0,0
535,8aa10698-0244-49e9-bdd4-1ef91861f088,1,1,0.0,0,PY,65,0.0,0,0
536,45C7EBFAD543D081,1,20,0.0,0,EG,63,0.0,0,0
537,ED8D288FE1E7D33D,1,2,0.0002,1,CA,65,0.0,0,1
538,DDD5203D08CBD2E0,1,19,0.0035,3,IQ,65,0.0,0,1
539,25C01D3BFF4F15A2,1,4,0.0,0,LY,64,0.0,0,0
540,E8FA19572BA2D865,1,15,0.1082,2,SG,65,0.0,0,1
541,5F305192B3232960,2,8,0.0,0,US,64,0.0,0,0
542,BBC9F5A9FBADF354,6,35,0.0023,1,IN,65,0.0,0,1
543,7A5F0F6DACFAEE67,1,4,0.0,0,NZ,63,0.0,0,0
544,736E382D99F29CC6,1,2,0.0,0,US,63,0.0,0,0
545,FD8C5DD624FE77A1,2,93,0.18630000000000002,28,US,63,0.0,0,1
546,5C7613E165970F7A,1,10,0.0178,2,US,63,0.0,0,1
547,F0CC5866E09F81ED,1,12,0.0,0,DZ,65,0.0,0,0
548,3174DD303919250D,2,34,0.0006,2,IQ,64,0.0,0,1
549,9B54F0E5F27FE3E2,3,17,0.006900000000000001,7,PK,65,0.0,0,1
550,62FF3DA55EA79EFA,2,41,0.004300000000000001,15,BO,65,0.0,0,1
551,7BF645B07B242600,1,8,0.0129,2,MY,64,0.0,0,1
552,D6757F9804DFF2BD,2,5,0.0,0,US,64,0.0,0,0
553,735550153730C0E,2,2,0.0,0,KH,65,0.0,0,0
554,F890CF307EA9C2A5,3,19,0.0031999999999999997,5,KR,65,0.0,0,1
555,63EAC81A439FD9DF,1,4,0.0,0,JM,63,0.0,0,0
556,5B368CC34E21C0F,1,2,0.0,0,US,63,0.0,0,0
557,CB9B4629E0C2CF90,1,1,0.0,0,DE,64,0.0,0,0
558,93089a03-02c8-4561-87ff-1642c96a96f5,2,2,0.0,0,MX,63,0.0,0,0
559,950AB261889BC6E4,3,4,0.0,0,US,65,0.0,0,0
560,bbad57eb-dd80-4be4-bbd1-f7415bfe09da,8,49,0.0,0,GB,63,0.0,0,0
561,dbcdb185-d48b-46ab-ac7e-0a0bcb2f7d18,1,1,0.0,0,DZ,63,0.0,0,0
562,B165618B113A0507,2,6,0.0002,1,DZ,64,0.0,0,1
563,90D7DF1992778F4B,1,4,0.0,0,VE,63,0.0,0,0
564,e62283e3-4837-4cdc-866d-d956e98e51c0,2,11,0.0,0,IQ,63,0.0,0,0
565,77E3207A7B0B58D1,4,66,0.007200000000000001,14,PE,64,0.0,0,1
566,6E84A00D53C6EE42,2,20,0.020900000000000002,6,CA,65,0.0,0,1
567,D113A3BF71B3FCB8,3,36,0.0042,5,NI,65,0.0,0,1
568,B90164EF53AA1E82,4,37,0.09739999999999999,11,US,65,0.0,0,1
569,1209cab8-83c1-4876-bb42-17250ac851ff,2,2,0.0,0,IQ,63,0.0,0,0
570,64FA39F2297A0A04,3,28,0.0102,2,BR,63,0.0,0,1
571,e73d76a5-f28a-46c0-bdd8-949e4939359a,1,3,0.0,0,SL,64,0.0,0,0
572,C2E893F61C17633B,2,6,0.0,0,US,65,0.0,0,0
573,5db22a92-1ae7-4223-92ca-d4f86085a02f,1,1,0.0,0,NI,65,0.0,0,0
574,5A82B34D34705863,1,6,0.4803,2,US,63,0.0,0,1
575,dc4c19a5-cc82-4afd-8788-4e4906263b12,2,2,0.0,0,IN,65,0.0,0,0
576,702AC487A7E8BEB9,11,25,0.0,0,PH,64,0.0,0,0
577,7e8a8076-9470-4ae5-9e9c-dd7ad19bd9ce,1,1,0.0,0,DZ,63,0.0,0,0
578,1CC01FF9A990D201,2,2,0.0,0,US,65,0.0,0,0
579,33271262-ac3c-4eed-a250-fb4c0e1f7869,5,17,0.0,0,CI,63,0.0,0,0
580,708B8D63DD9D7AC2,3,25,0.0,0,MA,65,0.0,0,0
581,52B96B4F85F8601C,2,5,0.0,0,IN,63,0.0,0,0
582,C220E59E8825C682,4,26,0.0,0,US,65,0.0,0,0
583,AFCF5DDBA1FF6B36,2,18,0.0011,3,DZ,65,0.0,0,1
584,f9dd6e3b-6a9a-44b6-b37b-812dfd225d02,2,2,0.0,0,IQ,63,0.0,0,0
585,C9DFF980F10E99FD,5,36,0.0,0,PH,63,0.0,0,0
586,AFC914637D117645,2,4,0.0,0,DZ,65,0.0,0,0
587,97149B9D1DFF3E68,4,15,0.0,0,US,65,0.0,0,0
588,016b5773-237f-4e97-a11f-bf8eeed65fd0,1,24,0.0,0,DZ,63,0.0,0,0
589,2E9FFD6CF280179,2,22,0.0,0,US,65,0.0,0,0
590,D384B4A5E3E0269F,2,7,0.0079,2,BR,64,0.0,0,1
591,E1FC0C2CE3FDF525,2,5,0.0,0,VE,63,0.0,0,0
592,963027555A81B63E,2,6,0.0002,1,IN,65,0.0,0,1
593,C8B5C9B604640F9A,2,4,0.0,0,BR,65,0.0,0,0
594,564266481115DCBC,1,3,0.0,0,JP,63,0.0,0,0
595,67ee5ef8-b524-49eb-b3f2-f946701e495a,1,5,0.0,0,DZ,63,0.0,0,0
596,C628D94A3383109A,1,4,0.0,0,DZ,64,0.0,0,0
597,E45039062582674E,2,29,0.037700000000000004,8,ES,64,0.0,0,1
598,B4965CC3EAAF1ABD,2,2,0.0,0,PH,64,0.0,0,0
599,E1AE8869D4C1EE97,1,1,0.0,0,DE,63,0.0,0,0
600,C7F29CA0AB45F406,1,1,0.0,0,GN,65,0.0,0,0
601,e9d91a00-568a-41e6-bf29-c61e8454e64a,1,1,0.0,0,IN,65,0.0,0,0
602,560E5500F0445EA2,2,6,0.0,0,BB,65,0.0,0,0
603,6811CB147E9F4CB2,1,2,0.0,0,GB,65,0.0,0,0
604,D52D8CBE892416A6,3,11,0.0,0,DO,63,0.0,0,0
605,d614e71a-c887-4a00-aac5-2309632c98fc,1,1,0.0,0,BR,64,0.0,0,0
606,DA420DB39294C4E7,1,1,0.0,0,PK,65,0.0,0,0
607,152A2C725BF56567,1,5,0.0,0,US,63,0.0,0,0
608,A97B4DFA28A1719A,14,65,0.0,0,DZ,65,0.0,0,0
609,A504DF3189AA356C,1,12,0.0295,3,DE,65,0.0,0,1
610,B6D54ED323269A41,1,5,0.0,0,US,64,0.0,0,0
611,6B3C61CEF431646A,2,23,0.0205,7,US,65,0.0,0,1
612,FC92FFBB5776CA86,1,7,0.0,0,FR,63,0.0,0,0
613,961EC3518B090EEC,1,31,0.0096,5,ID,65,0.0,0,1
614,A2BAA38B959220AB,1,16,0.0,0,US,65,0.0,0,0
615,a8bffb93-9420-4f41-9613-dc8da1f4842c,9,78,0.0,0,DZ,65,0.0,0,0
616,28123D63579EFD4F,2,6,0.0017,1,ML,63,0.0,0,1
617,DD036FDD20C5E536,1,13,0.0,0,IQ,65,0.0,0,0
618,CFFF699CD8B37B62,2,10,0.028000000000000004,3,CA,65,0.0,0,1
619,222EDE39F429C6AE,2,22,0.30169999999999997,6,US,65,0.0,0,1
620,13F08C8C2AAE74D0,3,13,0.0,0,JP,65,0.0,0,0
621,3E88180BFB01CAB3,2,7,0.0,0,CO,64,0.0,0,0
622,70342600C82275C6,4,5,0.0,0,GR,64,0.0,0,0
623,AF65F292E876F4A5,3,14,0.0017000000000000001,2,NG,63,0.0,0,1
624,E2DDD34E2918076F,3,5,0.0,0,US,64,0.0,0,0
625,363F4D981FC4A7C2,1,6,0.0073,1,FR,65,0.0,0,1
626,B88AA6CC086B9E2C,1,6,0.0008,2,VN,64,0.0,0,1
627,6776E052646E52BB,1,10,0.0014,1,PA,65,0.0,0,1
628,12C5356EB4E8B4CE,4,10,0.0,0,US,63,0.0,0,0
629,4F7360C3282E4CE4,2,6,0.0,0,US,65,0.0,0,0
630,558E814700D0D522,4,40,0.0034999999999999996,3,BR,65,0.0,0,1
631,B87E3E940892A155,8,18,0.1024,3,AU,65,0.0,0,1
632,97DFC695CD12369B,1,2,0.0,0,LC,65,0.0,0,0
633,a1143fe1-b6a3-47bb-8705-a74553752f08,1,1,0.0,0,US,64,0.0,0,0
634,6EB3438A0CC920BB,1,5,0.0,0,DZ,63,0.0,0,0
635,e429ad9a-6987-414e-b16a-7917f47f5ac6,11,166,0.0,0,TZ,63,0.0,0,0
636,3EB2D38D2E819CC8,3,74,0.7158,19,US,64,0.0,0,1
637,7BBC6E8099A2B223,2,20,0.0,0,SA,65,0.0,0,0
638,E63DB4E502F1DD9F,1,24,0.5072,4,US,65,0.0,0,1
639,5E0ECFA1A3271DE0,1,16,0.0042,5,US,64,0.0,0,1
640,1FCE2F1EA13A2076,1,4,0.0,0,GB,64,0.0,0,0
641,AD36225BAD04C315,3,4,0.0,0,US,65,0.0,0,0
642,D3B281F2E71A5336,4,25,0.0,0,DZ,65,0.0,0,0
643,8C19E68E2B08DF59,1,6,0.001,2,IN,64,0.0,0,1
644,741265af-8f40-4a7d-bf39-9b2014eb1651,1,1,0.0,0,IQ,64,0.0,0,0
645,83DA7581E39A7CE4,2,4,0.0,0,MX,63,0.0,0,0
646,322385854039BB07,1,1,0.0,0,GB,64,0.0,0,0
647,CD6F8CC6FA3C5D3,3,6,0.0,0,AU,63,0.0,0,0
648,9238af67-6844-445b-a9f1-da911912d003,2,2,0.0,0,VE,65,0.0,0,0
649,17B33CFDEBA9274B,5,9,0.0,0,CO,63,0.0,0,0
650,1AC085942E391464,2,5,0.0,0,AU,64,0.0,0,0
651,E5D646EC0009B432,1,17,0.0311,3,PH,63,0.0,0,1
652,9BFB49576903897D,2,20,0.0,0,AO,64,0.0,0,0
653,1B035720BDFA90B9,1,8,0.0079,3,BR,63,0.0,0,1
654,DCFB03E19C4567E5,2,7,0.0,0,IN,63,0.0,0,0
655,6991C9C469E1552,1,6,0.0138,2,US,63,0.0,0,1
656,85A18EA027AAA530,4,83,0.0251,6,CI,64,0.0,0,1
657,D4AC6632E39A9E01,6,13,0.0,0,US,64,0.0,0,0
658,973A286CC224A46F,3,19,0.0023,2,KE,65,0.0,0,1
659,5A0A6E8898C4E13A,1,8,0.0007,3,EG,65,0.0,0,1
660,90199B95F2C0528E,2,19,0.0502,5,JP,63,0.0,0,1
661,B856C65EAF2E1013,1,2,0.0,0,IQ,63,0.0,0,0
662,BF0D06A2F516972E,1,10,0.0147,2,CZ,63,0.0,0,1
663,5F351129BE1F50BC,1,9,0.7103,1,US,63,0.0,0,1
664,ECFCC3E508B93F25,2,6,0.0376,3,US,65,0.0,0,1
665,B9677BE1B099750A,1,1,0.0,0,DZ,64,0.0,0,0
666,793C856FAD0D8770,1,3,0.0,0,PY,65,0.0,0,0
667,77016478606FEEDC,1,1,0.0,0,US,64,0.0,0,0
668,2DA3F7B6FEF7B602,6,55,0.012600000000000002,18,ID,65,0.0,0,1
669,BBAAE754A6981FD7,1,9,0.0009,1,IN,65,0.0,0,1
670,30B933657777A005,3,27,0.0004,1,HT,65,0.0,0,1
671,30DDBEDC50E49144,1,1,0.0,0,US,65,0.0,0,0
672,97AF204082C81ADC,1,46,0.009500000000000001,8,IN,63,0.0,0,1
673,d44038dc-768d-41f6-8066-439f4abff919,1,6,0.0,0,LA,63,0.0,0,0
674,51F08E1C88FB42CA,2,22,0.1106,2,US,65,0.0,0,1
675,92ED92AAB2CCB3,5,38,0.0,0,CU,65,0.0,0,0
676,3E6B3933E384109B,4,17,0.0,0,CR,65,0.0,0,0
677,CC2884BC4FEB8EF2,1,9,0.0016,1,MY,65,0.0,0,1
678,649460DE75689CD7,1,3,0.0,0,IN,64,0.0,0,0
679,7AAE719EDD131636,1,2,0.1051,2,US,65,0.0,0,1
680,C52315221C93A7C4,1,4,0.0,0,IQ,63,0.0,0,0
681,E98DC23D72E2BC22,5,15,0.045000000000000005,11,FR,63,0.0,0,1
682,981BB69CBF6A764D,1,5,0.033,1,CA,65,0.0,0,1
683,72DD5F5BF0B3F050,2,12,0.0005,1,IN,65,0.0,0,1
684,D4726F48F70A03CF,1,19,0.029699999999999997,7,CA,64,0.0,0,1
685,46CD18BF0A40D017,1,1,0.0,0,PT,63,0.0,0,0
686,78AA88F419219C18,1,17,0.155,2,MY,65,0.0,0,1
687,72A9EE447BBF42B8,4,21,0.0026,1,AR,64,0.0,0,1
688,ED6070E13634EF41,2,18,0.0012,4,PK,63,0.0,0,1
689,E5769D028008B6C7,2,23,0.0,0,IQ,63,0.0,0,0
690,EE6199E950A69781,1,5,0.0,0,IN,63,0.0,0,0
691,80A63C28252FAE58,1,7,0.0054,1,US,65,0.0,0,1
692,BE5F604994BF0177,1,3,0.0,0,MM,64,0.0,0,0
693,1258E192A6A75558,2,3,0.0,0,LR,64,0.0,0,0
694,1C787BC34A63A09D,2,2,0.0,0,US,63,0.0,0,0
695,4E3F7B7F2D610A10,11,22,0.0,0,NG,64,0.0,0,0
696,80d58d93-21ef-41aa-adbf-d6d633b5188f,3,12,0.0,0,MA,63,0.0,0,0
697,C55AA93DC7ABDA2A,1,2,0.0,0,FR,65,0.0,0,0
698,EC893C6D88A1E787,1,4,0.0,0,US,64,0.0,0,0
699,2379C477F8515220,1,5,0.0,0,GB,65,0.0,0,0
700,F0821E6728195313,1,5,0.0,0,US,65,0.0,0,0
701,5a2201d7-0205-44fb-95f6-cd2d71a548f9,1,1,0.0,0,LY,64,0.0,0,0
702,BBF97E6641F193DB,1,3,0.0,0,US,64,0.0,0,0
703,67456139A481D21E,1,1,0.0,0,DZ,64,0.0,0,0
704,110BC9D9257A97F,7,29,0.0,0,IN,63,0.0,0,0
705,51FB32389CF4D82F,3,30,0.358,5,US,65,0.0,0,1
706,5028749FC90F9229,1,3,0.0,0,SN,64,0.0,0,0
707,E9874AB7F5F7971B,3,16,1.033,2,US,64,0.0,0,1
708,553B3C407B8A2F19,1,2,0.0,0,IQ,64,0.0,0,0
709,BE9C3AA9AC3DB463,1,23,0.0024,8,NG,63,0.0,0,1
710,956505B04600B863,1,6,0.0,0,HT,64,0.0,0,0
711,BD5008D4F26D2F53,1,7,0.0102,2,US,63,0.0,0,1
712,281135df-5019-40e7-8938-95c5d28b37b8,4,4,0.0004,1,CU,63,0.0,0,1
713,FC56426EB34373AA,4,20,0.0,0,IQ,65,0.0,0,0
714,7D8E3BCE95717731,1,1,0.0,0,CI,64,0.0,0,0
715,72CB2706954BCC21,3,4,0.0,0,IQ,64,0.0,0,0
716,2AEB98075273229C,2,6,0.1181,1,US,64,0.0,0,1
717,6EEAC84AE722537E,1,4,0.0,0,CA,65,0.0,0,0
718,93DFF16A0830FFDF,1,5,0.0,0,US,65,0.0,0,0
719,1DD97F1880DAD572,3,9,0.0,0,DZ,63,0.0,0,0
720,22F7DAF8923B2696,1,2,0.0,0,US,64,0.0,0,0
721,BF5AA5C0693F431B,1,4,0.022699999999999998,2,ES,64,0.0,0,1
722,68D22B36A97AF72C,1,4,0.0,0,US,64,0.0,0,0
723,20AA8BF81802AEE2,1,14,0.0648,8,CA,63,0.0,0,1
724,82740D9FA7C2F250,1,28,0.054400000000000004,8,US,65,0.0,0,1
725,AB5E638AEE8FE8FD,1,13,0.0,0,DZ,64,0.0,0,0
726,A9070C83A2C7524F,1,35,0.0176,1,SA,65,0.0,0,1
727,4F5E566A827F9B9A,1,21,0.004,6,IQ,63,0.0,0,1
728,F9A6F87AB5FA01EE,1,5,0.0,0,PH,65,0.0,0,0
729,99628CAFF305EEF3,1,5,0.0,0,BR,63,0.0,0,0
730,C758A654A93EB73A,2,9,0.0,0,DZ,65,0.0,0,0
731,5DABADD889E6D0B3,2,13,0.0,0,VE,65,0.0,0,0
732,ed98c29c-9736-4f3f-a2ce-7f1fbe842b60,1,1,0.0,0,VE,65,0.0,0,0
733,1BCB602971DB0798,1,2,0.0,0,US,64,0.0,0,0
734,E42DBC2D6AA74E6D,8,46,0.0335,4,MX,65,0.0,0,1
735,C78D93BB4AEC8D03,1,3,0.0,0,MA,65,0.0,0,0
736,95AAADAAC1EBBB5C,1,4,0.0035,3,RU,65,0.0,0,1
737,64CB7CA7F37BD63A,1,4,0.0,0,DZ,64,0.0,0,0
738,fedae4e9-978b-4c29-ac48-2e19bc8267f2,1,1,0.0,0,IQ,65,0.0,0,0
739,D4600048BDE5B120,2,8,0.0,0,MX,64,0.0,0,0
740,7eac63fa-abc2-4ea2-9bc3-7390c064841c,3,4,0.0,0,US,64,0.0,0,0
741,F5C701CADE029E59,5,36,0.013399999999999999,9,PH,65,0.0,0,1
742,D1419DB0ECA3A282,2,2,0.0,0,ID,64,0.0,0,0
743,BECA6A5ABB5703B0,5,41,0.015599999999999998,9,AG,64,0.0,0,1
744,FD853D0334DF7566,1,2,0.0,0,US,63,0.0,0,0
745,2db0e282-d43c-4b38-8036-fc21b19eb322,1,1,0.0,0,CO,65,0.0,0,0
746,2bd1cc99-08e6-4cb5-b4b5-ec56e722111c,2,24,0.002,3,CI,64,0.0,0,1
747,9A83D6AA285986F6,2,4,0.0,0,US,65,0.0,0,0
748,A5E88ED7BFB0F7A0,2,4,0.0,0,CA,63,0.0,0,0
749,C45C9979CDF8C016,1,3,0.0,0,US,64,0.0,0,0
750,CECC2D3384ECD6B7,3,10,0.0,0,SA,65,0.0,0,0
751,880A9D6919D8217D,3,9,0.0,0,TH,65,0.0,0,0
752,a66abac4-f13e-45fc-a6e0-0ab461965e15,1,1,0.0,0,US,63,0.0,0,0
753,E285C561BB87E141,1,1,0.0,0,CA,65,0.0,0,0
754,1A775BB6A55C70C1,1,4,0.0,0,MX,64,0.0,0,0
755,47D3C002EF184498,3,8,0.0,0,IT,64,0.0,0,0
756,C9352DA78A327144,1,16,0.0189,3,BR,65,0.0,0,1
757,598E10153B747712,3,28,0.004,8,PH,64,0.0,0,1
758,740C035839E6D837,1,2,0.0002,1,BD,64,0.0,0,1
759,62C95ECE80C25345,1,14,0.0004,4,DE,65,0.0,0,1
760,590A430B2210ACA8,3,5,0.0,0,VE,64,0.0,0,0
761,4d812763-4046-410b-88ac-2bc22ffc3709,1,1,0.0,0,DZ,65,0.0,0,0
762,53E5DD471B4F7090,9,72,0.0,0,CD,65,0.0,0,0
763,FD499F770AAFC93A,1,3,0.0,0,BD,63,0.0,0,0
764,2105aa7c-46bd-4453-a2df-91a4df59ea90,1,1,0.0,0,US,65,0.0,0,0
765,B55CA57977AADDD1,1,4,0.0,0,IQ,65,0.0,0,0
766,a1c0f71e-0ce6-4161-92aa-44fa67ee3ee4,2,3,0.0,0,BJ,64,0.0,0,0
767,7559CF6D3B99DB95,1,6,0.0008,1,MA,64,0.0,0,1
768,56CBCCB6657A22A4,1,31,0.0885,5,US,65,0.0,0,1
769,997C7393157C74F8,3,12,0.0,0,MX,63,0.0,0,0
770,CCED2E1D8CC6D698,5,15,0.0,0,IQ,63,0.0,0,0
771,18E2D6CDB5D58EAE,2,4,0.0,0,US,64,0.0,0,0
772,E4AD49124A617BA6,2,13,0.0,0,ID,63,0.0,0,0
773,9631E4B34E3BA73B,3,30,0.041100000000000005,9,US,65,0.0,0,1
774,2346850606EF3D,1,2,0.0,0,ID,65,0.0,0,0
775,987E20B5BD87311F,3,11,0.1361,4,US,63,0.0,0,1
776,f762fffa-e72d-4c33-8e76-b21dcfee2c71,1,4,0.0,0,LA,65,0.0,0,0
777,BA69DBAAA282DEC8,1,6,0.0,0,US,63,0.0,0,0
778,3FCA7D01210C839B,2,2,0.0,0,TH,65,0.0,0,0
779,953E3E56B475E1EC,1,5,0.0,0,AR,65,0.0,0,0
780,D8310F4E57B6D4DA,1,4,0.0,0,GB,65,0.0,0,0
781,fce246cf-4788-4d39-8c59-3bb03d1669f8,2,2,0.0,0,MA,65,0.0,0,0
782,eba6a1d1-3340-40f3-89c4-c205f43a2797,1,1,0.0,0,IQ,63,0.0,0,0
783,6514FE0FB031086,2,6,0.0,0,IN,63,0.0,0,0
784,BC2A2DCA3E0DCADD,1,2,0.0,0,CD,65,0.0,0,0
785,291340428E4E569A,2,54,0.05159999999999999,16,FR,65,0.0,0,1
786,CB047E9C6EA7879B,7,36,0.0,0,BD,65,0.0,0,0
787,BD6874583393FAB8,1,14,0.0,0,US,64,0.0,0,0
788,56A3BA5B4DC0BD93,1,7,0.0,0,CN,65,0.0,0,0
789,3045679D0BCFFE65,2,38,0.0204,12,MT,65,0.0,0,1
790,B3326848A292722E,3,34,0.04050000000000001,5,CA,65,0.0,0,1
791,F2F7133552A157AE,1,9,0.0097,2,CA,64,0.0,0,1
792,F24992C71D80CBBC,2,8,0.002,3,MY,65,0.0,0,1
793,C27A56F1C163BD4D,1,13,0.0008,1,PH,65,0.0,0,1
794,DBD9F54B2EC314A4,4,5,0.0,0,US,65,0.0,0,0
795,6BDC0A18B1F2505E,1,3,0.0,0,BR,65,0.0,0,0
796,729F68BA25397712,2,15,0.002,2,NG,63,0.0,0,1
797,32C9CC5E5990F94E,2,4,0.0,0,FJ,64,0.0,0,0
798,46d1e1ef-48fa-435a-a095-9ad8884860f1,1,1,0.0,0,UA,64,0.0,0,0
799,9A4BE5FC0625A019,1,6,0.0,0,IQ,63,0.0,0,0
800,3f3aee68-fbfd-4af3-84e1-e42a1c6812a8,2,2,0.0,0,US,63,0.0,0,0
801,FAEFB7F44F3A8C6D,1,2,0.0015,1,RU,63,0.0,0,1
802,4078C0A37D0B0ECB,3,28,0.0,0,MA,65,0.0,0,0
803,10E1D0F3D8717583,2,19,0.0037,2,ID,63,0.0,0,1
804,5214004866DA8AD7,1,3,0.0,0,US,65,0.0,0,0
805,3FF3B7BD8EDEFE44,4,44,0.6348000000000001,11,JP,65,0.0,0,1
806,FF588128E9C128C4,1,3,0.0,0,BR,65,0.0,0,0
807,5E347852C5D58E65,1,6,0.0058,2,BR,65,0.0,0,1
808,BE6878EC5EA46298,1,6,0.0,0,DZ,64,0.0,0,0
809,B1739AD41B472BB3,1,6,0.0279,1,US,63,0.0,0,1
810,58D8B492C45EA510,1,16,0.0335,6,QA,63,0.0,0,1
811,750DD084F83ACDCD,2,7,0.0,0,US,65,0.0,0,0
812,C3077586195736C,1,5,0.0,0,DZ,63,0.0,0,0
813,996A178E986B4C9B,1,1,0.0,0,GB,64,0.0,0,0
814,792FA3D3190362FD,1,4,0.0,0,SN,65,0.0,0,0
815,E794E61BC2944FFC,3,13,0.0,0,IQ,64,0.0,0,0
816,8457794DD9D5BF2E,1,1,0.0,0,US,63,0.0,0,0
817,1a40c7ae-4442-40df-8266-550d608ab052,1,1,0.0,0,MA,63,0.0,0,0
818,EE7397F0872F2A96,1,8,0.0,0,CN,65,0.0,0,0
819,327E4474175C223,1,10,0.0,0,GM,65,0.0,0,0
820,E887AE1968ABC232,1,4,0.0,0,VI,64,0.0,0,0
821,B1AC9EE5E48B6D2B,1,1,0.0,0,EG,63,0.0,0,0
822,5E6D043BF5102A3A,1,2,0.0,0,LB,64,0.0,0,0
823,D7D7C67D26438025,2,2,0.0,0,DZ,64,0.0,0,0
824,6051E8A84C05AA34,1,3,0.0,0,GB,64,0.0,0,0
825,F0E43FC5B0A83509,1,6,0.0,0,MA,64,0.0,0,0
826,43FEE7E2019A0542,1,3,0.0,0,DZ,65,0.0,0,0
827,4CF7C6A7081620C4,1,3,0.0,0,CA,63,0.0,0,0
828,680ea235-a286-43f0-9209-c392207342c9,2,2,0.0,0,UA,63,0.0,0,0
829,9bea487b-40af-4d24-acfc-22ba15d1c96c,1,1,0.0,0,DZ,64,0.0,0,0
830,39B81EE418022A56,2,19,0.0329,8,US,65,0.0,0,1
831,C0DD7E8A0C9BDF6E,11,39,0.002,1,EG,63,0.0,0,1
832,9E373FD34DC30591,1,4,0.0013,1,IQ,63,0.0,0,1
833,334CE1C60740E870,1,18,0.0387,4,US,63,0.0,0,1
834,D8B67914BF12A3F4,1,5,0.0,0,IT,63,0.0,0,0
835,A912023A6A4F2FF,1,10,0.0,0,PK,63,0.0,0,0
836,C28DAB4B97085373,1,5,0.0,0,IQ,63,0.0,0,0
837,A2AFD4AEF23C608F,1,6,0.0,0,MA,63,0.0,0,0
838,481B0A4FE7CB6541,1,4,0.0,0,BR,64,0.0,0,0
839,A57000087EB3A84F,1,3,0.031100000000000003,2,US,65,0.0,0,1
840,26611D9F74B3F652,1,2,0.0,0,MA,63,0.0,0,0
841,87DE730A441C88D3,1,2,0.0,0,DO,63,0.0,0,0
842,931aa0ef-2d32-4b73-8113-4b5c93f13643,1,1,0.0,0,DE,63,0.0,0,0
843,98e7a98b-9fce-4811-a3a5-a600a4663690,1,1,0.0,0,SN,65,0.0,0,0
844,A218042B59C435CA,1,1,0.0,0,SA,64,0.0,0,0
845,54602997-fe25-48d1-b3ff-37c961eecdaf,5,35,0.0,0,MA,63,0.0,0,0
846,D2427CC19A793785,2,8,0.0,0,US,64,0.0,0,0
847,E85DD1764AEACBBA,4,24,0.0293,6,US,65,0.0,0,1
848,AC4B418CF659EE9D,1,7,0.0025,1,MY,63,0.0,0,1
849,890AC824FDBA4FC0,1,17,0.18409999999999999,2,CA,63,0.0,0,1
850,55A8D11A31C2235D,3,11,0.0,0,US,64,0.0,0,0
851,65BE68EA79E7A169,3,25,0.0,0,SN,65,0.0,0,0
852,F0B76547DD637D61,2,2,0.0,0,US,64,0.0,0,0
853,3CEDECAC4A1E7399,3,35,0.0818,3,US,65,0.0,0,1
854,97B879AFEDB2E308,1,3,0.0,0,US,63,0.0,0,0
855,992499A78594B59A,1,3,0.0,0,US,64,0.0,0,0
856,886EB3DD0482ADA,3,39,0.0008000000000000001,6,IQ,65,0.0,0,1
857,4D1E974234C14510,2,4,0.0,0,GD,65,0.0,0,0
858,2571C7CA185160FD,1,1,0.0,0,US,63,0.0,0,0
859,A68C6E18D927547E,1,1,0.0,0,IN,64,0.0,0,0
860,4F4E50F7720F8BE1,1,1,0.0,0,FR,65,0.0,0,0
861,66D131E8416BF78F,1,18,0.0,0,LY,64,0.0,0,0
862,7C9C4EC295A92996,1,1,0.0,0,IN,65,0.0,0,0
863,4f84c426-3cd0-4a42-b98d-670df80ec22f,1,1,0.0,0,NG,64,0.0,0,0
864,AE330457FD650ACA,1,9,0.0041,1,DO,63,0.0,0,1
865,5308A1BC26784FDB,4,24,0.0,0,SE,65,0.0,0,0
866,1D2000C090B5D942,1,1,0.0,0,US,64,0.0,0,0
867,bfd3fae0-726e-4d2e-8e2a-1e860cc5622f,1,1,0.0,0,NL,65,0.0,0,0
868,5BD70E12C3436943,1,2,0.0,0,US,63,0.0,0,0
869,D7F603EA7DC7C590,1,5,0.0,0,US,65,0.0,0,0
870,464ED9C2364AC57C,1,3,0.0,0,JP,64,0.0,0,0
871,5f5022ff-0fad-4dd0-b609-e97cdfa8f26e,2,2,0.0,0,CL,64,0.0,0,0
872,C7AA3670F803BCC8,1,1,0.0,0,CL,63,0.0,0,0
873,94D2FF56464CE3ED,2,2,0.0,0,ID,64,0.0,0,0
874,6B5544EB24523916,1,14,0.0026,6,PK,64,0.0,0,1
875,AECDBD028D188316,2,3,0.0,0,SY,64,0.0,0,0
876,10CAB6D7DF033B9C,2,19,0.0049,7,CM,65,0.0,0,1
877,C1FA60D9161954B2,1,3,0.0,0,GB,64,0.0,0,0
878,621793ABC8317DA9,1,4,0.0,0,PH,65,0.0,0,0
879,B366C78F95CAF91D,1,4,0.0,0,US,63,0.0,0,0
880,EB2124C8DF9CA681,5,32,0.0,0,TN,64,0.0,0,0
881,d02a2886-f34e-49ed-82f7-d167b3398802,1,1,0.0,0,BD,63,0.0,0,0
882,1EB56FCB2A11910C,1,1,0.0,0,CA,64,0.0,0,0
883,5683644877B50F55,1,3,0.0,0,US,65,0.0,0,0
884,2D7306D3AF15C5C5,1,3,0.3831,1,CH,64,0.0,0,1
885,E6044056765C187A,1,5,0.0,0,DZ,63,0.0,0,0
886,53E522C69BD2851,1,3,0.0,0,US,65,0.0,0,0
887,99e2feb7-f2cc-4b3b-b040-1d8ccb6cac7b,1,23,0.0,0,AO,64,0.0,0,0
888,23B383F80F23E083,1,30,2.4370000000000003,4,US,65,0.0,0,1
889,E068DE601C545ABB,1,4,0.0,0,EG,63,0.0,0,0
890,4F82F4E64989357,1,4,0.0,0,MR,63,0.0,0,0
891,47937F2E1DB9536F,1,4,0.0,0,GB,63,0.0,0,0
892,C45D322E53E3240F,1,5,0.0,0,SA,65,0.0,0,0
893,08e2367f-2557-4ab6-8171-4a1326a039d9,3,23,0.0,0,DZ,64,0.0,0,0
894,7BAF67E97E850F74,1,4,0.0,0,LY,65,0.0,0,0
895,23C0EF153EC52154,2,5,0.0,0,US,64,0.0,0,0
896,19C0DA98F7A92C63,1,3,0.0,0,CA,64,0.0,0,0
897,7c88fff1-39aa-465f-9e69-35060c472749,3,3,0.0,0,CG,64,0.0,0,0
898,DD57051D82DF6D2F,1,17,0.0,0,IN,64,0.0,0,0
899,DA99E4BE2F282D7C,1,2,0.0,0,BA,64,0.0,0,0
900,8E3D40FCEBB7E72B,1,9,0.0,0,US,63,0.0,0,0
901,56AF3A7FC1A808A6,1,3,0.0,0,NI,64,0.0,0,0
902,bb24db0c-81ac-43e4-8596-0b2c31aaef14,2,11,0.0,0,DZ,64,0.0,0,0
903,DB9DE68B286F5B6C,1,4,0.0005,1,IN,65,0.0,0,1
904,395F6F9745DA86EA,1,6,0.1577,1,US,64,0.0,0,1
905,9D2912E2644CC647,1,2,0.0,0,UA,63,0.0,0,0
906,186754FF33A15EF7,1,7,0.0,0,US,64,0.0,0,0
907,349C67C865989E5F,3,9,0.0001,1,GY,63,0.0,0,1
908,46C20F0AA47B5706,2,10,0.0,0,MP,63,0.0,0,0
909,2E3B3DDD91400BE3,1,3,0.0,0,US,64,0.0,0,0
910,c8445ea8-1e53-4183-9bce-f6087f87a0bf,2,2,0.0,0,AR,65,0.0,0,0
911,2A3FF7A03DBCF0E1,3,13,0.0,0,NP,65,0.0,0,0
912,0c38a570-ff6d-4738-98bc-166167579582,1,1,0.0,0,MA,64,0.0,0,0
913,E0AD9C16E8238B6A,1,2,0.0,0,DZ,63,0.0,0,0
914,C63F9164C08F3B13,1,1,0.0,0,MX,65,0.0,0,0
915,29194FFF7BD41F50,1,27,0.0174,2,US,65,0.0,0,1
916,3F3A05382F5C31CE,2,18,0.0003,1,DZ,65,0.0,0,1
917,91FAEFA78263A86A,1,5,0.0,0,VE,63,0.0,0,0
918,805CF5557FE3B850,1,4,0.0,0,US,63,0.0,0,0
919,8758C21F5E05FEE,1,3,0.0,0,FR,63,0.0,0,0
920,546D4E4BD4EFEBF4,1,5,0.0,0,IQ,64,0.0,0,0
921,EB5AE3AB86C2B972,1,4,0.0,0,JM,65,0.0,0,0
922,1C2D3245B3796226,2,6,0.0,0,VE,65,0.0,0,0
923,8DFF3F6BF6F37B3C,1,4,0.0,0,ZA,64,0.0,0,0
924,2780F663FAD577A4,2,5,0.0034,4,JP,65,0.0,0,1
925,B8D855D81EC8AF5,1,4,0.0,0,US,65,0.0,0,0
926,B3651907C693373,1,3,0.0,0,US,65,0.0,0,0
927,9C147F8F4F5A74AC,1,1,0.0,0,FR,64,0.0,0,0
928,86DB441EF8114A54,2,31,0.0162,5,CO,65,0.0,0,1
929,E082D3612497B6B,1,9,0.0291,2,US,64,0.0,0,1
930,F09E4771ED66DE0A,1,8,0.027000000000000003,1,US,63,0.0,0,1
931,16B1B83E65CE3994,1,4,0.0,0,HN,63,0.0,0,0
932,B2CCC767C5FC756E,4,6,0.0,0,EG,64,0.0,0,0
933,D4FD7CAEE807101,1,6,0.0917,1,US,64,0.0,0,1
934,CCAAFA36466AF3EA,1,3,0.0,0,MA,65,0.0,0,0
935,48ae668e-d451-4e9b-b3fa-2a3e26f32c06,1,1,0.0,0,US,65,0.0,0,0
936,a3a5406f-7247-4fc1-ad0d-c6e375ed2601,2,2,0.0,0,US,64,0.0,0,0
937,F378D51BF41AE4A1,1,9,0.0049,1,GB,63,0.0,0,1
938,A55B60A1F09EB1B5,1,2,0.0,0,AT,65,0.0,0,0
939,EEAB804D37BF8974,1,3,0.0,0,US,65,0.0,0,0
940,79D8DCB964988756,1,1,0.0,0,US,64,0.0,0,0
941,70672E72A1C9BFD0,2,2,0.0,0,US,65,0.0,0,0
942,5011E6C56117BD51,1,2,0.0,0,GH,64,0.0,0,0
943,2ee26f05-2d75-4338-8923-63684c0595e8,1,1,0.0,0,DZ,64,0.0,0,0
944,4824667161002F2E,1,1,0.0,0,US,64,0.0,0,0
945,F2AE4483CABB6054,2,9,0.0,0,US,63,0.0,0,0
946,5A577C74F4677DAF,1,7,0.0,0,IN,65,0.0,0,0
947,C2F78A9CAA0CB36E,1,4,0.0,0,MX,63,0.0,0,0
948,6550E7A65DDDFE21,1,17,0.0875,4,US,64,0.0,0,1
949,41A134D9FEE2C5DF,4,37,0.013499999999999998,6,MX,64,0.0,0,1
950,F84182C50285D457,1,9,0.0189,3,PH,64,0.0,0,1
951,D4B29FD29A5DA95,2,4,0.0,0,GY,64,0.0,0,0
952,1BC541F84D2526B4,1,5,0.0021,1,GB,63,0.0,0,1
953,f9a82a6e-098b-4ed2-ae44-2a79d42239ef,1,1,0.0,0,NG,65,0.0,0,0
954,E6F88AEEE2248B52,1,6,0.0,0,IQ,63,0.0,0,0
955,3F75236DE52D26A8,1,5,0.0,0,DE,64,0.0,0,0
956,CA4585839A354EE,2,5,0.0,0,MY,64,0.0,0,0
957,536a22ed-e713-4fec-a085-ef51462ad0cf,2,2,0.0,0,CL,64,0.0,0,0
958,753D1CA18254FCC8,1,14,0.0,0,US,65,0.0,0,0
959,C47348D469140EFD,1,4,0.0,0,US,63,0.0,0,0
960,8EFFF9F82EAF4F11,1,2,0.0,0,US,64,0.0,0,0
961,9A938B87D85A8D68,1,2,0.0,0,CO,65,0.0,0,0
962,3F87D97B0E8EDE92,2,28,0.0359,7,US,64,0.0,0,1
963,E01F5F83D292EEA7,1,9,0.0,0,TN,65,0.0,0,0
964,DAEE380733D424D4,1,2,0.0,0,AU,63,0.0,0,0
965,64BF3838A376B93F,2,4,0.0,0,US,63,0.0,0,0
966,E27A19BCC2DB48E3,3,6,0.0014,1,SE,64,0.0,0,1
967,C04E81A4051ABDB,2,5,0.0,0,US,65,0.0,0,0
968,9E92B7DFE8D30108,2,3,0.0,0,CD,64,0.0,0,0
969,DDA422356060C3EC,1,1,0.0,0,PH,63,0.0,0,0
970,E507F564B3D37C19,3,13,0.08499999999999999,5,US,65,0.0,0,1
971,076a7569-4b60-41c8-b4aa-dd3bd5125686,1,1,0.0,0,LA,64,0.0,0,0
972,b14c4c60-1613-4013-b25b-a672b93ca2f9,1,1,0.0,0,LY,63,0.0,0,0
973,A6AED8AE379201A,1,19,1.3460999999999999,3,CA,65,0.0,0,1
974,7d0bd061-336b-4ff2-b4f9-af6db1781208,1,1,0.0,0,VE,63,0.0,0,0
975,AD53B48C33A50B8D,1,4,0.014700000000000001,3,US,64,0.0,0,1
976,F649BAE2CB923BF3,1,3,0.0,0,JP,65,0.0,0,0
977,3a317fe6-340f-4a55-833f-fc05f1bc401d,1,1,0.0,0,PT,63,0.0,0,0
978,81C0046D44777040,1,11,0.0012,1,DZ,64,0.0,0,1
979,48646CECCA226D42,1,8,0.0,0,CA,63,0.0,0,0
980,FD255F6F4A9E1927,1,15,0.0,0,EG,63,0.0,0,0
981,3C3DC7A5D8D356B2,1,8,0.024300000000000002,2,CA,64,0.0,0,1
982,73206a5b-95cf-4b1c-87b2-c49e5797bd71,1,1,0.0,0,BD,65,0.0,0,0
983,1AD1FA6BC44B7307,3,5,0.0177,1,US,65,0.0,0,1
984,d9fc1c4a-f75c-4a28-9c22-e4add4eadde3,1,1,0.0,0,BR,63,0.0,0,0
985,a34618e3-c747-4893-a528-2650e98454b8,2,2,0.0,0,VE,65,0.0,0,0
986,E7D19F73122D97DB,1,1,0.0,0,BR,63,0.0,0,0
987,4918A4FBB44BDE35,1,6,0.0,0,SA,63,0.0,0,0
988,5772A926DE09E583,2,18,0.0,0,UA,64,0.0,0,0
989,71785C7DF9748B5E,1,5,0.0,0,MA,63,0.0,0,0
990,D86AD8985E88E5DE,1,3,0.0,0,US,63,0.0,0,0
991,5832E215E4AAA6C8,1,6,0.0298,1,AU,63,0.0,0,1
992,E0AE81917DADC158,2,5,0.0,0,US,64,0.0,0,0
993,FAB91409A2F59E3B,1,4,0.0,0,US,64,0.0,0,0
994,AF32797DC93E89AF,1,4,0.0,0,BR,65,0.0,0,0
995,BFD9154176DAFC7A,1,1,0.0,0,US,63,0.0,0,0
996,94287928-55e6-4ab1-85bf-93bd6adbb1f1,1,1,0.0,0,EC,63,0.0,0,0
997,EE1A3B6A15188898,1,1,0.0,0,US,63,0.0,0,0
998,20D1E92E239BE20A,1,1,0.0,0,UA,64,0.0,0,0
999,12f29350-bc15-4035-9627-1724fd7fac1f,1,1,0.0,0,MX,63,0.0,0,0
1000,b24e7fef-ecd9-444f-a9a6-a0a2e65011a1,1,1,0.0,0,LY,65,0.0,0,0
1001,5C927053EDFE5977,2,42,0.0014,2,VE,64,0.0,0,1
1002,D9CF760D0C2C681D,1,30,0.0011,1,CI,64,0.0,0,1
1003,6375131DFDAF9081,1,3,0.0,0,GB,64,0.0,0,0
1004,47917410BCD941AE,1,7,0.0168,1,US,65,0.0,0,1
1005,808AAA122D27AC0,1,2,0.0,0,KW,63,0.0,0,0
1006,286C611D92B2DEC6,1,3,0.0,0,US,63,0.0,0,0
1007,BE3A47EB107CDF8A,2,15,0.003,2,PH,64,0.0,0,1
1008,407C264DF33B3B55,1,3,0.0,0,CA,65,0.0,0,0
1009,571D604A3E5122CD,1,7,0.0,0,CG,64,0.0,0,0
1010,2E264FE45766536B,1,1,0.0,0,US,65,0.0,0,0
1011,bce88c9b-5330-4821-8b28-8cc13e87fcd9,1,1,0.0,0,VE,64,0.0,0,0
1012,D9B628E2D79E9CAD,1,24,0.493,4,US,65,0.0,0,1
1013,cfc2f96f-7a29-4d7a-abeb-91842e93633c,1,1,0.0,0,UA,65,0.0,0,0
1014,633D05045F013CF5,4,23,0.046299999999999994,2,GB,64,0.0,0,1
1015,B390F881E3A54815,3,32,0.0,0,VE,65,0.0,0,0
1016,FBA03530AB1D0CDE,1,4,0.0007,1,IT,63,0.0,0,1
1017,D19811998EC1833,1,2,0.0,0,IN,63,0.0,0,0
1018,636FADDCC3305DB1,1,4,0.0,0,IN,65,0.0,0,0
1019,1BDFA082DC57BE63,1,1,0.0,0,US,64,0.0,0,0
1020,58E6C8455796D63,1,4,0.0,0,NL,65,0.0,0,0
1021,D46F31921D8AC6E8,3,9,0.0293,1,CA,63,0.0,0,1
1022,BC28A248467C059D,2,10,0.3687,2,US,65,0.0,0,1
1023,664EFABA71FD9C2E,1,4,0.0,0,US,63,0.0,0,0
1024,6AF956CE5E7A3849,1,10,0.0,0,DO,63,0.0,0,0
1025,505F177981374D61,2,5,0.0264,1,US,63,0.0,0,1
1026,BBD65ACD43EF6054,1,3,0.0,0,JM,64,0.0,0,0
1027,f4084026-9e56-462a-83eb-cf1117d2ef62,1,1,0.0,0,LA,64,0.0,0,0
1028,5edac3e7-0b5d-4a68-bb98-ad4cc7d90e68,1,2,0.0,0,MA,63,0.0,0,0
1029,861775A51466363C,2,11,0.0,0,US,64,0.0,0,0
1030,55E81ABE4925548C,5,13,0.0,0,DZ,64,0.0,0,0
1031,789EDDAD882D4B58,2,13,0.0,0,VE,65,0.0,0,0
1032,5DE1245DAC9C1E88,1,1,0.0,0,NG,64,0.0,0,0
1033,83A7934EA0FA77E0,1,8,0.0,0,MX,64,0.0,0,0
1034,BE6B833ABE21A1D8,1,7,0.0,0,NG,64,0.0,0,0
1035,9536957BB783DD8A,7,25,0.1873,16,US,64,0.0,0,1
1036,9e4e7b98-2511-4554-a1d6-11ff9ed7c3a1,1,1,0.0,0,EC,63,0.0,0,0
1037,D15BB15EE2F70E3F,1,2,0.0,0,GB,64,0.0,0,0
1038,776E82F8BEB15CE3,2,9,0.0,0,MX,64,0.0,0,0
1039,FDEBB21BDF50827E,1,7,0.0,0,PH,63,0.0,0,0
1040,EB91A20E118D2615,1,4,0.0033,1,US,65,0.0,0,1
1041,84114DEC6EBA5368,1,2,0.0,0,EG,63,0.0,0,0
1042,808BCAF0CBC7510F,2,4,0.0,0,US,64,0.0,0,0
1043,7356cccf-b945-4634-82b9-f64edd63e699,1,1,0.0,0,IN,63,0.0,0,0
1044,4E4AADDBE18F2D51,1,3,0.0,0,US,64,0.0,0,0
1045,56E13984BEC18985,1,7,0.1318,2,US,65,0.0,0,1
1046,142924D835A14B46,1,10,0.0037,1,CO,65,0.0,0,1
1047,EFD5369CB3939A50,2,5,0.0,0,IE,65,0.0,0,0
1048,1CE85F0071D77A0C,1,10,0.0,0,VE,63,0.0,0,0
1049,157CB6EF961507CB,1,3,0.0,0,DE,63,0.0,0,0
1050,69AD02E91C8E2E57,1,4,0.0,0,HT,64,0.0,0,0
1051,13B2F5219374E591,1,2,0.0,0,NZ,63,0.0,0,0
1052,71CAC4C635CFD821,1,6,0.0,0,CA,65,0.0,0,0
1053,6D0E07E4EDCCB3C5,1,3,0.0,0,VE,65,0.0,0,0
1054,5BBA9CA627A7053A,1,3,0.0,0,AU,64,0.0,0,0
1055,403C5772C99E0BA1,1,1,0.0,0,EC,64,0.0,0,0
1056,7f893932-40f8-49c6-a50f-308169907f97,1,1,0.0,0,MA,63,0.0,0,0
1057,A059A806050DD691,2,16,0.0494,3,US,64,0.0,0,1
1058,E42C7FFDFED042A0,1,6,0.0,0,IN,63,0.0,0,0
1059,2DEEDE5B7253DBB8,1,14,0.052500000000000005,4,GB,64,0.0,0,1
1060,E828EF48DC6511B5,3,17,0.0,0,TN,65,0.0,0,0
1061,f740f8b5-a080-49b3-b49e-06555f3d334d,1,1,0.0,0,ZA,63,0.0,0,0
1062,3caec74f-a4c3-4a5a-a144-c55c44829ebd,1,4,0.0,0,DZ,64,0.0,0,0
1063,1973E2DE994CED7D,1,10,0.0,0,DZ,64,0.0,0,0
1064,6C035105C59BF9FB,1,2,0.0,0,CO,63,0.0,0,0
1065,B0FF21FC6D197769,1,2,0.0,0,TN,63,0.0,0,0
1066,AB0727632CA55250,2,5,0.0,0,ES,65,0.0,0,0
1067,ED7D8C734FBBD411,1,4,0.0124,1,US,64,0.0,0,1
1068,E1B2E5AFC74D57EF,1,4,0.0,0,GB,63,0.0,0,0
1069,5CEC51C379BFD0F,1,4,0.0,0,MX,64,0.0,0,0
1070,7866A123744FAC16,1,3,0.0,0,AU,63,0.0,0,0
1071,B906612063BD50B9,1,3,0.0,0,DZ,64,0.0,0,0
1072,6FABBBCE79B89DEA,1,5,0.0006,1,VE,65,0.0,0,1
1073,1D3B158C48DED9E0,1,5,0.0,0,GH,63,0.0,0,0
1074,BD1DC4A475C4D21C,1,1,0.0,0,US,63,0.0,0,0
1075,5AD74FD010F8DACB,1,21,0.0,0,IQ,64,0.0,0,0
1076,3BB6733EF235BD0A,1,14,0.0,0,SV,64,0.0,0,0
1077,6E568045B00C558F,2,18,0.012899999999999998,15,RU,64,0.0,0,1
1078,2AFF875CE9AE4B5F,1,6,0.0,0,CA,65,0.0,0,0
1079,323B3BB8587395A1,1,4,0.0,0,US,63,0.0,0,0
1080,49DD8CFA3C667A9D,1,18,0.0682,7,US,63,0.0,0,1
1081,974f1dc8-5a63-4cc9-9de9-29866812c29d,1,1,0.0,0,US,63,0.0,0,0
1082,E1989673CF5C704E,1,12,0.0021,1,MX,63,0.0,0,1
1083,E9B88523983315CA,2,33,0.0071,10,DE,64,0.0,0,1
1084,25C3F61407793EC1,1,6,0.0037,5,PK,63,0.0,0,1
1085,6145C34182F924DC,1,1,0.0,0,MX,63,0.0,0,0
1086,5a5fd5f6-8381-48bd-91a7-663a1eb285bf,2,2,0.0,0,PE,64,0.0,0,0
1087,f705f093-09fd-4a37-a04b-c2965d4ac2ed,1,1,0.0,0,DZ,63,0.0,0,0
1088,F59C1096DE091F34,5,15,0.0,0,PH,65,0.0,0,0
1089,809CBB73C0CC7D03,1,4,0.0,0,EG,63,0.0,0,0
1090,83635D2EE4797D0D,2,6,0.0003,1,US,65,0.0,0,1
1091,7FA8EC2B825173DD,2,4,0.0,0,MY,63,0.0,0,0
1092,FD092541856C36EE,2,16,0.0233,5,ZA,64,0.0,0,1
1093,117be160-9d47-4298-8da0-c9e8f06fe64e,2,2,0.0,0,MA,65,0.0,0,0
1094,D8CD0242DA98136A,1,3,0.0,0,MZ,65,0.0,0,0
1095,DA0807925724F6F8,2,12,0.0,0,AZ,65,0.0,0,0
1096,2E97456FC04F7824,2,38,0.0713,8,DE,63,0.0,0,1
1097,56C9F74CB9B8730,1,4,0.0,0,LA,64,0.0,0,0
1098,842467DFFB2714F,1,2,0.0,0,RO,65,0.0,0,0
1099,A7FDA82149119A59,2,9,0.0,0,US,65,0.0,0,0
1100,62cfe313-2568-4f89-a6fd-b6813fd55bc9,1,1,0.0,0,US,64,0.0,0,0
1101,94052ac7-400d-4dc7-a17f-ec52b596ada9,1,1,0.0,0,IN,63,0.0,0,0
1102,9257EB5FA4AD4500,4,12,0.0,0,DZ,65,0.0,0,0
1103,51F7008C423C71DA,5,14,0.0,0,IN,65,0.0,0,0
1104,F50B21363E254F6E,1,8,0.0,0,PK,64,0.0,0,0
1105,239853e5-2ea9-43c1-a192-25205f00f844,1,1,0.0,0,MZ,65,0.0,0,0
1106,FC257F1FFA6154D4,1,2,0.0,0,US,64,0.0,0,0
1107,8A0B303C3B16C331,2,22,0.0458,6,BE,64,0.0,0,1
1108,4F9B39B0F67BE372,1,4,0.0,0,BJ,64,0.0,0,0
1109,7F0C0AB7835A1390,1,2,0.0,0,MU,65,0.0,0,0
1110,2812ae83-250a-451b-83be-e07891dc13a9,1,1,0.0,0,HT,64,0.0,0,0
1111,496CA4EE19514DB9,1,2,0.0,0,AZ,63,0.0,0,0
1112,114ff180-7e22-4347-836a-f05ed7209c0f,1,1,0.0,0,DZ,64,0.0,0,0
1113,4E959F711C773C04,1,1,0.0,0,US,64,0.0,0,0
1114,C752FB6A56CBF188,1,19,0.018500000000000003,16,ID,64,0.0,0,1
1115,5E912809642D20E,1,23,0.45549999999999996,4,GB,64,0.0,0,1
1116,2BAFCB1B19DF0C79,1,5,0.0,0,US,65,0.0,0,0
1117,9E75E852C4BF20F6,2,4,0.0,0,PE,63,0.0,0,0
1118,6D737B5D21522E53,1,7,0.003,2,EG,64,0.0,0,1
1119,4BD34E9525925F4,1,11,0.0561,2,GB,64,0.0,0,1
1120,A0356973FA6E1ECE,1,9,0.0,0,JP,64,0.0,0,0
1121,3BE4C0647F30AE55,1,14,0.0,0,DZ,63,0.0,0,0
1122,C2703C01D4ABE7AD,1,4,0.0,0,MA,64,0.0,0,0
1123,2b7ecc5e-d6af-4d63-b0f0-248dbdeec68b,1,1,0.0,0,DZ,65,0.0,0,0
1124,A2A9DAA94DC24051,1,8,0.0,0,GB,65,0.0,0,0
1125,b545ae63-0507-4822-bd4a-8d0f65c98721,1,1,0.0,0,BR,65,0.0,0,0
1126,2646670c-fa7e-4cdf-9202-0146f81d87ab,1,1,0.0,0,CA,63,0.0,0,0
1127,14F5764BF46D564,1,2,0.0,0,IT,64,0.0,0,0
1128,FB9C97306E62FBAE,1,1,0.0,0,IN,65,0.0,0,0
1129,180049fe-f71f-4674-a445-0b5d435cd064,16,88,0.0015,1,MX,65,0.0,0,1
1130,947F13C16BF1F942,2,18,0.1049,2,GB,63,0.0,0,1
1131,8682FF13A36DA507,1,2,0.0,0,US,63,0.0,0,0
1132,4F81ECA7CF3D006,1,3,0.0,0,US,64,0.0,0,0
1133,C9B8947FDB075CC6,1,11,0.0,0,IN,64,0.0,0,0
1134,50C852201E21A35A,2,3,0.0,0,US,64,0.0,0,0
1135,83948C919F74A400,1,5,0.0,0,US,64,0.0,0,0
1136,4D6F774913FFFEA6,1,3,0.0,0,AU,64,0.0,0,0
1137,3153588BF9AE1BAD,2,4,0.0,0,US,65,0.0,0,0
1138,7EFD1DC875B4F76F,1,4,0.004,1,BR,65,0.0,0,1
1139,FF72B632A27A9238,1,12,1.9781,3,US,64,0.0,0,1
1140,AB6FCEC6FF1E7045,1,3,0.0,0,US,64,0.0,0,0
1141,E4C86A72A633E5CC,2,8,0.0053,2,MY,63,0.0,0,1
1142,C9DA01154E21234A,1,9,0.0,0,BR,65,0.0,0,0
1143,F1628389AA0760DA,1,1,0.0,0,PR,65,0.0,0,0
1144,32aab67e-cd75-41b7-b8c7-e26da4b62f74,1,1,0.0,0,PH,64,0.0,0,0
1145,1354E585E411DA84,1,3,0.0,0,AZ,65,0.0,0,0
1146,C0C5CFF68D10E15,1,3,0.0,0,CA,65,0.0,0,0
1147,22b1e87a-0fc4-4234-a01f-308843b6bb10,1,1,0.0,0,AR,63,0.0,0,0
1148,C4A7319BDAE0BE75,1,1,0.0,0,US,65,0.0,0,0
1149,caca2da0-1937-49c1-95a0-e59fcde76de5,2,2,0.0,0,TN,64,0.0,0,0
1150,F82ED9A41900A1B9,1,5,0.0,0,US,64,0.0,0,0
1151,DF5526EB9E5D6ED1,1,11,0.0017000000000000001,3,PH,65,0.0,0,1
1152,784993386E42425C,1,5,0.0,0,VE,65,0.0,0,0
1153,45A4BF05DA5BF3EE,2,4,0.0,0,US,65,0.0,0,0
1154,A6EF1786BE171BA3,1,5,0.0004,1,IQ,65,0.0,0,1
1155,F2C8235032B3C6F4,1,1,0.0,0,CL,65,0.0,0,0
1156,A68E2EEE217273ED,1,1,0.0,0,RS,63,0.0,0,0
1157,CFCF8718BEEB1D54,4,30,0.0021999999999999997,2,KN,65,0.0,0,1
1158,A38E9A799B10697F,1,6,0.0,0,US,63,0.0,0,0
1159,DB32CC9ACDF139A0,1,5,0.0,0,RS,63,0.0,0,0
1160,8a9a0a22-c9cb-4a9e-a50e-75d09f7b29fb,1,1,0.0,0,AO,64,0.0,0,0
1161,8cdfad77-7b49-4a26-8a27-138e927bf44f,1,1,0.0,0,VN,64,0.0,0,0
1162,CF7A496CD0483559,1,3,0.0,0,PT,64,0.0,0,0
1163,DE0F9110930D69C2,1,4,0.0,0,SA,65,0.0,0,0
1164,443e52b9-e02a-4a4b-a7fb-89d1ec0435d3,2,5,0.0,0,PK,63,0.0,0,0
1165,D1B96B86AAD4EB7E,1,5,0.0,0,SA,65,0.0,0,0
1166,7C784AF05ADEEB79,1,3,0.0,0,HT,64,0.0,0,0
1167,FD720DCC3B938D75,1,2,0.0,0,RU,64,0.0,0,0
1168,89faf3b2-35ae-4f32-92b0-6659686d135c,2,2,0.0,0,US,65,0.0,0,0
1169,2D61F121E1AA2C6B,1,18,0.032,2,BR,65,0.0,0,1
1170,7682B2DF7A62661A,1,13,0.0045000000000000005,2,MY,65,0.0,0,1
1171,1173F264209260FF,1,8,0.0212,2,US,63,0.0,0,1
1172,B3AAB43040979D59,1,20,4.0455,6,US,63,0.0,0,1
1173,9227D55EAE46536F,1,31,0.0085,1,CO,63,0.0,0,1
1174,E0481F44EFFBE56,2,21,0.0,0,CY,63,0.0,0,0
1175,5a761452-d965-4fdc-bfa1-0f7d909d1f7a,2,16,0.0,0,DZ,65,0.0,0,0
1176,8042d50b-8acc-4af9-8e63-e156c5ec0b30,1,1,0.0,0,US,63,0.0,0,0
1177,D4AB296CA9CB752A,1,7,0.0186,1,BE,63,0.0,0,1
1178,9F1F58BEDA7C365D,1,14,0.0,0,MA,64,0.0,0,0
1179,3439002C3C056215,2,4,0.0,0,QA,64,0.0,0,0
1180,2663AB4A3D8D0546,1,5,0.0,0,US,63,0.0,0,0
1181,61BA7F7EDBF18ACB,2,13,0.0,0,EG,65,0.0,0,0
1182,DA0F781D70366239,1,7,0.0,0,US,65,0.0,0,0
1183,24116460F0A9DAB6,5,43,0.4145,16,US,63,0.0,0,1
1184,C96F764FF1F0775B,2,71,1.4102,21,US,64,0.0,0,1
1185,FA1F336B40A40C8E,1,5,0.0,0,VE,63,0.0,0,0
1186,A49BA043C103852F,1,1,0.0,0,US,65,0.0,0,0
1187,382B410796532D6,1,1,0.0,0,DE,65,0.0,0,0
1188,FB630CAECB548498,1,1,0.0,0,NI,65,0.0,0,0
1189,5C004C78F68DB562,1,6,0.0006000000000000001,4,ID,64,0.0,0,1
1190,C0916C82DD687D03,1,6,0.0,0,NZ,65,0.0,0,0
1191,BC0171D3D75D1B2A,1,2,0.0,0,PH,63,0.0,0,0
1192,B8AD3B703A040637,2,33,0.003,2,CI,65,0.0,0,1
1193,3AEC30C654CB75C4,1,32,0.1874,1,US,65,0.0,0,1
1194,ACA38649EB588576,3,11,0.0,0,DZ,65,0.0,0,0
1195,4D52B08955450709,3,14,0.0,0,US,64,0.0,0,0
1196,695085955F50D95C,6,6,0.0,0,NG,64,0.0,0,0
1197,57F6362A374C1CF8,1,5,0.0,0,CO,65,0.0,0,0
1198,c86b2a0d-7ce8-448e-a8e0-2a72e4a13c62,1,1,0.0,0,CI,63,0.0,0,0
1199,136271787E031A30,2,6,0.0047,4,CO,65,0.0,0,1
1200,2AE11F8451C8105,3,16,0.0068,5,MY,65,0.0,0,1
1201,9BE8C121073596A,1,22,0.36629999999999996,3,US,63,0.0,0,1
1202,D30CB500466A30CB,1,34,3.4511000000000003,10,US,64,0.0,0,1
1203,CB65AB9625DFE353,2,11,0.963,1,US,63,0.0,0,1
1204,88A84D10012D6E1C,1,26,0.011600000000000001,4,MX,64,0.0,0,1
1205,DBE629B4A54D68BC,1,4,0.0,0,IQ,65,0.0,0,0
1206,BD55AE05C7E2415E,1,3,0.0,0,RU,65,0.0,0,0
1207,41C84BCEEFEE948B,1,7,0.0,0,LA,65,0.0,0,0
1208,57a3cb90-dffc-420f-ba5a-5fa7e6236832,2,2,0.0,0,US,65,0.0,0,0
1209,cbff99fe-8a7e-47b2-b7b0-9231dff7a247,1,1,0.0,0,AU,64,0.0,0,0
1210,7846608f-0cc0-478b-a5e6-e450fc0e1854,1,1,0.0,0,TN,64,0.0,0,0
1211,8FE80E194AB6A919,1,2,0.0,0,CO,63,0.0,0,0
1212,1816349D9AA2EA2F,1,1,0.0,0,CA,64,0.0,0,0
1213,CEB5A002512CB546,1,3,0.0,0,JP,65,0.0,0,0
1214,B208E0228AC2D71F,1,3,0.0,0,DZ,65,0.0,0,0
1215,6BBB499BB4DDEBB6,1,2,0.0,0,CA,65,0.0,0,0
1216,E2074740B8C86400,8,59,0.0,0,AO,64,0.0,0,0
1217,E5D7DD1D48958126,1,3,0.0,0,AU,64,0.0,0,0
1218,F108624CBB00A46C,4,40,0.050199999999999995,10,MX,65,0.0,0,1
1219,C64FA5C97CCEAA4D,2,10,0.0,0,DZ,63,0.0,0,0
1220,2AE3DB2E050F0191,3,18,69.98,2,US,65,0.0,0,1
1221,8DE9EA6DCFE000E7,1,4,0.0,0,BR,63,0.0,0,0
1222,dae452df-409e-4f85-94c0-5079e6749493,1,1,0.0,0,PK,63,0.0,0,0
1223,24d74026-2cf6-4eca-b7fa-3137b0ae5094,1,1,0.0,0,DE,63,0.0,0,0
1224,D3EB275D1F6D354F,1,3,0.0,0,LY,65,0.0,0,0
1225,D924EDFD3C18CAAA,1,3,0.0,0,NG,64,0.0,0,0
1226,5D10DC50F572D6EC,1,1,0.0,0,MX,63,0.0,0,0
1227,3106D27647822FAE,1,1,0.0,0,CA,64,0.0,0,0
1228,214EC99535218D31,1,1,0.0,0,VE,65,0.0,0,0
1229,88f37f1e-440b-4b2c-bf2e-e378a2147a41,1,1,0.0,0,YE,63,0.0,0,0
1230,ae0264b0-18a3-400e-873d-d3bfc646fea6,1,1,0.0,0,CL,63,0.0,0,0
1231,0cfd0572-08a3-4b15-a996-439e83c98f71,1,1,0.0,0,SA,63,0.0,0,0
1232,D34FCAD0E3F9E36,2,15,0.1325,4,CA,65,0.0,0,1
1233,FF5E4B5906E7EB92,1,5,0.0,0,DZ,63,0.0,0,0
1234,20B93627BC44C93F,1,7,0.0,0,NI,63,0.0,0,0
1235,BC8DD1F1014ECCC4,1,14,0.0003,1,DZ,65,0.0,0,1
1236,326BE6B2F9D86508,2,10,0.0,0,DZ,64,0.0,0,0
1237,3BFD83896544C5DF,1,1,0.0,0,BR,63,0.0,0,0
1238,504EEFE23703F2B8,1,4,0.0,0,DE,65,0.0,0,0
1239,3B4C517F432A8EA0,3,9,0.0,0,AU,64,0.0,0,0
1240,58BD3CC5DF1B5C58,1,4,0.0,0,NP,63,0.0,0,0
1241,29EB020F577D6E62,1,4,0.0,0,IN,65,0.0,0,0
1242,32F02631FEB46055,1,1,0.0,0,US,63,0.0,0,0
1243,31C4AD0F2129A7DB,1,3,0.0,0,IN,65,0.0,0,0
1244,ac2c5251-8408-4b8f-a574-0555435e2a2e,1,1,0.0,0,CA,64,0.0,0,0
1245,C131979F1A640DE5,5,26,0.0167,5,PH,65,0.0,0,1
1246,BBAE4815BCCAE14E,5,19,0.003999999999999999,6,CO,65,0.0,0,1
1247,068c136a-0731-44e7-80d7-029a37370c61,4,25,0.0,0,LY,63,0.0,0,0
1248,B1970A30EC5805FC,2,32,0.0,0,DZ,63,0.0,0,0
1249,797759c6-6ffe-4899-bafd-1e071c43afcc,1,6,0.0,0,SA,63,0.0,0,0
1250,DD2CCA7FCD559326,1,4,0.0,0,EG,63,0.0,0,0
1251,E5961E114888B1D7,2,23,0.006600000000000001,5,AZ,65,0.0,0,1
1252,2F069F88C25C9360,1,4,0.0,0,IN,65,0.0,0,0
1253,A531C2258F39F98C,1,4,0.0,0,BR,65,0.0,0,0
1254,ADBFEDDC303CCBC3,2,3,0.0,0,DZ,64,0.0,0,0
1255,8C4E653CA17B2043,1,6,0.0,0,GB,63,0.0,0,0
1256,8F63430261CC5FC8,1,3,0.0,0,GB,64,0.0,0,0
1257,5BB6751F65D9D1D0,1,1,0.0,0,BR,63,0.0,0,0
1258,1DA974C6FEA06329,1,1,0.0,0,US,65,0.0,0,0
1259,5745B42F36BA74BA,1,2,0.0,0,US,65,0.0,0,0
1260,10A943E80C068CB4,1,1,0.0,0,CU,63,0.0,0,0
1261,186A9003514604F0,3,41,0.0021999999999999997,4,DZ,64,0.0,0,1
1262,178FDE200D6A0052,1,2,0.0,0,VE,63,0.0,0,0
1263,BE0B551EC4310470,4,49,0.0431,15,MX,65,0.0,0,1
1264,41A339CD949684B5,1,8,0.0,0,DE,64,0.0,0,0
1265,DB8B5C50DCFB1384,3,7,0.0,0,NZ,63,0.0,0,0
1266,EB987B08C747BA17,1,3,0.0,0,DZ,65,0.0,0,0
1267,B5C21871C61C600C,1,3,0.001,1,ID,64,0.0,0,1
1268,9b53c188-7510-42a8-8f77-14810f54d96c,1,1,0.0,0,VE,63,0.0,0,0
1269,95946dee-c9cd-42c4-a562-347078ca9ea6,1,1,0.0,0,BF,65,0.0,0,0
1270,DFB148D94C3DBB38,1,5,0.0183,1,US,63,0.0,0,1
1271,E2B2BBDF8965F68C,1,1,0.0,0,US,64,0.0,0,0
1272,baa8c22c-aa15-4ed7-8722-509652c1bea1,1,1,0.0,0,DZ,64,0.0,0,0
1273,7A1D99D21EB73F87,1,1,0.0,0,GH,65,0.0,0,0
1274,97A6591BB1EB668B,1,29,0.034999999999999996,10,AU,64,0.0,0,1
1275,4e0c6055-c92b-4be2-9120-bf97e903901a,2,11,0.0,0,DZ,63,0.0,0,0
1276,5C435D4288DCF470,1,12,0.0186,1,CA,64,0.0,0,1
1277,5B8660D4F667B8C9,1,24,12.8006,1,GB,64,0.0,0,1
1278,A5C4997B8498C624,3,34,0.11290000000000003,10,US,65,0.0,0,1
1279,BA1E73EFA43F0A64,1,4,0.0,0,EC,63,0.0,0,0
1280,815285A2D5FA9B25,1,4,0.0,0,AU,65,0.0,0,0
1281,91DB69C4B214E4B1,1,4,0.0,0,VE,65,0.0,0,0
1282,E9D3BE47B0540496,2,6,0.0,0,US,65,0.0,0,0
1283,8201AE9BF54FEFF9,1,1,0.0,0,GB,64,0.0,0,0
1284,99CF43A6CBBFD35C,1,1,0.0,0,CO,64,0.0,0,0
1285,F6943D60DB10BD94,1,1,0.0,0,US,64,0.0,0,0
1286,EB8CA8A62651FC32,1,4,0.0,0,BR,63,0.0,0,0
1287,CA76822CA9291A5C,1,12,0.0013,4,DZ,63,0.0,0,1
1288,9B1202F2A7CE73AD,1,3,0.0,0,CI,65,0.0,0,0
1289,e8c64678-4ec4-4955-ae7e-c7354451dc95,1,1,0.0,0,IN,64,0.0,0,0
1290,5E6FDDD196F2D9AE,2,7,0.0,0,US,65,0.0,0,0
1291,FCB1E86E5ABF89FA,1,3,0.0,0,KE,64,0.0,0,0
1292,0dff01c8-e5de-46ec-bc32-81c966ff1e9c,3,4,0.0,0,LY,64,0.0,0,0
1293,725bd6c5-230d-456c-baa5-72fa7fce94ee,1,1,0.0,0,CG,63,0.0,0,0
1294,6196d507-d33a-422b-b0fb-f6c03922e4cd,1,1,0.0,0,LY,64,0.0,0,0
1295,44A3312EECF1B9AF,1,4,0.0,0,VE,63,0.0,0,0
1296,973285465DAB64BC,1,22,0.0,0,IQ,63,0.0,0,0
1297,fd89bbd1-e19d-4e2a-a003-951c59edf356,2,18,0.0,0,SA,65,0.0,0,0
1298,41A666D2BE308E25,1,11,0.0,0,DZ,64,0.0,0,0
1299,14C140EFB8F6DFBB,2,7,0.0,0,US,65,0.0,0,0
1300,1BD33F9B3CB40B5,1,7,0.0,0,FR,64,0.0,0,0
1301,164D27BAFACCF92F,3,15,0.0031,12,JP,64,0.0,0,1
1302,B8B5F41764281045,1,2,0.0,0,US,65,0.0,0,0
1303,4A89E790CEEA90CA,1,1,0.0,0,US,63,0.0,0,0
1304,42fc968b-243f-4411-aff6-c4f29fa48cb0,2,2,0.0,0,CO,64,0.0,0,0
1305,C388AA96E8185948,3,12,0.0133,2,BE,65,0.0,0,1
1306,B9152F4AC90FA4CE,1,28,0.0121,2,US,63,0.0,0,1
1307,17F06154FAA5947E,1,4,0.0,0,FJ,64,0.0,0,0
1308,7EC42B0627403049,2,25,0.0053,1,CI,63,0.0,0,1
1309,84B6B9B0AA021642,1,5,0.0,0,BR,64,0.0,0,0
1310,77A7A70F411AC19E,1,5,0.0,0,IQ,63,0.0,0,0
1311,BED3BBDE282B9B99,1,2,0.0,0,BR,63,0.0,0,0
1312,92BCD98535CAC56A,1,72,0.0786,26,MY,64,0.0,0,1
1313,9E1D70CE4B8B3C20,1,34,0.052399999999999995,9,NZ,65,0.0,0,1
1314,25729E74730BA9F1,1,13,0.0039000000000000003,3,AR,64,0.0,0,1
1315,9A3146D7DF63EAAE,3,17,0.0194,4,MY,64,0.0,0,1
1316,4DAD4AB6601908B7,1,8,0.0,0,CA,64,0.0,0,0
1317,6EA37243C7E0E6F5,1,2,0.0,0,US,63,0.0,0,0
1318,B293939B9117BD97,1,3,0.0,0,US,65,0.0,0,0
1319,B0C338F22B9E8E8D,1,1,0.0,0,US,65,0.0,0,0
1320,57F0F4B40C3AAE1B,1,3,0.0,0,CI,63,0.0,0,0
1321,24F3D76ABD01A8C5,1,3,0.0,0,US,65,0.0,0,0
1322,F3DE0068EC8C5C0E,1,4,0.0,0,US,63,0.0,0,0
1323,62ba1fe0-be9d-4872-a28e-7b2c2de0ad15,1,1,0.0,0,BF,63,0.0,0,0
1324,D9EC7EFC74662021,5,7,0.0,0,EG,63,0.0,0,0
1325,5840EDC29AC1A7FB,2,3,0.0,0,ID,63,0.0,0,0
1326,95C561295B79743C,1,3,0.0,0,YE,63,0.0,0,0
1327,6A1CC864EA0056C9,1,18,0.019700000000000002,3,NL,63,0.0,0,1
1328,482b3851-32ea-4036-a784-1cb0bbd2ea3a,3,53,0.0,0,DZ,63,0.0,0,0
1329,93F703B8EF5DEDD8,5,33,0.026500000000000003,13,DE,65,0.0,0,1
1330,C18B39933B4D6F08,1,3,0.0,0,FI,65,0.0,0,0
1331,DD22F1279094FFE9,1,7,0.0758,1,US,63,0.0,0,1
1332,D8A713363A549899,1,7,0.0036,2,US,64,0.0,0,1
1333,c29ec361-51a1-4190-a008-deee7614d6c5,1,1,0.0,0,CO,64,0.0,0,0
1334,1D41A42453D6334D,1,3,0.0,0,US,65,0.0,0,0
1335,ACC2E378811E6036,1,4,0.0,0,US,65,0.0,0,0
1336,bb49a408-31e5-45aa-93c7-2f08236fa062,2,2,0.0,0,US,64,0.0,0,0
1337,e2899717-ccba-4ead-aa47-5b260c8e3aa7,1,5,0.0,0,LY,63,0.0,0,0
1338,a5b5010a-ac5e-4969-bf16-218e2e6aa00a,1,1,0.0,0,IQ,64,0.0,0,0
1339,81DABAD4B376E963,1,4,0.0,0,LY,64,0.0,0,0
1340,B6832B028347C522,2,18,0.0,0,RU,65,0.0,0,0
1341,2C2569FA8E425A23,3,4,0.0,0,VE,65,0.0,0,0
1342,43f37d9c-7c93-45d4-ab95-b4accf419e2c,1,1,0.0,0,BR,64,0.0,0,0
1343,56F9F2B5FA8E3DE8,4,15,5.512099999999999,3,CA,65,0.0,0,1
1344,63E091873BAAF5A5,2,49,0.14500000000000002,15,US,65,0.0,0,1
1345,3C994300B35FEC84,3,17,0.1397,4,US,65,0.0,0,1
1346,A5870B02847FA7A9,1,18,0.0025,1,ZA,65,0.0,0,1
1347,6200EEB8D9D555D6,2,12,0.0,0,GB,63,0.0,0,0
1348,54354370E219865F,5,28,0.0,0,VE,64,0.0,0,0
1349,CC4880F41B140D67,2,15,0.5801999999999999,4,US,63,0.0,0,1
1350,899960F33508C2DA,2,9,0.0,0,AU,65,0.0,0,0
1351,B253A663E272259E,2,8,0.0,0,LY,65,0.0,0,0
1352,8B50BF122405EC8F,1,3,0.0,0,MX,65,0.0,0,0
1353,DD6ADBF9801CEAD,6,50,0.0,0,DZ,63,0.0,0,0
1354,5d596d6f-8da9-4c2f-bdd1-3d0415b3ec5c,2,2,0.0,0,EG,63,0.0,0,0
1355,570CFB0ABB9AE5F,1,3,0.0,0,US,63,0.0,0,0
1356,aeec3f3e-3fc8-49c5-8f8f-baa407af72f4,1,1,0.0,0,US,64,0.0,0,0
1357,c9cd0fc2-b2ca-4ee5-99ed-afb24283ca91,2,2,0.0,0,IQ,64,0.0,0,0
1358,c09878ac-12a5-4441-b882-220f170678b4,1,1,0.0,0,SO,63,0.0,0,0
1359,D5DB3ACC26646A12,2,4,0.0,0,JP,65,0.0,0,0
1360,67649A40D37C9F93,1,12,0.0393,3,US,64,0.0,0,1
1361,297ECEF588034F47,2,8,0.0007,2,CI,64,0.0,0,1
1362,7DA78FA83A33AF52,1,11,0.0007,2,DZ,63,0.0,0,1
1363,C27B414C4367DF8B,2,30,0.0,0,DZ,64,0.0,0,0
1364,78262F7334E0ED6C,3,17,0.0011,1,US,65,0.0,0,1
1365,49A3B483CF1FAA7E,1,4,0.0,0,CA,64,0.0,0,0
1366,BEA3B2C88A11208E,10,22,0.0,0,DZ,64,0.0,0,0
1367,15C2D0477ADADFF5,3,19,0.5067,12,US,63,0.0,0,1
1368,146A56786DD19D90,2,20,1.1295,3,US,65,0.0,0,1
1369,FBC451E0309C8828,1,1,0.0,0,US,65,0.0,0,0
1370,BCB08D3F1CF2824,2,3,0.0,0,JM,64,0.0,0,0
1371,b046da05-ac2f-40e2-8181-8805e7414d3e,1,1,0.0,0,DZ,64,0.0,0,0
1372,71E29BF69C08D1E6,2,3,0.0,0,VE,63,0.0,0,0
1373,e5dbeb13-10a0-4b2f-b95b-c28e4710cd8f,2,2,0.0,0,IQ,63,0.0,0,0
1374,369d9774-4bc6-4d79-941e-af7a53caeb56,2,4,0.0,0,CI,64,0.0,0,0
1375,c002d58f-ab4a-4352-9b4e-e0e3c3970178,6,42,0.0,0,SZ,63,0.0,0,0
1376,FFEF65F2119AEEE1,1,3,0.0,0,MA,65,0.0,0,0
1377,9D34312392DE5B70,5,15,0.0,0,US,65,0.0,0,0
1378,C1D6FE178496F41F,2,32,0.2795,6,US,65,0.0,0,1
1379,2D134B5EEEA75697,1,2,0.0,0,MA,64,0.0,0,0
1380,24B1FBC77EB9C476,2,21,0.0178,7,BR,65,0.0,0,1
1381,5EC6B8CE81CBE39,1,9,0.0,0,DE,64,0.0,0,0
1382,D814F982923F448B,1,6,0.0,0,GY,64,0.0,0,0
1383,9421D991EA285365,1,4,0.0,0,US,64,0.0,0,0
1384,B90D7FF9FFD9D529,2,8,0.0,0,DO,63,0.0,0,0
1385,2897F757FF4A1276,2,14,1.038,3,US,64,0.0,0,1
1386,43A951B9A92DBEE7,1,3,0.0,0,IR,65,0.0,0,0
1387,57781DB92AFB8216,1,4,0.0,0,IQ,63,0.0,0,0
1388,4cbba95f-5555-4b6b-ad0b-c47b55d96d5c,2,2,0.0,0,IN,65,0.0,0,0
1389,A93730D967C3B646,2,6,0.0,0,US,64,0.0,0,0
1390,6492AB71043353D7,7,19,0.0016,2,TN,64,0.0,0,1
1391,3A18002631D0AD36,2,5,0.0,0,NG,64,0.0,0,0
1392,7F00D2A0547BEA93,2,13,0.0,0,DZ,65,0.0,0,0
1393,9614DFE7655EB030,1,5,0.0,0,FR,63,0.0,0,0
1394,6DD718ED2CFF8088,13,99,0.0265,5,NG,64,0.0,0,1
1395,CD882869EAEF0017,1,10,0.10830000000000001,2,US,64,0.0,0,1
1396,9AA0446C63168256,1,3,0.0,0,IQ,65,0.0,0,0
1397,A13224537FB844CC,1,4,0.0,0,US,65,0.0,0,0
1398,A657F88CCEA2EBBC,5,14,0.0032,1,US,65,0.0,0,1
1399,B439B8E26EE1AD18,1,2,0.0,0,GB,65,0.0,0,0
1400,F406FAA8B097B7FB,2,8,0.0,0,NG,63,0.0,0,0
1401,FF7F8370AA2749E7,1,1,0.0,0,BR,65,0.0,0,0
1402,CB0AC90B338D4591,1,1,0.0,0,ES,64,0.0,0,0
1403,9a63b98a-8b23-42ee-8abd-d91bbb07f771,3,3,0.0,0,CO,64,0.0,0,0
1404,7B872D421E0DEA6B,1,54,0.11170000000000001,10,US,65,0.0,0,1
1405,e429a645-54bb-4cca-80f9-d290e5e905f9,2,22,0.0,0,ID,65,0.0,0,0
1406,9C01AB10E92434F,3,27,0.0,0,US,65,0.0,0,0
1407,593A79C1FB68A7CB,17,43,0.0,0,IN,63,0.0,0,0
1408,F0CB9900B4DFE5CD,2,11,0.0006000000000000001,3,VE,65,0.0,0,1
1409,FAC3D94631696314,1,8,0.0,0,CI,65,0.0,0,0
1410,B264B5E64A5CF2E9,2,4,0.0,0,US,65,0.0,0,0
1411,7E2237E7D092B497,2,3,0.0,0,CA,63,0.0,0,0
1412,232BD4D84424F59C,2,5,0.0,0,CA,64,0.0,0,0
1413,6539BD9A32DAB5B9,2,2,0.0,0,US,63,0.0,0,0
1414,7D0D803AF825EB7D,3,8,0.0,0,US,65,0.0,0,0
1415,E0C5B017B553910,2,2,0.0,0,AR,64,0.0,0,0
1416,26BE4C5B17ABBDA8,1,6,0.0004,1,DZ,63,0.0,0,1
1417,f72f7aee-90ae-4060-828f-a8b2abae57c5,1,1,0.0,0,CM,63,0.0,0,0
1418,460ECB7544F0BEB2,1,1,0.0,0,IN,63,0.0,0,0
1419,d59bdb89-5633-426e-bc76-75c6572f22db,1,1,0.0,0,MX,64,0.0,0,0
1420,EB4EDF5287649EC2,2,4,0.0,0,MX,64,0.0,0,0
1421,411D6ED417BA68E6,2,2,0.0,0,LC,65,0.0,0,0
1422,9D1A2E5AA48F5548,1,7,0.0,0,IN,64,0.0,0,0
1423,88BCC5C52DC6F356,1,7,0.0508,2,US,63,0.0,0,1
1424,CA5F93C206D0114D,1,4,0.0,0,US,63,0.0,0,0
1425,8B2B8D55A354FA01,1,8,0.0008,1,AG,64,0.0,0,1
1426,DF4D372F51F1717,4,27,0.0007000000000000001,4,US,65,0.0,0,1
1427,EACCF7B3F2B03BD5,2,17,0.0629,3,US,64,0.0,0,1
1428,10BABB0EC866F14A,1,5,0.0,0,CN,63,0.0,0,0
1429,3CD17B9BD4232CC9,3,20,0.0403,4,US,65,0.0,0,1
1430,96A0EE300B9DCD9,1,2,0.0,0,US,65,0.0,0,0
1431,ADAA8379087FDDF4,2,9,0.0009,1,DZ,65,0.0,0,1
1432,34B6A017BD7C83A3,2,2,0.0,0,US,64,0.0,0,0
1433,6C549001B500D636,1,3,0.0,0,US,63,0.0,0,0
1434,A0CEFFDDC83E3801,1,1,0.0,0,MX,63,0.0,0,0
1435,583818A79DD8468E,3,11,0.0,0,DZ,63,0.0,0,0
1436,2FBCF9BC6AF408B5,1,1,0.0,0,BR,64,0.0,0,0
1437,C321DA3A674A5FDC,2,2,0.0,0,ID,63,0.0,0,0
1438,AE20AF09D66A8C52,2,2,0.0,0,US,63,0.0,0,0
1439,8015cdb2-e0ac-42ae-b5f3-eec7ca25a159,2,2,0.0,0,IQ,65,0.0,0,0
1440,D85EBD4C18B66121,1,5,0.0,0,IN,65,0.0,0,0
1441,374A74C832871583,2,67,0.20880000000000004,19,US,64,0.0,0,1
1442,424459004B10D09,8,23,0.0,0,NI,65,0.0,0,0
1443,1D7D3E8F707C0503,1,4,0.0,0,GM,65,0.0,0,0
1444,B3761566A7A2535D,2,5,0.0137,1,US,65,0.0,0,1
1445,D70AE4DC93DAA505,1,2,0.0,0,US,63,0.0,0,0
1446,6BA3879EAF37EB9C,1,3,0.0,0,PH,64,0.0,0,0
1447,542E8013ED484BA7,1,2,0.0,0,MA,64,0.0,0,0
1448,7BABA919C64BF46B,2,6,0.0,0,LA,64,0.0,0,0
1449,469CA0B341496178,1,2,0.0,0,US,63,0.0,0,0
1450,cff57fb0-72dd-416c-9874-44ae88f49fbd,2,2,0.0,0,DZ,65,0.0,0,0
1451,BCF8DEFA36EAE583,1,2,0.0,0,DE,63,0.0,0,0
1452,4935FB35132F45B5,1,1,0.0,0,DZ,64,0.0,0,0
1453,CDD93DE436FCBA0E,3,8,0.0072,1,US,64,0.0,0,1
1454,A81FE4544AB196AF,6,24,0.0007999999999999999,2,DZ,65,0.0,0,1
1455,75c28a04-a33f-4403-9d0d-716129c83827,1,1,0.0,0,ML,63,0.0,0,0
1456,B0DB6FF0BDEE6AD0,1,1,0.0,0,US,65,0.0,0,0
1457,17CBBBAD52046B7C,3,23,0.0,0,DK,63,0.0,0,0
1458,C4E577A25C832D25,6,65,0.0331,25,PE,65,0.0,0,1
1459,670783de-6590-4829-98c5-a184ecc6e91e,4,41,0.0,0,IN,64,0.0,0,0
1460,F4ED0C5736922A1C,1,1,0.0,0,VE,65,0.0,0,0
1461,63CFF4608E5940B2,1,3,0.0,0,US,65,0.0,0,0
1462,7F80080D8AC14488,1,1,0.0,0,TN,65,0.0,0,0
1463,15AA470F508735D4,2,13,0.001,3,DZ,65,0.0,0,1
1464,A1BF1E0FAF991BDD,5,25,0.0072,7,EC,64,0.0,0,1
1465,ac63c473-f82b-40b7-966b-a93a7dea6fe6,1,1,0.0,0,ID,64,0.0,0,0
1466,4c3a5840-2017-4b3f-ae05-6ac9d7d10a74,1,1,0.0,0,US,64,0.0,0,0
1467,cb4918b4-be72-42f3-9028-22350e9292ee,3,3,0.0,0,IN,63,0.0,0,0
1468,D0DDBC832810F48A,1,2,0.0,0,US,65,0.0,0,0
1469,28A2073D8C8BCE42,1,13,0.001,2,EG,63,0.0,0,1
1470,51CEC81FBC8DB1,1,10,5.0504,2,US,64,0.0,0,1
1471,9E22657892A46A69,1,8,0.0008,1,AU,65,0.0,0,1
1472,AAAB6349917E5568,5,80,0.13289999999999996,31,US,65,0.0,0,1
1473,EE3F15F9F9B65F8,1,6,0.0409,1,IN,63,0.0,0,1
1474,69BF53C4ADDA17E0,3,7,0.0,0,JP,65,0.0,0,0
1475,3607F0B20DA6FE4A,1,1,0.0,0,KH,64,0.0,0,0
1476,f8bfa6d7-9069-47da-bd98-7a4cd4c95ac0,1,1,0.0,0,LY,65,0.0,0,0
1477,119D19B923BC2CEA,1,1,0.0,0,NL,65,0.0,0,0
1478,4D46BED7051F95D1,4,11,0.006,5,MY,65,0.0,0,1
1479,9B725FF69B9C1093,1,23,0.0,0,MA,63,0.0,0,0
1480,2AEBB7C33FCF04DE,1,1,0.0,0,IN,65,0.0,0,0
1481,63ADCB073402A0DF,7,23,0.042,2,US,65,0.0,0,1
1482,5CA43FD795528150,1,23,0.0777,4,PH,63,0.0,0,1
1483,E300F2F9A6E59B8C,1,9,0.0,0,PK,63,0.0,0,0
1484,B63398D47B4A8C4E,1,26,0.039599999999999996,6,CA,63,0.0,0,1
1485,80292DE884C71BA9,1,3,0.0,0,SA,63,0.0,0,0
1486,58D3DF32ACC8F42D,2,4,0.0,0,TH,65,0.0,0,0
1487,9536F70960DCC0A5,1,25,2.6239000000000003,8,US,64,0.0,0,1
1488,129987F64CB6AB27,1,4,0.0,0,CO,65,0.0,0,0
1489,90ec6533-e040-4e2f-947d-183955d8cbd4,1,1,0.0,0,DZ,63,0.0,0,0
1490,A39874EA1DE41F74,1,4,0.0,0,SN,63,0.0,0,0
1491,FA0A784BBA284AC0,1,1,0.0,0,US,63,0.0,0,0
1492,A6CA36226DF91F34,3,3,0.0,0,AU,64,0.0,0,0
1493,F15C250D42CE2B2C,1,1,0.0,0,MX,64,0.0,0,0
1494,1093E3439D72E27,1,2,0.0,0,US,65,0.0,0,0
1495,9B305E09FDD1F5,1,2,0.0,0,US,65,0.0,0,0
1496,45A6524F698B3CA2,1,2,0.0005,1,PH,64,0.0,0,1
1497,C80D8505C3EFCDC4,2,26,2.545,4,US,64,0.0,0,1
1498,C7795B723868B221,3,25,0.0,0,BJ,64,0.0,0,0
1499,3fe84230-4d0c-4edf-80dd-5a9b586b1e5b,2,18,0.0,0,NP,63,0.0,0,0
1500,388C2B2C3C646BDD,2,14,0.0276,2,BR,65,0.0,0,1
1501,C30DC77465368582,1,5,0.0,0,UA,63,0.0,0,0
1502,44285267CFC932B4,1,3,0.0,0,US,65,0.0,0,0
1503,E360B3F51959A9A8,2,2,0.0,0,US,65,0.0,0,0
1504,ACBE37FAECA4283,3,18,0.0,0,US,65,0.0,0,0
1505,988328B4130B4FD1,1,6,0.0,0,BF,65,0.0,0,0
1506,F16AD1A609C3E905,1,7,0.0,0,UA,64,0.0,0,0
1507,89838C51A7A4C634,1,3,0.0,0,PH,65,0.0,0,0
1508,D36E8BFE163A3E2,2,4,0.0,0,US,65,0.0,0,0
1509,737EA7D9A189DB26,1,12,0.0189,1,SG,65,0.0,0,1
1510,2866ABD755BB11B4,1,2,0.0,0,ID,64,0.0,0,0
1511,681BE3FACA229D3A,2,18,0.0091,2,CL,65,0.0,0,1
1512,6C7AC83B847F10B2,1,4,0.0,0,LY,64,0.0,0,0
1513,7CD142E8B9BE542F,1,2,0.0,0,SA,65,0.0,0,0
1514,774469C54854F7E3,1,2,0.0,0,US,63,0.0,0,0
1515,23C63030ECD1E21B,1,4,0.0,0,US,65,0.0,0,0
1516,801D5B80C41A792A,3,32,0.1926,6,AU,63,0.0,0,1
1517,AFFB6CC74DDB3009,1,4,0.0012,1,BR,63,0.0,0,1
1518,50901C1D556E8EB9,2,5,0.0,0,TT,63,0.0,0,0
1519,A2293DFC15229231,1,3,0.0,0,DE,65,0.0,0,0
1520,A89AD40574592BB0,1,19,0.0,0,NP,65,0.0,0,0
1521,189AB58D88642FDB,1,7,0.0,0,CL,63,0.0,0,0
1522,474C7439713A19E8,4,22,0.004399999999999999,4,BR,64,0.0,0,1
1523,A9191FD623863389,2,9,0.0,0,CO,65,0.0,0,0
1524,C4096A7B17D98C4F,3,16,0.018000000000000002,5,US,65,0.0,0,1
1525,4390B3275DF0FCCF,2,3,0.0,0,US,63,0.0,0,0
1526,C17E74DF75F7D6A6,1,19,0.026099999999999998,4,BE,64,0.0,0,1
1527,F69A515D7ABFC2A3,1,1,0.0,0,IN,63,0.0,0,0
1528,29BF9348DB99C610,2,6,0.0,0,BO,64,0.0,0,0
1529,9592BC04483CCBE5,1,4,0.0,0,IN,64,0.0,0,0
1530,49A78E442F859367,1,3,0.0,0,IQ,63,0.0,0,0
1531,3B20C30F9D664F00,4,7,0.0,0,US,65,0.0,0,0
1532,6E76FBDFDE199240,2,5,0.0004,1,US,63,0.0,0,1
1533,1d1c4b7b-6df0-4fd7-9e91-380c3e0cc7ef,2,2,0.0,0,PK,64,0.0,0,0
1534,6F7D88090ADF7356,1,1,0.0,0,DO,63,0.0,0,0
1535,BF2E678C26259945,4,31,0.0002,1,HT,65,0.0,0,1
1536,CEAB0DE1B14CC78B,1,49,0.20139999999999997,20,TT,63,0.0,0,1
1537,33A085CBAAA7719D,1,7,0.0,0,LY,63,0.0,0,0
1538,359040FF86646BAA,1,15,0.1293,3,GB,65,0.0,0,1
1539,4CD4F34CE84D9337,1,2,0.0,0,NP,65,0.0,0,0
1540,937F6E4D28BCCFC3,1,2,0.0,0,US,65,0.0,0,0
1541,928BD6D8FC22943E,2,25,0.9524,1,US,64,0.0,0,1
1542,cc6a4311-440e-4ede-a163-45a8580e1f9c,1,1,0.0,0,US,65,0.0,0,0
1543,DC23EB18A3CF2AB4,1,5,0.0198,1,UA,65,0.0,0,1
1544,B8EBC5B7AE4E8591,3,12,0.0006,1,MA,65,0.0,0,1
1545,789D6CA103917D38,1,3,0.0,0,US,65,0.0,0,0
1546,2CFD42D0C3BF3BA,2,6,0.0,0,NI,63,0.0,0,0
1547,ffb9a7fc-8955-44c1-a457-c4852e84e771,1,1,0.0,0,SN,63,0.0,0,0
1548,A2236E11786B7A49,1,3,0.0,0,DZ,65,0.0,0,0
1549,2125783D81B823A5,1,4,0.0,0,NI,64,0.0,0,0
1550,CB9713BA2A756E28,3,6,0.0,0,CA,65,0.0,0,0
1551,FBB7352F5CC68C64,1,7,0.0137,2,US,63,0.0,0,1
1552,57CE8B6B452E96CB,1,14,0.0901,4,US,64,0.0,0,1
1553,39DAB42D37E33EF7,1,7,0.0,0,EC,63,0.0,0,0
1554,B17C9D4AA28F900E,2,10,0.0,0,CA,64,0.0,0,0
1555,173CB159247445B5,2,26,0.0053,2,PH,64,0.0,0,1
1556,CECBFC81420F085D,1,4,0.0,0,PY,63,0.0,0,0
1557,75463880A21D092A,2,3,0.0,0,MX,64,0.0,0,0
1558,8235DA176474A985,2,3,0.0,0,NP,63,0.0,0,0
1559,9cf23eef-eaad-4bb1-b064-8e9e1a6f96fc,1,1,0.0,0,DZ,63,0.0,0,0
1560,F0F8435308468FB8,1,7,0.0004,1,MA,65,0.0,0,1
1561,3E799C22D93776BF,1,7,0.036699999999999997,2,US,64,0.0,0,1
1562,3E03685E833BAC44,3,27,0.0,0,CU,64,0.0,0,0
1563,E8FC921778A89362,5,19,0.0,0,IQ,65,0.0,0,0
1564,8FCE1C60AF8776EA,1,2,0.0002,1,EG,63,0.0,0,1
1565,95C8B98800C2F362,1,5,0.0,0,IQ,63,0.0,0,0
1566,b644ca96-a9b7-45d7-a867-9ca773029419,1,1,0.0,0,MA,65,0.0,0,0
1567,76E1ED7439E727AD,1,1,0.0,0,SR,63,0.0,0,0
1568,e2dfe7ad-0ac6-4c49-a92f-3548164dfec9,1,1,0.0,0,UA,65,0.0,0,0
1569,8802626C3CEE3837,3,5,0.0,0,SX,65,0.0,0,0
1570,9BD49662F86B837E,1,1,0.0,0,JM,64,0.0,0,0
1571,C730986B70587528,1,6,0.0,0,AR,64,0.0,0,0
1572,755762EC923F14E0,1,15,0.0,0,CO,65,0.0,0,0
1573,DA06DB607DE8DD60,3,10,0.0,0,NG,64,0.0,0,0
1574,F3533EABD4454BC8,3,15,0.0044,4,PH,65,0.0,0,1
1575,B80B8BE0C3BABB27,1,17,0.06929999999999999,7,NL,65,0.0,0,1
1576,324E12528386F9F6,2,38,0.006700000000000001,4,ZA,63,0.0,0,1
1577,DEEB4D22D84D0AAE,1,2,0.0,0,US,63,0.0,0,0
1578,284B7B743F2CD315,1,6,0.0205,1,US,65,0.0,0,1
1579,a01150b8-a5a5-4fbc-a4e0-9246b08866a0,2,2,0.0,0,DZ,65,0.0,0,0
1580,b51facf8-bc32-48dc-b9df-07388af460bd,2,2,0.0,0,DZ,63,0.0,0,0
1581,c90faa1e-ec43-4100-8cdc-5a9d44f16961,1,1,0.0,0,CL,65,0.0,0,0
1582,848E94E4A37FD78D,1,7,0.0,0,DZ,65,0.0,0,0
1583,9C07488D32EF1895,2,24,0.0,0,VE,65,0.0,0,0
1584,ec2dc62a-d767-496e-8f74-9e5295b5feb5,1,1,0.0,0,JM,64,0.0,0,0
1585,796C2C2169713850,3,11,0.0604,3,AU,64,0.0,0,1
1586,b7dee9ce-bc9d-463c-872b-250100ecbbb9,1,1,0.0,0,DE,64,0.0,0,0
1587,70A3506734A4BB42,1,3,0.0,0,US,64,0.0,0,0
1588,B95C948229D424C0,1,8,0.0,0,US,65,0.0,0,0
1589,fd134511-92b2-49da-8f0a-4eaa96de2d9e,1,1,0.0,0,US,65,0.0,0,0
1590,EF43293AE7CFBF62,2,2,0.0,0,PK,63,0.0,0,0
1591,593CA28806F17BD7,2,3,0.0,0,PH,63,0.0,0,0
1592,41D098813A0C2FB7,1,3,0.0,0,BD,65,0.0,0,0
1593,96faaccb-3521-43b7-b531-9cff30f2a0e2,2,2,0.0,0,IN,64,0.0,0,0
1594,daa6c557-18e6-4902-b079-14ac37131bce,1,1,0.0,0,MA,63,0.0,0,0
1595,A0887A4FA1752C6D,4,25,0.0,0,LY,65,0.0,0,0
1596,F4DDB27E6707F9F9,2,20,0.0029,2,ZA,64,0.0,0,1
1597,6C83E7CFA037F139,1,4,0.0,0,IQ,63,0.0,0,0
1598,EDA2642C1C220E7D,1,3,0.0,0,CA,65,0.0,0,0
1599,51979477-ca2a-4c09-89a1-f7ce289f8514,4,30,0.0,0,VE,63,0.0,0,0
1600,42139DAE148AEB5A,1,7,0.0006,1,IN,64,0.0,0,1
1601,E46DC6176E2CFC8D,1,14,0.0,0,VE,65,0.0,0,0
1602,30BFA5DF25B47436,1,9,0.0,0,ST,63,0.0,0,0
1603,5655338D51739731,1,2,0.0,0,FJ,65,0.0,0,0
1604,030137b2-70c9-4a90-a7f4-ef0d5b25b991,1,1,0.0,0,IQ,64,0.0,0,0
1605,C54DC5593C815AE0,1,5,0.0051,2,IN,65,0.0,0,1
1606,5edb41f3-b952-4d27-8a80-ed0d72126f74,1,1,0.0,0,PH,65,0.0,0,0
1607,86EC2C00B71A1AEE,1,1,0.0,0,US,63,0.0,0,0
1608,1FD84464B3F032F7,1,8,0.0043,1,PH,63,0.0,0,1
1609,703A45C75414F61F,3,14,0.035699999999999996,4,US,65,0.0,0,1
1610,5321F2B566A200F,1,3,0.0,0,MX,65,0.0,0,0
1611,589D46F0C9F7E36A,4,30,0.0,0,NL,65,0.0,0,0
1612,3CB6A4F594DB878E,1,4,0.0,0,PK,64,0.0,0,0
1613,cd10c5ed-dd9b-4de6-bb8d-099de587cb81,1,1,0.0,0,BR,63,0.0,0,0
1614,C8829A1500AD5496,1,4,0.0,0,JM,65,0.0,0,0
1615,F4DD8E0987F9FB2D,1,3,0.0,0,US,63,0.0,0,0
1616,c6511406-0ff7-4b0a-93af-aa6cad22afd6,1,1,0.0,0,GB,65,0.0,0,0
1617,17F3A0A1822F9FCC,1,1,0.0,0,NG,63,0.0,0,0
1618,A5904D7D90303E88,1,3,0.0,0,US,63,0.0,0,0
1619,B469549B6B737147,2,9,0.013400000000000002,3,NL,65,0.0,0,1
1620,B62665B572059B07,1,25,0.0009,2,DZ,63,0.0,0,1
1621,B86968971C7D8408,1,3,0.0,0,TN,64,0.0,0,0
1622,32852DF8C52F1937,1,18,0.031599999999999996,5,CO,65,0.0,0,1
1623,997AD82EDC686B1A,2,8,0.0041,3,MX,63,0.0,0,1
1624,B4991530277FA90C,1,7,0.0006,1,BR,65,0.0,0,1
1625,CA666A17657DAE5F,2,15,0.0,0,US,64,0.0,0,0
1626,C2F351D87AA599E3,2,13,0.0008,1,DZ,63,0.0,0,1
1627,BD82E9D6C20146B1,3,22,0.0004,1,DZ,63,0.0,0,1
1628,B96BC2B48EC14D48,2,5,0.0,0,VE,63,0.0,0,0
1629,D4D657B5B6C83DDB,1,3,0.0004,1,CV,64,0.0,0,1
1630,416DC1928F8A719F,2,15,0.0,0,JP,63,0.0,0,0
1631,C2ABA34DBD567B9,1,1,0.0,0,JO,63,0.0,0,0
1632,FE3991FAB455C156,1,1,0.0,0,US,64,0.0,0,0
1633,FF4B0B98F6B25A0F,1,27,3.3303000000000003,4,BE,64,0.0,0,1
1634,4FD1C4E1C3EE853C,2,10,0.0,0,US,65,0.0,0,0
1635,9440E353E31B70F2,1,20,0.04,5,KW,65,0.0,0,1
1636,8B64CE6CD72F69A9,1,2,0.0,0,HK,64,0.0,0,0
1637,73F45DD2D21FECBF,1,4,0.0,0,SA,65,0.0,0,0
1638,C66F78C2F8D5E6AF,1,4,0.0,0,DO,63,0.0,0,0
1639,65679749-faa5-4511-b0de-dc39f50bee4c,1,1,0.0,0,IQ,65,0.0,0,0
1640,71B755C538D073C6,3,8,0.0,0,JP,65,0.0,0,0
1641,4c4bb2d1-29b6-49f4-be17-cf67a5de7bcb,2,2,0.0,0,UY,65,0.0,0,0
1642,B29DC6641CA248E6,1,1,0.0,0,BR,63,0.0,0,0
1643,6ed301a3-0498-498a-8276-a8571b78b265,1,1,0.0,0,DZ,64,0.0,0,0
1644,11f54faf-fb25-45e6-a2b9-96ad263dd76f,1,1,0.0,0,ID,63,0.0,0,0
1645,758E29B55DA3FA2A,1,3,0.0,0,PY,65,0.0,0,0
1646,2085F95FD4E171A3,5,15,0.0,0,CI,64,0.0,0,0
1647,E34DB9B4FF7B5AAE,2,6,0.0,0,US,65,0.0,0,0
1648,6B4DA6D8E67EB69F,1,4,0.0,0,VE,63,0.0,0,0
1649,AC9532CFB1DE6F51,1,6,0.0177,1,US,64,0.0,0,1
1650,8FDF933A73A60D28,1,11,0.0,0,US,64,0.0,0,0
1651,E330BCD31DCAD40C,1,3,0.0,0,US,63,0.0,0,0
1652,56D5567424CA2D71,1,6,0.0257,1,US,65,0.0,0,1
1653,B6922A2A3897712A,1,4,0.0,0,US,63,0.0,0,0
1654,7BF40492323FA61E,2,14,0.0018,4,BD,63,0.0,0,1
1655,535526A26DA2E363,1,4,0.0,0,ML,63,0.0,0,0
1656,b7df4304-84d3-454d-88b5-e013e9ff2eb8,2,2,0.0,0,DZ,64,0.0,0,0
1657,31DE6999A811B52C,1,2,0.0,0,US,63,0.0,0,0
1658,D51BC3B40B2CD390,1,1,0.0,0,GT,64,0.0,0,0
1659,2DF34A9BE279881F,1,2,0.0,0,DZ,65,0.0,0,0
1660,F9F933D18DC2D128,1,1,0.0,0,MA,64,0.0,0,0
1661,caad33be-21af-45aa-9bf3-0ca29b291199,3,4,0.0,0,CA,64,0.0,0,0
1662,296C0656159350CB,2,6,0.0,0,DE,63,0.0,0,0
1663,64c024f5-ab86-4c4e-9861-c15c7485dbf2,1,1,0.0,0,JO,63,0.0,0,0
1664,E99B264561EAFE76,1,3,0.0,0,US,64,0.0,0,0
1665,9BC46E1C49FB1A47,1,5,0.0,0,IN,64,0.0,0,0
1666,5BA0AAE7EFE90B69,1,5,0.0,0,VE,63,0.0,0,0
1667,599932792668A4DE,13,53,0.0,0,US,63,0.0,0,0
1668,975AD5F0EFBBD235,1,32,0.0008,2,DZ,65,0.0,0,1
1669,8C9521E7F33D09CE,2,7,0.0,0,PH,63,0.0,0,0
1670,1858CC111C884717,2,12,0.0033,3,VN,63,0.0,0,1
1671,D911405FC6D30948,1,3,0.0,0,US,65,0.0,0,0
1672,62F4C732F8C0AA75,5,26,0.0967,1,US,65,0.0,0,1
1673,5FD14BD704F6E9AE,1,4,0.0,0,US,65,0.0,0,0
1674,24572AABCC26EAA3,1,2,0.0,0,MX,63,0.0,0,0
1675,290B7430A6D4B087,1,6,0.0059,2,US,63,0.0,0,1
1676,CA0E357798B4866C,1,7,0.0046,2,PH,65,0.0,0,1
1677,14F97A48FB4B89DF,1,5,0.0,0,US,63,0.0,0,0
1678,69E820580EA1D02D,4,22,0.0071,6,GU,65,0.0,0,1
1679,1ea0c967-c771-454f-82bb-50b1d9a5625b,1,2,0.0,0,EG,64,0.0,0,0
1680,BEADCF470FAEAD2,3,9,0.0,0,TH,65,0.0,0,0
1681,10A1432B0D492B10,1,3,0.0,0,CA,63,0.0,0,0
1682,CB0B2A442B1AC4D7,1,1,0.0,0,US,64,0.0,0,0
1683,9E786AC98D629BC1,1,14,0.0008,2,IN,63,0.0,0,1
1684,78A4F4248EE17627,4,32,0.0004,1,DZ,63,0.0,0,1
1685,DD8090A2D89B8210,4,63,0.0528,20,VN,65,0.0,0,1
1686,5CB430A50EB6E3EC,1,25,0.1163,7,MY,65,0.0,0,1
1687,168BA276DA77CF45,1,1,0.0,0,PE,64,0.0,0,0
1688,DCF53E27AAEC88AF,1,3,0.0,0,US,65,0.0,0,0
1689,601c1614-b3e4-49e4-99fe-83d86a87269e,1,1,0.0,0,NP,63,0.0,0,0
1690,0668d30a-b086-4cad-8618-11dd9fce7cb6,1,1,0.0,0,US,63,0.0,0,0
1691,CC30E29BEE7A4160,1,3,0.0008,1,US,65,0.0,0,1
1692,28f5c6b6-fc12-447e-bfd8-b42ceb26cc59,1,1,0.0,0,MX,63,0.0,0,0
1693,66f65eff-7de2-4fef-b17a-08f6ba17db73,1,6,0.0,0,NG,64,0.0,0,0
1694,4719AAEA5D7E9BD7,1,5,0.0,0,JP,65,0.0,0,0
1695,7FD82095C6FCAF42,2,3,0.0,0,US,63,0.0,0,0
1696,39F7533687EC0D4A,2,2,0.0,0,US,63,0.0,0,0
1697,251C98CD84D1AD53,1,7,0.014499999999999999,2,US,65,0.0,0,1
1698,68B7CCC926A2F95A,2,2,0.0,0,VE,63,0.0,0,0
1699,A35AAFCEB54B833A,1,1,0.0,0,DO,63,0.0,0,0
1700,BF501DACE0828E3C,1,1,0.0,0,DZ,63,0.0,0,0
1701,E4C684D546AD0A9E,3,22,0.0012000000000000001,3,DZ,63,0.0,0,1
1702,C0EA7CE5E52F9B4E,1,1,0.0,0,US,65,0.0,0,0
1703,AFA6F09B1A813430,1,3,0.0,0,GB,64,0.0,0,0
1704,1c5d1261-c652-42b9-b4c6-da809752a56d,1,1,0.0,0,VE,64,0.0,0,0
1705,A0F4A43B06C0C4EE,1,3,0.0,0,IN,65,0.0,0,0
1706,0285aaa8-1256-40fb-be18-4a652cb10868,1,1,0.0,0,DZ,64,0.0,0,0
1707,50c6d0b3-21bf-4d6d-885f-d589b41c2579,1,1,0.0,0,MA,63,0.0,0,0
1708,cc86013f-f5fe-448e-8caa-cef5c0ca5403,1,1,0.0,0,CO,65,0.0,0,0
1709,56B8772131B1A853,1,1,0.0,0,BR,65,0.0,0,0
1710,515B23B779A49AD2,3,38,0.0055000000000000005,9,EG,63,0.0,0,1
1711,86702D783CCA3C96,1,4,0.0,0,US,63,0.0,0,0
1712,2102eb88-9e96-4e35-99c7-1664de8a833f,4,33,0.0,0,MR,63,0.0,0,0
1713,5b3653c9-3183-4f3f-8763-8d3ba2b12db1,1,1,0.0,0,ID,63,0.0,0,0
1714,6078A8EFD7F5332C,2,16,0.0453,2,US,63,0.0,0,1
1715,668C2E588B479368,2,5,0.0,0,SV,64,0.0,0,0
1716,274FA91F07AD416A,3,4,0.0,0,BR,63,0.0,0,0
1717,A984BFC38A19A5C,1,3,0.0,0,US,63,0.0,0,0
1718,B93BF3297AE01536,1,1,0.0,0,US,65,0.0,0,0
1719,bb9bf783-c7e3-455f-98cf-6e2838e5e9f5,1,1,0.0,0,CA,64,0.0,0,0
1720,5479DA5E10664C5E,1,3,0.0,0,GE,64,0.0,0,0
1721,DC38E5B149778601,2,92,0.0454,29,CL,64,0.0,0,1
1722,A137412AB7135CE1,1,45,0.020699999999999996,6,NG,65,0.0,0,1
1723,27369C6167DAC892,1,5,0.0,0,US,63,0.0,0,0
1724,7B87BD7A724653EA,1,6,0.0217,1,GB,65,0.0,0,1
1725,51F1A81D8140783,2,6,0.0,0,JP,65,0.0,0,0
1726,33703C8A30DCEC28,1,5,0.0,0,BD,64,0.0,0,0
1727,f5082909-30e0-478b-9953-4ffdb434091f,2,2,0.0,0,CA,64,0.0,0,0
1728,F0374223BCE1E775,1,7,0.0299,1,US,63,0.0,0,1
1729,FD2F0AA1AC8358B4,1,3,0.02,1,RU,63,0.0,0,1
1730,d2fed76f-b9e7-413a-a4d0-45269ad004b7,2,4,0.0,0,BR,64,0.0,0,0
1731,7B701FFB13E4D5B4,2,14,0.0,0,IN,64,0.0,0,0
1732,71E590EF571B402A,3,8,0.0,0,NP,63,0.0,0,0
1733,fb29f4e2-3423-4672-b6d0-acd31da4238f,2,2,0.0,0,CG,64,0.0,0,0
1734,D337ADD6AA9CB385,1,3,0.0,0,AR,64,0.0,0,0
1735,daac223d-6314-4bce-ad50-a7e00e48e9d1,1,1,0.0,0,JM,63,0.0,0,0
1736,f2359b4c-3b54-4458-9cc9-22368caa7594,3,41,0.0,0,EG,63,0.0,0,0
1737,76E7D0868A8E987A,1,9,0.00030000000000000003,2,BO,63,0.0,0,1
1738,4DDB79A3E681C952,1,4,0.0,0,AO,65,0.0,0,0
1739,85D9613749B04792,1,4,0.0,0,AO,64,0.0,0,0
1740,6F877549FD9E0313,2,6,0.0021,1,BR,64,0.0,0,1
1741,ff2dabda-6ccd-455e-9a20-a76156a28aad,1,1,0.0,0,MA,64,0.0,0,0
1742,EC778993F2E0F5F2,7,52,0.0,0,PH,63,0.0,0,0
1743,1067F973B968DF47,1,19,0.10300000000000001,1,US,65,0.0,0,1
1744,63FEB1A3083C8AA1,5,37,0.1445,7,US,64,0.0,0,1
1745,4ACC7829C1852A8B,1,26,0.0493,4,US,65,0.0,0,1
1746,EB9D7E1145F4DF6F,1,19,0.0123,5,BE,65,0.0,0,1
1747,703F4B8DA796857E,1,3,0.0,0,EG,65,0.0,0,0
1748,A551C88134C58B4A,3,17,0.0904,2,GB,65,0.0,0,1
1749,EA1E2F7AF096A8FB,1,5,0.0,0,LY,63,0.0,0,0
1750,F98EEFB5F1D8B611,5,9,0.0,0,PK,63,0.0,0,0
1751,4286153244A456D5,1,8,0.0,0,US,63,0.0,0,0
1752,2E4AFFBA1FAE10D8,2,29,0.0,0,ID,65,0.0,0,0
1753,150C8B6EB7C0A79B,1,3,0.0,0,CO,64,0.0,0,0
1754,A04B76428362DDB9,1,1,0.0,0,UA,65,0.0,0,0
1755,74979a47-6a6c-4f8d-96f0-e0f99a46aed5,1,1,0.0,0,CO,64,0.0,0,0
1756,AC414728E63BD00A,1,8,0.0085,2,VN,63,0.0,0,1
1757,42C2CD050B097BA7,1,4,0.0006,2,PK,65,0.0,0,1
1758,d069bfd9-ae75-4f6c-8ce8-ed822cd666d4,1,1,0.0,0,CA,63,0.0,0,0
1759,BA3F15D05C59FA96,2,18,0.028499999999999998,5,BR,63,0.0,0,1
1760,53f3c496-a8be-4421-a56d-4711d4ddc005,2,2,0.0,0,DZ,64,0.0,0,0
1761,A087832A923E2B9A,1,1,0.0,0,US,65,0.0,0,0
1762,4BCE502392C2EE37,1,1,0.0,0,IT,65,0.0,0,0
1763,CDC80D81CE32260C,1,8,0.0,0,EG,64,0.0,0,0
1764,33220851-c25b-4495-8dd2-d4dc43c587bb,2,2,0.0,0,BO,64,0.0,0,0
1765,46F0CCC856646C13,1,2,0.0,0,DZ,63,0.0,0,0
1766,11332fde-d94d-49e9-99f8-d57aafc65427,1,1,0.0,0,DZ,64,0.0,0,0
1767,6CAAA269BCD22755,3,28,0.0038,10,LY,65,0.0,0,1
1768,F3F35280887A9D1,1,19,0.12490000000000001,6,CA,65,0.0,0,1
1769,64F92D88B66D6546,1,5,0.0,0,US,65,0.0,0,0
1770,a9662fc4-3a72-433a-8126-4f671c4fa4d8,1,1,0.0,0,IN,63,0.0,0,0
1771,7D0E8D64D999916C,1,4,0.0,0,GB,64,0.0,0,0
1772,d23d9e95-6ecd-4e0a-a9fc-c92db4d164bc,1,4,0.0,0,VE,64,0.0,0,0
1773,66001A1A89EDF8B0,1,2,0.0,0,US,63,0.0,0,0
1774,BF783B2F8DDCEEFD,1,2,0.0,0,US,65,0.0,0,0
1775,856966E0E84D164A,1,1,0.0,0,CA,65,0.0,0,0
1776,C26C4B5386D24F71,1,10,0.0037,1,PH,64,0.0,0,1
1777,FCEC695B7B90D297,1,5,0.0,0,VE,63,0.0,0,0
1778,8CF99E211E247646,1,7,19.99,1,US,65,0.0,0,1
1779,943CF819A3E57274,1,7,0.00030000000000000003,2,MX,63,0.0,0,1
1780,D43C54F642986C2A,1,4,0.0,0,US,64,0.0,0,0
1781,a3669e51-00ce-4153-bfb5-cc788736f5bc,1,1,0.0,0,IR,65,0.0,0,0
1782,ebcca983-b000-418d-965b-60bbd1ce73bb,1,1,0.0,0,CA,64,0.0,0,0
1783,A5C8773B90D7BC21,1,19,0.0,0,PK,63,0.0,0,0
1784,154C42A1650A5D99,1,1,0.0,0,GB,64,0.0,0,0
1785,5053359b-3bc3-4976-8271-41ac295ac3a3,1,1,0.0,0,NI,63,0.0,0,0
1786,D6F2E800352F8351,1,4,0.0,0,CO,65,0.0,0,0
1787,25670539C1C67095,2,13,9.98,2,US,65,0.0,0,1
1788,BB968C623FB2AA62,1,9,0.0,0,IN,64,0.0,0,0
1789,C1623119151CC26B,1,1,0.0,0,CO,64,0.0,0,0
1790,886984DDEBDC347A,1,1,0.0,0,IL,64,0.0,0,0
1791,FFEF89D67AA2A4BC,1,16,0.0006,1,IQ,63,0.0,0,1
1792,C25F64106C7EBA9E,1,3,0.0024,1,FR,65,0.0,0,1
1793,90693CC2222AA3A1,1,4,0.0,0,US,65,0.0,0,0
1794,c94ee271-86b8-4f5b-9198-a099e1cbe875,1,1,0.0,0,YE,64,0.0,0,0
1795,C3223814BFC13B47,2,10,0.0022,2,DZ,65,0.0,0,1
1796,bbfef14b-65e6-41e6-9ae2-8e385347d13c,5,6,0.0,0,CI,64,0.0,0,0
1797,32E7FDEF518132D5,1,19,0.0,0,DZ,65,0.0,0,0
1798,6D0059DFC06AA392,1,6,0.0076,1,AU,63,0.0,0,1
1799,F665D90509F5D6E1,1,9,0.0138,1,US,63,0.0,0,1
1800,146ACDDEBF16A3B,1,3,0.0,0,BR,65,0.0,0,0
1801,C6ED9F90E61F1AC5,1,2,0.0,0,BR,65,0.0,0,0
1802,a8533e50-a677-4788-8d16-0a1d7330df41,1,1,0.0,0,IN,65,0.0,0,0
1803,48F708A9536036E9,1,6,0.0002,2,DO,64,0.0,0,1
1804,47dbd317-fa77-4f15-90bc-3364d92687e6,1,1,0.0,0,CD,63,0.0,0,0
1805,34DBBAFBE4EF12A5,1,3,0.0,0,US,63,0.0,0,0
1806,9A8C9E97BB37DCA2,2,3,0.0,0,UY,64,0.0,0,0
1807,9A55A9B658341F3B,1,4,0.0,0,US,64,0.0,0,0
1808,C491B1257F947418,1,8,0.0114,1,VI,65,0.0,0,1
1809,8113CB94D63C852B,2,2,0.0,0,NL,63,0.0,0,0
1810,D1CA87EBFBEC9C26,1,3,0.0,0,US,65,0.0,0,0
1811,6BEFEA0972F03537,3,52,0.0017000000000000006,15,CA,65,0.0,0,1
1812,7B490DA021DFA609,3,13,0.0013,3,US,64,0.0,0,1
1813,9345371F7B6A574D,2,25,0.0072,2,BR,63,0.0,0,1
1814,60F318CD43D08C4A,1,2,0.0,0,IL,65,0.0,0,0
1815,D3B379C835A34DFC,1,6,0.0012,2,IN,64,0.0,0,1
1816,8F378E2FCE7B304C,1,4,0.0,0,US,65,0.0,0,0
1817,28A4156F3312CB2,1,1,0.0,0,LK,63,0.0,0,0
1818,32706014ACC586B1,2,3,0.0031,1,DE,64,0.0,0,1
1819,7F74B6D89B26900E,1,27,0.0317,6,CL,65,0.0,0,1
1820,B64ECAC25DC7D6E1,1,9,0.00030000000000000003,2,LY,63,0.0,0,1
1821,6089F5FE265FB3CE,1,32,0.5065000000000001,12,US,65,0.0,0,1
1822,5D86C7BE4280E07F,2,4,0.0203,1,MY,64,0.0,0,1
1823,1D0C4C91DD4FE007,1,3,0.0,0,MA,63,0.0,0,0
1824,1BFF079AAEC0E5EC,2,12,0.0962,7,US,64,0.0,0,1
1825,5666B9BFD42025DA,1,3,0.0,0,US,65,0.0,0,0
1826,BB3D48DD1D88B9B3,1,3,0.0,0,US,64,0.0,0,0
1827,C3DDDA208316E39E,1,5,0.0,0,SA,65,0.0,0,0
1828,726A3B12B2678C1,1,3,0.0,0,NG,65,0.0,0,0
1829,8b264f46-affa-4b46-8729-992a8e5d0fcd,1,1,0.0,0,VE,65,0.0,0,0
1830,77655bc1-bf0d-4e11-94f3-10b43e5c426f,1,1,0.0,0,US,65,0.0,0,0
1831,919a6a7c-04f7-4df8-b0c9-761f7d6c46a0,4,41,0.0,0,PH,65,0.0,0,0
1832,89E7ECE7D0839BAA,1,27,0.3204,3,US,65,0.0,0,1
1833,39CB2ADA76382A31,4,16,0.029500000000000002,3,US,65,0.0,0,1
1834,21100E3809624629,3,26,0.0206,1,US,65,0.0,0,1
1835,F28290A25F51A1B8,1,15,0.0011,5,VE,65,0.0,0,1
1836,805D4632BCDFCD0F,2,3,0.0,0,US,65,0.0,0,0
1837,F4C6C7DBA1BCE9B6,1,16,0.0571,5,GB,64,0.0,0,1
1838,8037EDEFBD5F6C80,2,5,0.0,0,BO,64,0.0,0,0
1839,A5CD023FD0A6EE0C,1,2,0.0,0,MQ,65,0.0,0,0
1840,b11aa9bd-a173-4bac-a2f3-3c7cab0f01b3,3,3,0.0,0,IQ,65,0.0,0,0
1841,da54dcad-7bf9-4882-9b84-390ba1936c3e,2,2,0.0,0,VE,63,0.0,0,0
1842,134d94b2-c229-42a6-9d39-145a1da55399,1,1,0.0,0,VE,63,0.0,0,0
1843,820CE9B10DBAA6D2,1,4,0.0,0,AR,65,0.0,0,0
1844,3AB9D6F1E8BAB8D3,1,2,0.0,0,PA,65,0.0,0,0
1845,E78D44498104AE4C,1,27,0.0003,1,VE,63,0.0,0,1
1846,E53EB0513B939925,1,1,0.0,0,AR,65,0.0,0,0
1847,DFBB8C81C68B2B89,1,12,0.0,0,VE,64,0.0,0,0
1848,8C25379E7EB817B1,1,7,0.0,0,DZ,65,0.0,0,0
1849,9c32ef99-9739-427d-842c-e101393983d5,2,6,0.0,0,MA,63,0.0,0,0
1850,a0bd09e1-dccb-4472-ae0f-a1cc35a282b5,2,3,0.0,0,SN,63,0.0,0,0
1851,6d76b93d-b810-4f41-ae7c-0d6ed67a0be8,1,1,0.0,0,MX,64,0.0,0,0
1852,C79A5F84C8B5311,1,1,0.0,0,DZ,63,0.0,0,0
1853,97c3e1e6-fcbf-4efe-a3aa-e831df59112d,2,2,0.0,0,IQ,65,0.0,0,0
1854,6C1E94D8458B2D96,1,1,0.0,0,IN,65,0.0,0,0
1855,a58e6673-5dc3-40b6-8ecf-ed7cee208cbe,1,1,0.0,0,IN,64,0.0,0,0
1856,F8492EDBC0898B11,1,1,0.0,0,US,63,0.0,0,0
1857,EF201C570835AF23,1,14,0.0,0,DZ,64,0.0,0,0
1858,6A394AB92F5002D7,1,16,0.0,0,SA,64,0.0,0,0
1859,884BA8D09582536F,3,21,0.0,0,UY,65,0.0,0,0
1860,94888513DEC04C4C,3,23,0.0004,1,VE,64,0.0,0,1
1861,A034E096140D458B,1,8,0.0,0,US,64,0.0,0,0
1862,FE41478A9073B9FE,1,4,0.0,0,IN,63,0.0,0,0
1863,4F6753AFE6F4747B,1,3,0.0013,1,SA,63,0.0,0,1
1864,2D71405C6275072D,1,1,0.0,0,GB,64,0.0,0,0
1865,72e34ed7-4ba1-4b17-bcf9-a190216602a0,1,1,0.0,0,IN,65,0.0,0,0
1866,80F0C48DD9D4BCC9,1,4,0.0,0,HN,63,0.0,0,0
1867,7DC0F311DAB62D4F,1,7,0.0,0,DZ,64,0.0,0,0
1868,5E9C4A0F0228EC10,1,14,0.0254,3,JP,64,0.0,0,1
1869,F8864DAFED7BDC16,2,4,0.0,0,US,65,0.0,0,0
1870,7DEE41934DB71E28,1,1,0.0,0,DZ,64,0.0,0,0
1871,6B6A89A4DC561F9B,4,12,0.1059,2,US,65,0.0,0,1
1872,9EF4A45955C847A9,1,3,0.0,0,BR,64,0.0,0,0
1873,774E8B0D3BEB4F5B,2,5,0.0,0,US,64,0.0,0,0
1874,86776869-7b1c-4265-9d15-1bf4f960bdb8,1,1,0.0,0,DZ,63,0.0,0,0
1875,76DE8565CD88D7E,1,37,0.1889,7,CA,63,0.0,0,1
1876,731D53BFDEB319C4,1,15,0.0006,1,IN,65,0.0,0,1
1877,97DEAF7A814B736C,2,42,0.0082,13,GB,65,0.0,0,1
1878,FE09C8DF6D0314A0,2,9,0.0048000000000000004,2,IQ,65,0.0,0,1
1879,A1EFD3810C1E86A4,1,1,0.0,0,IN,65,0.0,0,0
1880,8625D913A0C7915E,1,4,0.0,0,PK,63,0.0,0,0
1881,1715c1fe-4183-412e-84b3-1fbb2ef8662b,1,1,0.0,0,VE,63,0.0,0,0
1882,4AC1D2DBF6C35EA0,1,1,0.0,0,US,64,0.0,0,0
1883,9db8dc7e-d83d-4d4c-85d3-96b1766470cc,1,1,0.0,0,IN,64,0.0,0,0
1884,CD82D9220E0F1BEF,1,3,0.0,0,TN,65,0.0,0,0
1885,A95D15A9B3F6BB1E,2,34,0.056299999999999996,9,US,64,0.0,0,1
1886,9A135E54B1A20303,1,3,0.0,0,GB,63,0.0,0,0
1887,1dcba60c-78d4-409f-b5a5-55ad161881ab,1,1,0.0,0,CI,64,0.0,0,0
1888,7A630A93CD428E2D,1,1,0.0,0,US,64,0.0,0,0
1889,98f9ef57-13dd-468e-8287-63170fbe8a40,1,1,0.0,0,DZ,65,0.0,0,0
1890,F583495056110BFA,1,4,0.0,0,VE,63,0.0,0,0
1891,fcd1a5a9-5026-48b3-86ff-de4358adc05a,1,1,0.0,0,SA,65,0.0,0,0
1892,9AE10F49BCA729F0,1,8,0.0244,1,US,65,0.0,0,1
1893,CB52E42C816828AF,1,4,0.0,0,NG,64,0.0,0,0
1894,1758FFDA2A247A87,1,3,0.0,0,US,65,0.0,0,0
1895,B5D942CEA964714D,1,13,0.0,0,CU,63,0.0,0,0
1896,20B5597801AAC5FE,3,5,0.0,0,PH,65,0.0,0,0
1897,BA304345E1D735A4,1,19,0.006699999999999999,5,PE,65,0.0,0,1
1898,D67CCB3D44BBBA20,1,5,0.0,0,LB,63,0.0,0,0
1899,9914BBEADA566CD7,1,3,0.0,0,LY,64,0.0,0,0
1900,5e12dc9c-f95c-4000-b5ec-2d395e009842,1,1,0.0,0,US,65,0.0,0,0
1901,F51D40735100F1,1,5,0.0,0,MA,63,0.0,0,0
1902,1F2E4519CCCDB28B,1,5,0.0,0,DZ,63,0.0,0,0
1903,B18F72C82C614065,1,2,0.0,0,AR,64,0.0,0,0
1904,A86BF2D0FB0802E,1,1,0.0,0,US,65,0.0,0,0
1905,374EE1D98C70B673,1,20,0.0667,9,PE,63,0.0,0,1
1906,4D79913B53A3BC84,1,8,0.0109,1,PT,64,0.0,0,1
1907,5AE776DF1FC3018B,1,13,0.0884,4,MY,63,0.0,0,1
1908,D3C9E0AD0B34C76,1,3,0.0,0,IQ,64,0.0,0,0
1909,8ABC6F3E665867A8,1,3,0.0,0,US,63,0.0,0,0
1910,60E382031A4D4849,1,3,0.0,0,GB,63,0.0,0,0
1911,2BF8C434F8797B58,1,1,0.0,0,SN,65,0.0,0,0
1912,8BF1095B23BAE605,2,19,0.0,0,DZ,64,0.0,0,0
1913,2733FDFB5EDAACA7,1,7,0.031700000000000006,2,US,64,0.0,0,1
1914,2133DA50FEC4243E,3,16,0.0015,2,VE,64,0.0,0,1
1915,AD78951CC5AC676D,1,10,0.0004,1,PK,65,0.0,0,1
1916,E35A88A9D5095FA9,2,3,0.0,0,FR,63,0.0,0,0
1917,34acd12a-0617-4bbb-96b0-fbf1f31972fe,2,12,0.0,0,VE,63,0.0,0,0
1918,BBF427A9DAFB5F0A,1,14,0.0039,1,US,64,0.0,0,1
1919,716F32BF5C9E6C3F,1,4,0.0003,1,US,64,0.0,0,1
1920,9AC67DBB4180242C,2,8,0.0,0,AR,63,0.0,0,0
1921,228f5ea1-6045-4c27-ac63-9a86ddf3bff3,1,1,0.0,0,PK,63,0.0,0,0
1922,7EB87C535B2FB199,1,2,0.0,0,IR,64,0.0,0,0
1923,7c3cb305-7848-4175-9e9b-4e27098359ee,1,1,0.0,0,IN,65,0.0,0,0
1924,443ee93c-244e-404e-a1f1-feba867b693c,1,1,0.0,0,VE,63,0.0,0,0
1925,4EAD19C84F83D60F,1,1,0.0,0,CA,63,0.0,0,0
1926,FCB6906885B696F9,2,2,0.0,0,US,65,0.0,0,0
1927,129E7AD426F49CB3,2,15,0.1879,3,US,65,0.0,0,1
1928,6d6a0630-7c88-400d-a096-c6a2ddacb17a,2,2,0.0,0,BR,64,0.0,0,0
1929,A58A4FAE0108087F,6,19,0.0011,1,ZW,63,0.0,0,1
1930,3175E67544324678,1,9,0.0048000000000000004,2,GB,63,0.0,0,1
1931,C2F0A4BDB8E300EF,1,4,0.0,0,BR,64,0.0,0,0
1932,1D747997AF88E3DC,2,16,0.0031,1,CO,64,0.0,0,1
1933,142C0139D42F9C61,2,11,0.0,0,SA,63,0.0,0,0
1934,b8fdc939-f3f1-4381-b3a1-37e571d85045,1,1,0.0,0,DZ,65,0.0,0,0
1935,D10A9E0227B14A1A,2,19,0.023799999999999998,4,MX,63,0.0,0,1
1936,A6378ACA36F1741,1,4,0.0,0,BD,65,0.0,0,0
1937,fa4ba8a2-adc3-43ad-9556-e44dcce2a31e,1,1,0.0,0,GW,63,0.0,0,0
1938,27159956FAE56FA,1,11,0.0294,3,SA,65,0.0,0,1
1939,331d2a87-c4cf-4b3c-9517-a13650a57163,1,2,0.0,0,BW,65,0.0,0,0
1940,aa08918a-4b9f-448e-9c03-393cc1edb952,1,2,0.0,0,MX,65,0.0,0,0
1941,6F344D5FDB9972FD,1,2,0.0,0,US,65,0.0,0,0
1942,59302B27DEDA2318,1,1,0.0,0,BR,64,0.0,0,0
1943,927FAB3D4E2BA22C,1,1,0.0075,1,PE,65,0.0,0,1
1944,ceeeb7eb-f0c0-4916-bdf1-56a7d4196f0c,1,1,0.0,0,PH,63,0.0,0,0
1945,1f3fbf4b-4b9a-4614-a10a-f47b3e1befec,1,1,0.0,0,DZ,65,0.0,0,0
1946,D89C400BE2D47CD4,2,10,0.0,0,EG,63,0.0,0,0
1947,EFB56DAF50A9843B,1,6,0.0,0,GB,63,0.0,0,0
1948,8B51BFE9B74D4AF7,2,6,0.0,0,ID,63,0.0,0,0
1949,AE8C1AACDF4E199C,1,13,0.2343,1,US,65,0.0,0,1
1950,EFABD3531BFBE4FE,1,6,0.0,0,US,65,0.0,0,0
1951,D6D21D6289C4552D,1,6,0.0,0,IN,63,0.0,0,0
1952,CA1BF9C4C08409B7,1,10,0.0,0,AR,65,0.0,0,0
1953,a71c676a-895d-4839-848d-58c6434bfba9,2,2,0.0,0,DZ,65,0.0,0,0
1954,ead6cff2-0b67-4ab6-be05-8634fea6d697,1,3,0.0,0,DZ,63,0.0,0,0
1955,52c52dad-33e0-4185-99f6-1a7ad5886788,1,1,0.0,0,US,65,0.0,0,0
1956,1F646FEC463323C7,1,1,0.0,0,CO,65,0.0,0,0
1957,38DABE24CC2B206E,1,3,0.0,0,US,65,0.0,0,0
1958,5ac86833-6123-40c8-82c5-a3cc2dd3d35e,1,32,0.0,0,LA,64,0.0,0,0
1959,F3C8C3A4BCEB69B0,2,7,0.0,0,VE,65,0.0,0,0
1960,269f16be-6ac5-41dd-a4a7-1475b510fc38,1,1,0.0,0,TN,63,0.0,0,0
1961,C0224C8C5ACB3BF8,1,32,1.0579,2,US,65,0.0,0,1
1962,4494E7AE8C5D14CE,1,1,0.0,0,SA,63,0.0,0,0
1963,DC149A916CD6F2E0,1,1,0.0,0,US,64,0.0,0,0
1964,253FCFB7EDAE42E6,3,9,0.0,0,JP,65,0.0,0,0
1965,715443AF45D6EB2D,1,1,0.0,0,CO,64,0.0,0,0
1966,AB61EE94EA200D32,1,2,0.0,0,IQ,65,0.0,0,0
1967,784939A5862D5502,1,2,0.0,0,MX,64,0.0,0,0
1968,763c2a53-d1f4-4573-89eb-f09dab23bc63,1,1,0.0,0,KN,65,0.0,0,0
1969,1FDAB432C0A30020,1,1,0.0,0,US,64,0.0,0,0
1970,58BDFDFD8F3A317C,1,1,0.0,0,US,65,0.0,0,0
1971,734D039B70043DE4,1,9,0.0,0,CL,64,0.0,0,0
1972,FF12AE8425E8B398,3,48,0.17240000000000003,13,US,65,0.0,0,1
1973,32CACFA9905A6FF0,1,3,0.0,0,NZ,64,0.0,0,0
1974,D98B684C118E50F9,1,12,0.0206,1,US,64,0.0,0,1
1975,30773AA048108D05,2,5,0.0,0,CA,65,0.0,0,0
1976,6EBB32D5A1672255,1,3,0.0,0,MX,64,0.0,0,0
1977,1F1044E64CCCF162,2,2,0.0,0,GB,63,0.0,0,0
1978,253F519719D1A4EF,1,2,0.0,0,EG,65,0.0,0,0
1979,511C9A2B52EF0535,5,123,0.0,0,CU,65,0.0,0,0
1980,D8B906576BD1E6C2,8,26,0.0,0,IR,65,0.0,0,0
1981,B213CA643A0506A1,1,3,0.0,0,BD,63,0.0,0,0
1982,651f202b-2a06-4795-8582-ac256f8c9316,2,2,0.0,0,DZ,63,0.0,0,0
1983,301D940350201996,2,11,0.11040000000000001,5,US,65,0.0,0,1
1984,2377F1568991C3D3,5,22,0.0431,6,US,65,0.0,0,1
1985,9FE4510B697E0665,3,25,0.1969,5,US,64,0.0,0,1
1986,81511A4C22109C26,3,11,0.0,0,NI,64,0.0,0,0
1987,11551903643E9B8A,1,14,0.0013,1,HT,65,0.0,0,1
1988,ceb45009-9169-4575-8524-e3e4b4893a18,1,6,0.0,0,IN,63,0.0,0,0
1989,C666ADB125FF7AE2,1,5,0.0357,1,US,63,0.0,0,1
1990,7AF20A1156B337D2,1,1,0.0,0,GB,65,0.0,0,0
1991,f67f3277-b8ad-4b50-b663-2484ac5e4b53,4,8,0.0,0,VE,65,0.0,0,0
1992,2685712F15DC95B2,6,44,0.0034999999999999996,9,DZ,65,0.0,0,1
1993,73080DCE777D4BCB,1,13,0.0,0,DZ,65,0.0,0,0
1994,B235AB84212F5832,1,30,0.03969999999999999,11,EC,63,0.0,0,1
1995,F2BF724BC9A1F321,1,20,0.0,0,NI,64,0.0,0,0
1996,DD914586C3B19065,1,6,0.0016,2,DO,63,0.0,0,1
1997,34C8D81E0862638A,1,3,0.0,0,US,63,0.0,0,0
1998,9124D5FD58710DC9,2,8,0.0,0,SN,63,0.0,0,0
1999,95EF6ECF4B365A30,1,3,0.0,0,US,64,0.0,0,0
2000,7e627e77-297b-457f-a214-28f4de57284a,1,1,0.0,0,VE,63,0.0,0,0
2001,df8b6ed3-3b8e-4d5a-afab-89c555c969ea,1,1,0.0,0,PK,65,0.0,0,0
2002,1f7eacfb-1153-4a96-9134-1b78c31ee34b,1,1,0.0,0,LY,63,0.0,0,0
2003,96C50C0892CBA38E,1,6,0.0002,1,ID,64,0.0,0,1
2004,9D013EF72C8B679E,1,4,0.0,0,CA,65,0.0,0,0
2005,8BB4534DEBA47B4E,1,12,0.1176,3,US,63,0.0,0,1
2006,E6E591081FB2E692,1,9,0.0105,1,US,65,0.0,0,1
2007,64B7EEED54458539,1,7,0.0272,2,US,64,0.0,0,1
2008,7AF119B5C259BCB7,1,18,0.0016,1,IQ,63,0.0,0,1
2009,E03298CE9F4627F6,1,5,0.0,0,VE,63,0.0,0,0
2010,D9F8995C1230F238,2,4,0.0,0,US,63,0.0,0,0
2011,6F0A8C6B178EF613,1,3,0.0,0,IQ,64,0.0,0,0
2012,58645BBAF6147C88,1,1,0.0,0,EG,63,0.0,0,0
2013,18D3964D0A520DD0,1,3,0.0,0,DZ,65,0.0,0,0
2014,517C963FB447C27B,4,21,0.0011,1,MA,65,0.0,0,1
2015,C15F628486249972,1,2,0.0,0,FR,64,0.0,0,0
2016,DA9C43C61C434F6E,1,4,0.0,0,AO,63,0.0,0,0
2017,FA888B36972642BC,1,21,0.0926,5,US,64,0.0,0,1
2018,6471A1FF3DAE59,1,3,0.0,0,CO,64,0.0,0,0
2019,CC0E92AC80AB00D8,1,3,0.0,0,PH,63,0.0,0,0
2020,5F05B2A407178B1E,1,6,0.0,0,US,63,0.0,0,0
2021,07a1dea5-d1c1-45a6-ac3f-074900c5904d,1,3,0.0,0,MA,63,0.0,0,0
2022,F4ACB454102016CB,2,14,0.0715,1,US,65,0.0,0,1
2023,8F892ED28F2F95CD,1,6,0.0038,1,US,64,0.0,0,1
2024,8029802335A4315E,3,20,0.0161,6,IN,64,0.0,0,1
2025,A6E7E3619C728B71,2,2,0.0,0,YE,65,0.0,0,0
2026,71F9478B11109630,1,7,0.434,1,CA,65,0.0,0,1
2027,4DC463E63EEBE375,1,1,0.0,0,US,65,0.0,0,0
2028,2066056d-9404-4b5b-abc7-59013ac3ecee,1,1,0.0,0,IN,63,0.0,0,0
2029,06fe5da4-aedf-4f15-92f9-d997bb0981c8,1,1,0.0,0,UA,64,0.0,0,0
2030,F38F7FA5D57C750E,1,3,0.0,0,SA,63,0.0,0,0
2031,a091ba15-d680-4ed3-bbe5-fd62cfd85d54,1,1,0.0,0,EG,65,0.0,0,0
2032,F0E1C641DE4BA814,1,58,0.028000000000000004,12,PT,65,0.0,0,1
2033,4037E69E2C0DE176,1,3,0.0,0,US,63,0.0,0,0
2034,819b3f44-5582-47af-b867-da43d744162a,1,1,0.0,0,IN,64,0.0,0,0
2035,8C5BC14759350BCD,6,18,0.0014,4,IN,64,0.0,0,1
2036,CA577CA1970F78C1,1,6,0.0085,1,CO,64,0.0,0,1
2037,F2D49BF0AF9F5577,1,3,0.0,0,US,63,0.0,0,0
2038,B9F61DFD572C5157,1,2,0.0,0,MX,65,0.0,0,0
2039,94823C8197E08AE6,1,1,0.0,0,US,64,0.0,0,0
2040,8C4161659CCDA945,6,30,0.08460000000000001,8,US,63,0.0,0,1
2041,63E1803342C39EE9,1,23,0.1125,6,US,65,0.0,0,1
2042,1C1BD94FAE7595D3,2,15,0.0010999999999999998,2,IQ,63,0.0,0,1
2043,509FB05AA6CE9FFB,1,12,0.0,0,BR,63,0.0,0,0
2044,8067EC34B91544DF,2,5,0.0288,1,US,65,0.0,0,1
2045,C77107D2FA11F0A3,4,7,0.0,0,US,65,0.0,0,0
2046,F6A4F64364408B58,1,2,0.0,0,PY,65,0.0,0,0
2047,F969D1B5533F62D8,20,91,0.0,0,VE,64,0.0,0,0
2048,AA58C4C7F638CC10,1,3,0.0,0,US,65,0.0,0,0
2049,FAB73640157D845,1,5,0.3016,1,US,63,0.0,0,1
2050,A8B5A3A6DBEA3D69,3,10,0.0,0,DZ,64,0.0,0,0
2051,64739846727BAD9F,1,1,0.0,0,MX,63,0.0,0,0
2052,9FC2A8C71E3F1436,3,48,0.13449999999999998,14,GB,65,0.0,0,1
2053,7F31496E193E271E,3,8,0.0,0,MX,64,0.0,0,0
2054,7C66AB1CA7146C88,1,2,0.0,0,TH,63,0.0,0,0
2055,9da64a5f-9ec6-4a6f-931a-c7fc16a69887,2,2,0.0,0,US,63,0.0,0,0
2056,D07C930899F81948,1,3,0.0,0,CG,63,0.0,0,0
2057,5B3CC2F5EC0E8A76,2,5,0.0,0,DZ,65,0.0,0,0
2058,8AAC3A78128DEA7A,3,12,0.2387,2,US,65,0.0,0,1
2059,6E13C80E16C08978,3,14,0.1171,1,CA,65,0.0,0,1
2060,71c0b6d2-ab5b-4680-847f-e2e2972f4891,3,13,0.0,0,DZ,63,0.0,0,0
2061,89EDFA03250DA348,6,17,0.0016,3,DZ,64,0.0,0,1
2062,78F68B0402FC91F1,1,9,0.0,0,US,63,0.0,0,0
2063,D0774F4D19495D01,1,3,0.0,0,US,63,0.0,0,0
2064,24e6f954-edf8-4e2d-b10e-772b04f3c51f,7,21,0.0,0,NP,65,0.0,0,0
2065,3099EA6D3587D5A8,1,4,0.0003,1,GB,63,0.0,0,1
2066,F6516863DF653033,7,47,0.0,0,AO,63,0.0,0,0
2067,53569ABB75A5CB1F,2,4,0.0,0,GH,65,0.0,0,0
2068,CE4585AB10FE76AD,2,2,0.0,0,IN,64,0.0,0,0
2069,C6772063974CAC0D,3,5,0.0,0,EG,63,0.0,0,0
2070,1C326700A7560BA1,2,17,0.4209,4,US,65,0.0,0,1
2071,34DDFB157624AD05,1,3,0.0,0,US,63,0.0,0,0
2072,7118793C6265323B,1,1,0.0,0,DM,63,0.0,0,0
2073,69536ADD5E47BE46,1,1,0.0,0,DE,64,0.0,0,0
2074,DD41D9A0AD4B3C42,3,8,0.0,0,MA,64,0.0,0,0
2075,77B57C730BA5298D,1,23,0.0,0,GB,63,0.0,0,0
2076,A3A7AB6D9F5F09DA,4,79,1.5988,22,US,65,0.0,0,1
2077,C6B1E63EBB5ECF59,1,4,0.0,0,FR,63,0.0,0,0
2078,570D7035D868A19C,2,3,0.0,0,MX,64,0.0,0,0
2079,8C469B2E0ABABF08,3,20,0.0057,6,CI,64,0.0,0,1
2080,F758D00C6343B416,2,2,0.0,0,AR,63,0.0,0,0
2081,9271DCECACD85030,1,4,0.0,0,EG,64,0.0,0,0
2082,799A558D254D6F44,2,6,0.0035,1,SA,65,0.0,0,1
2083,91c761b4-97f1-4155-9612-6cb3a7528a69,1,1,0.0,0,BR,65,0.0,0,0
2084,15790968-c1f1-42fe-ad67-ddbfdfe0baef,2,2,0.0,0,PY,63,0.0,0,0
2085,5c6bd8f9-ea9a-43f1-9540-81e3cbf374c6,1,3,0.0,0,BR,64,0.0,0,0
2086,1077443904A6ECAE,1,12,0.0,0,IQ,65,0.0,0,0
2087,FB0C2A9FDB82F5E9,3,22,0.0016,6,GB,64,0.0,0,1
2088,C0C9E3C9583EC9B3,1,4,0.0089,1,US,65,0.0,0,1
2089,3F5123812AAC0FF3,1,7,0.0,0,DZ,63,0.0,0,0
2090,9FCFDED6B540ECFF,1,20,0.0,0,LC,63,0.0,0,0
2091,8AE6C1344A0F47F6,1,4,0.0,0,US,64,0.0,0,0
2092,D2A2C230ABD9A5CD,5,32,0.0,0,DZ,63,0.0,0,0
2093,F5349D417A6A17E0,1,5,0.0,0,AU,63,0.0,0,0
2094,D43A2CC8377E2391,5,12,0.0055,1,US,65,0.0,0,1
2095,551D8E60735F1E9E,6,23,0.0029,1,PH,65,0.0,0,1
2096,4fd8a367-00a0-4e0e-bc6d-eb45ba946b52,2,4,0.0,0,SV,65,0.0,0,0
2097,AEA48DDA7FDE498D,1,11,0.0493,2,US,63,0.0,0,1
2098,3ABE4E2C62BFBBAC,11,44,0.0004,1,DZ,64,0.0,0,1
2099,835315ec-41af-4239-937e-c4acb377a306,1,1,0.0,0,IQ,65,0.0,0,0
2100,D3B021434858ECF0,1,6,0.0,0,SO,64,0.0,0,0
2101,13b01856-e1d3-4b9c-96b3-17467eecfa45,1,1,0.0,0,ZA,64,0.0,0,0
2102,37CD85094F7E45CD,1,1,0.0,0,US,65,0.0,0,0
2103,6ECFD134AA0785B1,19,119,0.0001,1,DZ,65,0.0,0,1
2104,CF491C2306CBF5BB,1,1,0.0,0,AG,64,0.0,0,0
2105,3388cbcb-78a7-47ca-acba-6721e3a658ad,3,13,0.0,0,IN,63,0.0,0,0
2106,72BFEF249FA0F780,1,72,0.008599999999999998,23,IN,65,0.0,0,1
2107,78772AE154EC4AFA,1,19,0.004399999999999999,6,RU,65,0.0,0,1
2108,70C2D008E7DEF0D1,5,17,0.0085,11,TH,65,0.0,0,1
2109,81EF0F29F5ADD319,1,8,0.0,0,LY,65,0.0,0,0
2110,C42F276415ADA8F0,1,5,0.0,0,MX,63,0.0,0,0
2111,C0575AA78D29DFFB,2,5,0.0,0,US,64,0.0,0,0
2112,98010F32691766D0,1,7,0.0136,1,US,64,0.0,0,1
2113,94AAC759F38D4338,3,24,0.0,0,DZ,63,0.0,0,0
2114,AA277800302D66FA,1,7,0.0745,1,US,65,0.0,0,1
2115,B650A45DD3C1123A,1,3,0.0,0,CA,65,0.0,0,0
2116,94C801DBD9350403,5,35,0.0029,5,DZ,65,0.0,0,1
2117,4C1DC3E1BCDF1935,2,9,0.0,0,US,63,0.0,0,0
2118,FCB33622AAB32179,1,4,0.0,0,CA,64,0.0,0,0
2119,DEA2C581470CA0E0,1,5,0.0,0,US,63,0.0,0,0
2120,C86EEE66E618AB7F,1,6,0.0,0,LA,63,0.0,0,0
2121,9B8A6CB6D7EEECB3,4,56,2.2279,12,US,63,0.0,0,1
2122,DF3165BE05088632,1,3,0.0,0,US,65,0.0,0,0
2123,92B215390A96B36D,2,6,0.0409,1,US,65,0.0,0,1
2124,C25593F243B6DF60,1,7,0.0,0,DZ,63,0.0,0,0
2125,5856F28DBE3DA6E,1,3,0.0,0,NG,64,0.0,0,0
2126,2A55DCA7D3A8DC65,1,5,0.0,0,DZ,64,0.0,0,0
2127,6506270152C4EF3F,4,61,0.0027,1,BR,64,0.0,0,1
2128,7C46B271735A878,1,2,0.0,0,MY,65,0.0,0,0
2129,af9a8bc4-44e2-45d8-94c2-09692cf33f3b,1,1,0.0,0,MY,65,0.0,0,0
2130,A439D404E219689E,5,39,0.0035,2,EG,65,0.0,0,1
2131,0e18a569-1161-4f5a-b118-b1915dd27430,6,96,0.0047,2,PH,65,0.0,0,1
2132,3489CCC2DBE70E5D,1,7,0.0028,2,PH,64,0.0,0,1
2133,A3A508A5D302A7E7,1,27,0.0011,2,LY,63,0.0,0,1
2134,2DE717C76FAD98C,1,3,0.0,0,US,65,0.0,0,0
2135,2E4D420D015F354,1,13,0.0125,5,US,63,0.0,0,1
2136,482a7be4-72ae-41e6-ba0f-6664a7bdcf1b,4,18,0.0,0,CI,63,0.0,0,0
2137,7F228A77E4BED563,2,5,0.0,0,DZ,65,0.0,0,0
2138,FBA90A99249A9E52,2,5,0.0,0,LY,64,0.0,0,0
2139,9D8A5BF2B453C3C,1,6,0.0,0,NG,65,0.0,0,0
2140,63C992D36546A8BC,1,5,0.0,0,--,63,0.0,0,0
2141,AE223DCF6735B330,2,2,0.0,0,US,65,0.0,0,0
2142,119e6d7d-08f4-4d8b-8824-54e78298f793,1,1,0.0,0,IN,64,0.0,0,0
2143,B2D36469E6838D47,1,7,0.0,0,SA,65,0.0,0,0
2144,9D3DF6D8499682EE,1,14,0.0,0,LA,63,0.0,0,0
2145,2D5108B45CFF3373,1,3,0.0,0,US,65,0.0,0,0
2146,F98CB993172B90BB,1,2,0.0,0,US,63,0.0,0,0
2147,C29A4E73559509EB,4,39,0.0,0,CU,64,0.0,0,0
2148,90B883D7AC0BE391,3,20,0.005899999999999999,5,PK,65,0.0,0,1
2149,d5118b07-1f0b-4068-a25a-fdee4b1091ad,2,2,0.0,0,DZ,63,0.0,0,0
2150,f0c74563-1e2e-4155-8693-eb8629bc7610,1,1,0.0,0,LY,65,0.0,0,0
2151,BF031851C2384B11,3,8,0.0,0,MX,64,0.0,0,0
2152,49F0641ABFBBD54B,1,2,0.0,0,AU,65,0.0,0,0
2153,8ebf16c1-95c7-452b-9bd1-a235de545460,1,1,0.0,0,DZ,63,0.0,0,0
2154,49AF613EB8EC08DF,1,27,0.0457,8,US,65,0.0,0,1
2155,E9F7437038915802,1,1,0.0,0,US,64,0.0,0,0
2156,A68F1F39DAE7E980,2,4,0.0,0,JP,64,0.0,0,0
2157,52f08739-b0e4-4f90-9e72-179aa0637b37,2,2,0.0,0,EC,64,0.0,0,0
2158,A580824C958E6630,1,6,0.0048,1,ID,64,0.0,0,1
2159,2FFDCAABDD5DC4E4,1,1,0.0,0,BO,64,0.0,0,0
2160,9E78E19CC495E17E,1,1,0.0,0,VE,64,0.0,0,0
2161,DAD9AD42B36BCCD,2,6,0.035500000000000004,2,PH,64,0.0,0,1
2162,4DA4B033C9009805,1,7,0.0088,2,TR,63,0.0,0,1
2163,F77FB09DBB0DAB8A,3,6,0.0,0,US,64,0.0,0,0
2164,43461DC875012EBD,1,7,0.0039,2,CA,63,0.0,0,1
2165,ACA1DDC7385CB0F4,1,3,0.0,0,MX,65,0.0,0,0
2166,DC02BFC595F71D9A,1,3,0.0,0,DZ,63,0.0,0,0
2167,15C3B475A1812CAD,1,9,0.0,0,VE,63,0.0,0,0
2168,E05143DD4EE548EB,1,3,0.0,0,IN,64,0.0,0,0
2169,572699b1-e731-41de-8146-8fab26169e42,2,2,0.0,0,US,64,0.0,0,0
2170,9ABC14083727ADA3,1,5,0.0,0,MA,63,0.0,0,0
2171,2D97AD6F11ADD953,2,12,0.0,0,US,64,0.0,0,0
2172,A6757A42F583896F,1,1,0.0,0,IQ,63,0.0,0,0
2173,CA271556C36D95E4,8,71,0.1439,26,US,65,0.0,0,1
2174,F0196BE0748660F3,1,18,0.0013,4,DZ,63,0.0,0,1
2175,DFBC6B5D4C9332F1,3,16,0.224,2,US,65,0.0,0,1
2176,837c6679-2234-4138-963f-06c9f0206b5e,1,1,0.0,0,BR,65,0.0,0,0
2177,864fbf1b-992b-4253-83e2-72362cf6c17a,1,1,0.0,0,HN,63,0.0,0,0
2178,D11FAFD2314ED0F9,1,5,0.0,0,VE,65,0.0,0,0
2179,188633B997935F00,1,7,0.0,0,US,63,0.0,0,0
2180,5C15476E51ADE691,16,94,0.0013,2,NG,65,0.0,0,1
2181,99F0CA9C624D1646,3,21,0.002,4,MK,63,0.0,0,1
2182,BB62201C5F25B752,1,1,0.0,0,US,63,0.0,0,0
2183,71E50F6004BB9D80,1,2,0.0,0,MX,64,0.0,0,0
2184,ff1f2e95-f207-469c-adf2-369025d63f92,1,1,0.0,0,CA,63,0.0,0,0
2185,5d44126f-8d0e-4859-a7e0-151ccef7afdf,1,1,0.0,0,US,64,0.0,0,0
2186,50D6764E9AA8EA1,2,4,0.0,0,GB,65,0.0,0,0
2187,56912D637E19B588,1,1,0.0,0,CA,64,0.0,0,0
2188,2885CA9754D4CCF8,4,4,0.0,0,DO,63,0.0,0,0
2189,E1FCF792D1086430,2,2,0.0,0,US,65,0.0,0,0
2190,50050D916FE8A425,1,15,0.0,0,AZ,63,0.0,0,0
2191,d9a4cdd9-b54f-4d65-9578-24508a2b7529,2,3,0.0,0,EG,64,0.0,0,0
2192,6D51D871A4473FE8,1,5,0.0,0,PH,63,0.0,0,0
2193,f5d49300-1294-46ac-ad19-566ec41bf230,3,57,0.0,0,DZ,63,0.0,0,0
2194,126E6C483C387C9,2,18,0.0118,5,IN,63,0.0,0,1
2195,187A243DF7022782,1,17,0.0,0,KH,63,0.0,0,0
2196,6BA69A3037539DB4,1,5,0.0,0,CA,64,0.0,0,0
2197,20EE3F4635ED5F78,1,4,0.0,0,MA,64,0.0,0,0
2198,4eb37a28-02b9-4488-80f3-8cea36c1b879,2,4,0.0,0,ID,65,0.0,0,0
2199,ABEF10F219C1D46F,1,2,0.0,0,GB,63,0.0,0,0
2200,AFFE3DA5C1E5E6BE,1,2,0.0,0,EG,65,0.0,0,0
2201,108A92083549A4E0,1,10,0.0,0,SA,64,0.0,0,0
2202,4D74914DE03889CD,1,3,0.0,0,US,64,0.0,0,0
2203,BCEEE54EDE183BB4,3,15,0.0,0,ZA,64,0.0,0,0
2204,E1DAE43AAA55BD3D,2,8,0.1216,2,US,65,0.0,0,1
2205,98A23B3F05D3FE9E,2,36,0.0215,8,MY,65,0.0,0,1
2206,72FE5518607E77F7,1,27,0.07350000000000001,5,MY,63,0.0,0,1
2207,1E7431E724671F39,4,13,0.0037,2,PH,65,0.0,0,1
2208,581B74167B029D20,2,8,0.0038,3,US,65,0.0,0,1
2209,55D9E05758406E02,7,44,0.0,0,US,65,0.0,0,0
2210,3468675e-2ac0-4f37-881c-525f9b95bce8,1,1,0.0,0,US,65,0.0,0,0
2211,71A5432AB52B8D85,1,2,0.0,0,GB,63,0.0,0,0
2212,BE9D5D19834B8373,1,2,0.0,0,ID,64,0.0,0,0
2213,b116eb3d-b606-45a9-9268-c47832734be8,1,1,0.0,0,DK,63,0.0,0,0
2214,f9e7c0e8-a2ca-4fe1-a840-90df7b7a25ec,2,4,0.0,0,MA,65,0.0,0,0
2215,2BA3A8AF24D6FC61,4,69,0.0001,1,IN,65,0.0,0,1
2216,84361A0B726D7536,2,5,0.0,0,GR,64,0.0,0,0
2217,2CFA714206423F38,1,13,0.043100000000000006,6,US,63,0.0,0,1
2218,28353137649C61BD,2,8,0.0,0,US,65,0.0,0,0
2219,70b7d962-d35e-456f-986f-fef26c98f5db,2,2,0.0,0,IQ,65,0.0,0,0
2220,EE85BA8A1B39362A,2,6,0.0018,4,MK,63,0.0,0,1
2221,2A8108C2B384AC01,5,18,0.1151,1,US,64,0.0,0,1
2222,736290C6ADEAA419,1,4,0.0,0,AU,63,0.0,0,0
2223,C38F0BACD5AC6D12,1,4,0.0038,1,SG,64,0.0,0,1
2224,CB73A9D47292F6FE,3,26,0.0,0,DZ,64,0.0,0,0
2225,c2d90fb8-5db1-4f5f-a1bc-2344b624b318,1,1,0.0,0,CO,64,0.0,0,0
2226,EDCC0E4847C2D56,2,3,0.0,0,VE,64,0.0,0,0
2227,de02edd5-c7d8-4661-aae1-6940e221b9f1,1,1,0.0,0,MX,63,0.0,0,0
2228,C772D67CBAB839AE,4,26,0.0091,9,IN,64,0.0,0,1
2229,746278776202EDB2,1,39,0.0033,12,IT,65,0.0,0,1
2230,8216BCC05334F5E8,1,8,0.0013,2,VE,65,0.0,0,1
2231,49E115DD9E20C20,3,3,0.0,0,GN,64,0.0,0,0
2232,E3533CC4DCE83046,2,7,0.0014,2,BR,65,0.0,0,1
2233,1BD1C97051C0AF6E,2,6,0.0,0,NL,64,0.0,0,0
2234,99B0E4FC8E5B16F,1,2,0.0,0,DZ,63,0.0,0,0
2235,1F3D048A1274A823,2,13,0.1619,1,US,63,0.0,0,1
2236,3B77AD0CCEC69258,2,4,0.0,0,US,65,0.0,0,0
2237,73DF067E5E8E303F,4,84,0.0,0,VE,63,0.0,0,0
2238,1b712485-8ac3-4c76-b253-e2f97331ca7c,1,1,0.0,0,PY,65,0.0,0,0
2239,997CF40A953D9F9A,1,4,0.0,0,US,64,0.0,0,0
2240,113A7714A02A5131,1,1,0.0,0,PE,65,0.0,0,0
2241,2C3523BEC2893A16,2,5,0.0,0,IQ,63,0.0,0,0
2242,1FB8157A9FB7B372,1,5,0.0,0,US,63,0.0,0,0
2243,4ca79556-dcf3-4d7a-b3c2-4369ff09dc3b,1,7,0.0,0,SN,63,0.0,0,0
2244,d83585ec-7a87-4378-9fba-1827a30f066a,2,2,0.0,0,MA,63,0.0,0,0
2245,62B562D40FCFD818,1,1,0.0,0,US,64,0.0,0,0
2246,4E1380E8DCF0CF0A,13,92,0.0,0,YE,65,0.0,0,0
2247,B898F165202EA91C,3,8,0.0,0,US,65,0.0,0,0
2248,521cfd3e-653f-4f8f-88db-cbd4f4f35d73,1,1,0.0,0,IN,64,0.0,0,0
2249,e249d9aa-1f00-42a9-9db7-c47a77cda033,3,18,0.0,0,DZ,63,0.0,0,0
2250,5C57E119F2DD0A26,1,2,0.0,0,YE,64,0.0,0,0
2251,90FD2F3642A636C8,4,17,0.0,0,DZ,64,0.0,0,0
2252,8059CF7A12E1B7F6,10,90,0.0089,4,NL,65,0.0,0,1
2253,F7CB96471246EEC8,1,3,0.0,0,LU,65,0.0,0,0
2254,7342CF9BBDE98DE3,1,1,0.0,0,US,64,0.0,0,0
2255,614f7f0a-4c98-4e8d-9957-c23a6cfadfd9,1,1,0.0,0,BR,65,0.0,0,0
2256,DC18135E4ADDF1E3,1,1,0.0,0,EC,64,0.0,0,0
2257,8B80E256692F9585,2,41,0.0039000000000000003,7,DZ,63,0.0,0,1
2258,E5BA12C146366AFE,1,33,0.19160000000000002,9,PH,64,0.0,0,1
2259,F2713C106C31A5F8,1,17,0.0008,1,US,63,0.0,0,1
2260,8577E1CF0C392258,2,63,0.011099999999999997,22,US,63,0.0,0,1
2261,4972C2B0342DF715,1,5,0.0,0,BR,63,0.0,0,0
2262,95CC5DADA93650B2,3,5,0.0007,1,IN,64,0.0,0,1
2263,D57E7898CDC26243,1,9,0.0,0,BR,65,0.0,0,0
2264,1629E6CE6713D9B9,1,19,0.0129,4,BR,63,0.0,0,1
2265,c1d14d57-f0a9-4d29-9008-27c61b41141d,1,1,0.0,0,IN,63,0.0,0,0
2266,2B6B5D6D2F86C495,1,4,0.0,0,LA,64,0.0,0,0
2267,EF687E553CDCEC88,2,4,0.0,0,US,64,0.0,0,0
2268,DD24FD7EEFFC6BCC,1,4,0.0,0,US,64,0.0,0,0
2269,5F51A96A25B6B0D3,3,19,0.0018000000000000002,5,BD,65,0.0,0,1
2270,765129F93B4369CE,3,15,2.9022,1,CA,63,0.0,0,1
2271,ADDA221FABBB648B,1,1,0.0,0,US,65,0.0,0,0
2272,9C6139DC9444890,2,5,0.0,0,CA,64,0.0,0,0
2273,37a4e6e5-600e-4ca5-aa19-409680160439,1,1,0.0,0,IN,65,0.0,0,0
2274,1862961B10E7DF85,2,2,0.0,0,KR,63,0.0,0,0
2275,d487b8e7-e432-45c0-9241-cba77b223dac,1,1,0.0,0,AR,64,0.0,0,0
2276,5f6090c4-5e21-4038-97ed-ca16f3dd0c5b,1,1,0.0,0,DZ,63,0.0,0,0
2277,67E326643EF19173,1,7,0.0,0,IN,63,0.0,0,0
2278,689BD7D9D6AD9E55,2,6,0.0,0,IN,64,0.0,0,0
2279,7878ea97-d0ee-4a00-82ee-469c8fa156cb,1,1,0.0,0,MA,63,0.0,0,0
2280,A6EC3DEC9BA1DB5B,1,2,0.0,0,BR,64,0.0,0,0
2281,23AE07B5BD947FE6,1,4,0.0,0,IN,63,0.0,0,0
2282,D101C24997B6C7BE,1,2,0.0,0,BD,65,0.0,0,0
2283,5273E90BC5C9CDD4,1,11,0.0,0,EG,64,0.0,0,0
2284,DF81C4DF569E69C7,1,1,0.0,0,US,63,0.0,0,0
2285,28A73C1842C6FE4A,2,18,0.0,0,IQ,64,0.0,0,0
2286,734A173472CC68E,1,17,0.0015,1,IT,63,0.0,0,1
2287,0084c86a-c564-4699-8231-99a95232ee60,3,10,0.0,0,IN,64,0.0,0,0
2288,279DA5684894D02A,3,11,0.005900000000000001,7,DE,64,0.0,0,1
2289,C2A2E4E5BEF8FBEB,2,6,0.0,0,DZ,63,0.0,0,0
2290,535A6ED76845D5E0,2,4,0.0,0,US,63,0.0,0,0
2291,D502EB22ADC0576D,2,4,0.0,0,DZ,65,0.0,0,0
2292,83E871BA01EDC52F,1,2,0.0142,1,US,65,0.0,0,1
2293,e6498302-4a8e-49ec-97f7-9700660b240b,1,1,0.0,0,ZA,64,0.0,0,0
2294,423DC5D6A436F0CD,1,2,0.001,1,NL,63,0.0,0,1
2295,5B3AC0C6A3F61587,1,3,0.0,0,US,64,0.0,0,0
2296,888B70E8D4A220F7,1,6,0.0,0,KH,65,0.0,0,0
2297,EA322A6355F3A82E,1,13,0.001,3,TT,63,0.0,0,1
2298,6E2C7EEF5D4B284,1,9,0.0005,1,LA,65,0.0,0,1
2299,3A6B287BF7D46BF1,3,23,0.0,0,EC,63,0.0,0,0
2300,c1549434-34a5-4ae5-8b6d-e9c5032413f2,1,1,0.0,0,AR,65,0.0,0,0
2301,6825E345A7C54958,1,20,0.0,0,DZ,63,0.0,0,0
2302,819920E82182790A,1,3,0.0,0,US,64,0.0,0,0
2303,89DF2616E9B47DF7,2,6,0.0,0,GT,65,0.0,0,0
2304,27798430960BA7A6,1,7,0.0,0,US,64,0.0,0,0
2305,4D803331C12F2A06,2,43,0.012400000000000001,14,US,65,0.0,0,1
2306,E9BA105F628C112C,4,25,0.4294,4,US,65,0.0,0,1
2307,AE0EC43B1CDF1579,1,4,0.0,0,NL,65,0.0,0,0
2308,F4EF4ACA3B097767,1,10,0.0,0,MA,64,0.0,0,0
2309,DACC244FA9B0227A,1,6,0.0,0,US,65,0.0,0,0
2310,701AADF21F3A2881,1,5,0.0,0,IQ,65,0.0,0,0
2311,76F1E8ABC70863E0,1,5,0.0,0,BR,65,0.0,0,0
2312,629dd3ed-1246-4528-b22a-2456cc96ca21,3,22,0.0,0,LY,64,0.0,0,0
2313,C3527E880D8168B0,1,3,0.0,0,US,65,0.0,0,0
2314,A24695ECC275DA10,2,5,0.0,0,NG,64,0.0,0,0
2315,161F3EAF8C9A3DFF,2,2,0.0,0,US,65,0.0,0,0
2316,31FF0FC20DEDF19,3,22,0.0,0,LY,64,0.0,0,0
2317,C8A0696768B4F59E,3,4,0.0,0,US,65,0.0,0,0
2318,45CFF2E6894224EE,2,12,0.0,0,MA,64,0.0,0,0
2319,40DF7428E449F4B,2,13,0.013499999999999998,2,FR,65,0.0,0,1
2320,203AFF98A8E9FBD6,1,14,0.007899999999999999,4,US,63,0.0,0,1
2321,F95A06BAE95ABD09,1,5,0.0,0,US,64,0.0,0,0
2322,B7D0A4A94F73B40C,2,24,0.0019000000000000002,2,DZ,63,0.0,0,1
2323,F3D379C1B3E3A401,1,3,0.0,0,AU,64,0.0,0,0
2324,7b97f314-07ea-4401-8e28-b49412718fb4,1,1,0.0,0,DZ,63,0.0,0,0
2325,524FA81E8DA01108,3,8,0.0104,2,US,65,0.0,0,1
2326,9940F9EAA785215B,3,3,0.0,0,SY,63,0.0,0,0
2327,9881F167F5FAD98B,5,25,0.0036,1,PH,64,0.0,0,1
2328,83400CAC17659EDC,2,3,0.0,0,US,65,0.0,0,0
2329,A6BA328FD2C87EBE,1,5,0.0,0,DE,64,0.0,0,0
2330,823D0F00E83ABB58,1,7,0.0,0,ZA,64,0.0,0,0
2331,4D1234AE76A2A58C,1,2,0.0,0,IN,64,0.0,0,0
2332,65BF68AA0E126458,3,9,0.0,0,JP,65,0.0,0,0
2333,6572AFAA9D2FF49F,1,4,0.0,0,FR,64,0.0,0,0
2334,2ACE8A61A58028CC,3,9,0.0,0,DZ,63,0.0,0,0
2335,349CF0C29553BCE5,1,7,0.0005,2,IN,65,0.0,0,1
2336,a6842e52-8087-4c72-b8df-a9013ed0b6f5,1,1,0.0,0,IN,65,0.0,0,0
2337,C7FFC2B4F37A49AC,1,2,0.0,0,JP,63,0.0,0,0
2338,EA9999060A1C6AFF,1,1,0.0,0,BR,64,0.0,0,0
2339,6F2AF095DF12224F,1,6,0.0045000000000000005,2,ZA,63,0.0,0,1
2340,f89995b4-5862-4364-96b0-b3febd001829,1,1,0.0,0,IQ,65,0.0,0,0
2341,dd3e0685-262c-454d-bb8e-d0590a9350f4,2,2,0.0,0,IQ,64,0.0,0,0
2342,4EB66BFAC5889C35,2,6,0.0,0,DZ,64,0.0,0,0
2343,b8d3985b-48f0-4b9e-8faa-583544b6e867,1,1,0.0,0,EG,64,0.0,0,0
2344,83C7FE8F42355FB1,2,3,0.0,0,US,64,0.0,0,0
2345,68982FB36B682793,2,19,0.0103,3,CO,65,0.0,0,1
2346,2c5e24e9-edb8-447c-bdd2-92233cfa48c7,1,1,0.0,0,EG,63,0.0,0,0
2347,78AA54269BCDF8CF,3,6,0.0,0,BN,63,0.0,0,0
2348,EF4B1FAAE5DC6C9,2,12,0.0006000000000000001,4,MX,63,0.0,0,1
2349,E5FE5567B03BE027,2,14,0.0109,2,JM,65,0.0,0,1
2350,d455fb8b-b1f4-4ba6-9266-a6943d3c14bc,1,1,0.0,0,JM,63,0.0,0,0
2351,CE61BD3784DFAD1C,3,9,0.0,0,GB,65,0.0,0,0
2352,c0b6916f-e862-4d08-8206-aceac538ea59,1,1,0.0,0,BR,64,0.0,0,0
2353,709430DBAD40FB29,3,16,0.0,0,VE,64,0.0,0,0
2354,9926D21FFD045DED,1,3,0.0,0,CA,64,0.0,0,0
2355,107DE4806C86D38D,3,29,0.0002,2,DZ,63,0.0,0,1
2356,F44DF27AAD15CA32,1,4,0.0,0,BF,63,0.0,0,0
2357,78E7CE8CC9BE7D3B,1,11,0.0,0,DZ,63,0.0,0,0
2358,D640381ACDC33D10,1,5,0.023,1,US,64,0.0,0,1
2359,6B23984897BCA9DF,1,3,0.0,0,VE,63,0.0,0,0
2360,E0F6F6E2DF13FEBD,1,1,0.0,0,DE,63,0.0,0,0
2361,2329F20E3C163F76,6,37,0.0012,2,SN,64,0.0,0,1
2362,E74EE555FC73F522,2,10,0.0095,3,MX,65,0.0,0,1
2363,D1FD761C9F1C966C,5,7,0.0,0,EG,64,0.0,0,0
2364,2D489BE7E1BE6CE0,1,3,0.0,0,DZ,64,0.0,0,0
2365,25c9c887-4663-421b-a3d3-3300550eb1fe,1,1,0.0,0,BD,64,0.0,0,0
2366,D5B82286E12DC2C4,1,12,0.0008,1,PH,63,0.0,0,1
2367,8f0fb8b6-ec69-4306-a29e-182d1118f864,2,5,0.0,0,MX,65,0.0,0,0
2368,DBE03A4DF531BECA,3,10,0.0,0,DZ,65,0.0,0,0
2369,b082c7be-1186-4ec2-950d-fa215cc7a760,1,1,0.0,0,TN,63,0.0,0,0
2370,DFE0DC7BDF1CF7D,2,5,0.0,0,US,63,0.0,0,0
2371,B673DC4AF1806A83,1,47,6.1117,9,GB,63,0.0,0,1
2372,261A4F906D864353,1,3,0.0,0,IN,65,0.0,0,0
2373,A212A892BF75DD11,2,10,0.061000000000000006,3,US,64,0.0,0,1
2374,C474163BFC767DED,1,2,0.0,0,MA,63,0.0,0,0
2375,FF9BB9A687A3A24E,1,5,0.0,0,US,65,0.0,0,0
2376,641F7459F83F66E3,1,5,0.0,0,DZ,63,0.0,0,0
2377,6E44E0AC3EA11A15,3,17,0.0,0,NI,63,0.0,0,0
2378,261509A592126FA2,2,16,0.1849,4,US,65,0.0,0,1
2379,4B1F048BA5B9163E,2,7,0.0,0,OM,65,0.0,0,0
2380,36f08827-efbc-4dc1-a638-33e65f89cf24,1,1,0.0,0,MA,64,0.0,0,0
2381,4786e7b9-df49-4ecc-87dc-05a703fa346f,1,1,0.0,0,BR,63,0.0,0,0
2382,4150AC7B94A1E284,1,3,0.0,0,CI,65,0.0,0,0
2383,E518B55A80779158,1,5,0.0,0,CI,63,0.0,0,0
2384,AB49BC95632DC768,1,6,0.0,0,US,64,0.0,0,0
2385,8E5A2112AE6D492B,2,2,0.0,0,US,65,0.0,0,0
2386,D8DB443E18595FC1,1,1,0.0,0,DZ,63,0.0,0,0
2387,66DC463B539CFF7E,2,5,0.0015,1,MY,63,0.0,0,1
2388,128c2a06-480b-46d6-9ec8-1caabcf7fbe7,1,1,0.0,0,NI,64,0.0,0,0
2389,7F63DC3F9972BCB4,1,3,0.0,0,US,65,0.0,0,0
2390,FE1D76C1BDDB45EB,1,38,0.018899999999999997,11,ID,65,0.0,0,1
2391,C6212AD93AB2B8E,2,12,0.0,0,US,63,0.0,0,0
2392,49BEF4C419ED80B,1,6,0.0006,1,BR,65,0.0,0,1
2393,28052B88299E5DFE,2,4,0.0,0,US,65,0.0,0,0
2394,6D8C15DADBA787B7,1,1,0.0,0,US,63,0.0,0,0
2395,EB5E867D22E0CF27,3,12,0.0375,2,US,65,0.0,0,1
2396,EAED526212871DBE,1,10,0.0283,3,US,64,0.0,0,1
2397,8D26CD599DA2A80B,1,4,0.0,0,US,64,0.0,0,0
2398,ad3442ec-d11b-40ce-9d17-b02b5036f425,2,2,0.0,0,DZ,65,0.0,0,0
2399,AF061C3209838CBA,1,1,0.0,0,US,63,0.0,0,0
2400,FC1457C8321F7A20,3,43,0.5033999999999998,7,US,65,0.0,0,1
2401,BF03517A0644261A,1,4,0.0,0,GB,64,0.0,0,0
2402,B93EF1D7EDD7F064,2,5,0.0,0,SA,65,0.0,0,0
2403,CB05DCE367150FCB,1,1,0.0,0,GB,64,0.0,0,0
2404,b9bf256c-207e-4f4e-938d-6c1741bb5939,1,1,0.0,0,IQ,65,0.0,0,0
2405,2B545DDCB0DA8540,3,13,0.0,0,DZ,65,0.0,0,0
2406,C7E9679A71149BD0,4,6,0.0,0,US,65,0.0,0,0
2407,76F7A0343D4735C,1,4,0.0162,1,US,65,0.0,0,1
2408,BCBE9BF791429B69,3,35,0.011099999999999997,12,ES,65,0.0,0,1
2409,23E77EBCC4C94785,1,5,0.0,0,US,65,0.0,0,0
2410,9D934E21167206F8,3,14,0.0044,3,MA,65,0.0,0,1
2411,2F05FDDB5972AEB0,2,83,9.467,6,US,65,0.0,0,1
2412,2F15AD574F3A65C2,2,10,0.0005,2,DZ,65,0.0,0,1
2413,AE496C560E708A83,1,3,0.0,0,MX,63,0.0,0,0
2414,ED5DA07C2E116DF8,1,3,0.0,0,US,65,0.0,0,0
2415,545E18E54D780D1F,1,1,0.0,0,US,63,0.0,0,0
2416,CB4C615848C47AA3,2,3,0.0,0,KW,65,0.0,0,0
2417,D1B18ACD85651F49,2,15,0.0843,2,CA,65,0.0,0,1
2418,4A7859AC9D7322A3,3,17,0.0553,4,US,65,0.0,0,1
2419,7521047FED5AE46D,2,17,0.0076,5,US,63,0.0,0,1
2420,8CD7546B280FB142,2,6,0.0,0,MX,65,0.0,0,0
2421,26C47F87EA367D6,2,4,0.0,0,AU,64,0.0,0,0
2422,766F8B21F126EED1,2,8,0.0005,1,EG,63,0.0,0,1
2423,28F279E3A6E8F21,1,4,0.0,0,BE,63,0.0,0,0
2424,180e4117-938d-47bc-8cbb-dddc85898b6b,1,1,0.0,0,HT,65,0.0,0,0
2425,3C1E0C35E0524D52,1,2,0.0,0,US,65,0.0,0,0
2426,FDDB7EFCE635AF36,1,6,0.0,0,IQ,64,0.0,0,0
2427,F2F5E966F7C9D145,2,5,0.0,0,US,64,0.0,0,0
2428,4974C6CE422C1E6B,2,2,0.0,0,US,64,0.0,0,0
2429,ac228c3c-d478-4949-b0b4-b6a2a60993e5,1,1,0.0,0,UA,64,0.0,0,0
2430,715a4eff-e721-41fd-b418-51b604de8ea9,1,1,0.0,0,KR,64,0.0,0,0
2431,83d58917-bf83-4acb-a333-88db090cf562,1,1,0.0,0,GB,64,0.0,0,0
2432,408dce17-6d8c-4324-9f25-be891ddba2a1,1,1,0.0,0,LY,65,0.0,0,0
2433,33BC450FECF8921F,2,69,0.04760000000000001,21,CL,64,0.0,0,1
2434,B4AE9D4D40E22987,1,3,0.0,0,CA,63,0.0,0,0
2435,878C4C63EA1832BF,1,19,0.0149,5,US,65,0.0,0,1
2436,E0347B880B8CE553,1,9,0.0,0,DZ,63,0.0,0,0
2437,4AA7CCDBDFAFA7A8,1,7,0.013300000000000001,2,CA,64,0.0,0,1
2438,40E26E07311A4630,1,3,0.0,0,GB,65,0.0,0,0
2439,11DD9B2771E94F60,2,3,0.0,0,US,64,0.0,0,0
2440,F1B47F1D847B470C,1,2,0.0,0,NG,64,0.0,0,0
2441,CDBDBCEAA5C2A798,1,1,0.0,0,GB,63,0.0,0,0
2442,b5df21dc-28b3-4004-806f-27a6c195d61e,1,5,0.0,0,MA,63,0.0,0,0
2443,D3A3776B0516AE23,1,10,0.0011,3,IN,65,0.0,0,1
2444,988AE2DD77138A05,1,4,0.0,0,IN,65,0.0,0,0
2445,CE66E48D242E0C31,1,4,0.0,0,IQ,63,0.0,0,0
2446,BCD060A164AF341E,1,1,0.0,0,US,63,0.0,0,0
2447,aee13445-3c0b-4776-b42b-e50513162c0d,1,1,0.0,0,DZ,65,0.0,0,0
2448,BC336CCDB54879B1,1,1,0.0,0,CA,64,0.0,0,0
2449,9a5028da-f4af-43e2-9f39-81edaf0a6b2f,1,1,0.0,0,AR,63,0.0,0,0
2450,7000384c-b4c9-45e8-b3a0-48d1e56f2d84,1,1,0.0,0,MA,65,0.0,0,0
2451,76D71099AE2A53F4,1,2,0.0,0,VE,64,0.0,0,0
2452,3E86F82463D5E01B,1,25,0.0,0,PR,63,0.0,0,0
2453,DCC189AE20D7F7F9,1,4,0.0092,1,GB,64,0.0,0,1
2454,DDC08899525A37B8,2,9,0.0,0,DZ,63,0.0,0,0
2455,A8D9E35F8CAC2F66,2,16,0.0021999999999999997,3,US,64,0.0,0,1
2456,1CFE862A6EFFF50A,1,1,0.0,0,IN,64,0.0,0,0
2457,7D4DA205D074504,1,3,0.0,0,US,63,0.0,0,0
2458,26D956EE08A8203D,2,3,0.0,0,TT,65,0.0,0,0
2459,57D53DF2109430A6,3,6,0.0,0,CV,64,0.0,0,0
2460,4376493E5808D842,1,2,0.0,0,IN,64,0.0,0,0
2461,5A3D473DFCD9FEAC,1,2,0.0,0,US,63,0.0,0,0
2462,516EA27233F743C8,2,11,0.0,0,US,65,0.0,0,0
2463,C7AF9E2DDD50B3C4,1,5,0.0,0,CA,64,0.0,0,0
2464,964D8400595C4885,2,63,1.3118,22,US,65,0.0,0,1
2465,DB715987AD99B345,1,9,0.0,0,GB,64,0.0,0,0
2466,8D028182763D5FB1,1,3,0.0,0,GB,64,0.0,0,0
2467,70060AE927A84B9C,1,18,0.3651,5,MY,64,0.0,0,1
2468,4D29F34E74B0315B,2,11,0.0516,2,US,65,0.0,0,1
2469,419879C9624A49E3,2,11,0.0,0,MN,65,0.0,0,0
2470,43D5436974630193,2,6,0.0,0,EG,63,0.0,0,0
2471,a7d1f9fe-dced-43cd-83fe-76615aacea01,1,1,0.0,0,BF,65,0.0,0,0
2472,F6BCAFD4001BEAFE,1,2,0.0,0,CO,63,0.0,0,0
2473,D16F7D349194EE16,1,21,0.0109,6,IN,64,0.0,0,1
2474,32FC33568DC81233,4,32,0.0905,6,CA,64,0.0,0,1
2475,6C3E3385A06FE405,2,4,0.0,0,CN,65,0.0,0,0
2476,4D97A2B9F514811F,1,1,0.0,0,US,65,0.0,0,0
2477,16EA5227E649A12F,2,4,0.0,0,US,65,0.0,0,0
2478,31910CD6EBBC23C1,1,6,0.0,0,SN,63,0.0,0,0
2479,8670F13DDAFB8693,1,10,0.1134,3,GB,64,0.0,0,1
2480,C547A2679990B241,2,4,0.0,0,NP,65,0.0,0,0
2481,7a6f1843-3523-4864-853a-8bd359aec795,2,2,0.0,0,IQ,63,0.0,0,0
2482,B8C713819C2101E3,1,10,0.024,1,US,64,0.0,0,1
2483,2131B12569850B3D,2,3,0.0,0,IN,64,0.0,0,0
2484,62bf356a-4274-41fa-8f83-c7f5b104e3c4,1,1,0.0,0,DZ,63,0.0,0,0
2485,6DBE74984181AEC4,3,22,0.2605,3,US,65,0.0,0,1
2486,BF240EEB230A9BFD,1,17,0.008299999999999998,5,CA,64,0.0,0,1
2487,FF90D18EE77FF537,1,20,0.0021,6,PH,65,0.0,0,1
2488,DE2F4F845B0A8D4C,1,6,0.0,0,SA,63,0.0,0,0
2489,A96E8CBF0CD09FB6,1,3,0.0,0,JP,63,0.0,0,0
2490,A92A3A4789BC8235,1,3,0.0,0,PH,65,0.0,0,0
2491,CCC2ADFE3C3F8749,1,4,0.0,0,MX,63,0.0,0,0
2492,DF8AC544D2CFD3CB,1,3,0.0,0,IN,64,0.0,0,0
2493,D3067FE2419A9FF2,1,1,0.0,0,IN,63,0.0,0,0
2494,DB0C05F75113F89,2,5,0.0,0,JP,64,0.0,0,0
2495,C25714C9D223F75C,1,2,0.0,0,PR,63,0.0,0,0
2496,ce983bac-c0cb-4d16-a45e-d24a139d1e3c,1,1,0.0,0,DZ,63,0.0,0,0
2497,35B87B5F441164E8,1,1,0.0,0,US,64,0.0,0,0
2498,7BCE5E514DD5B5EE,2,7,0.0121,1,US,63,0.0,0,1
2499,5F96169ED2FA497F,3,39,0.1278,10,BR,63,0.0,0,1
2500,E3A8801BE5AAA8BD,1,4,0.0,0,US,65,0.0,0,0
2501,346C6C8A9D017A42,3,11,0.0068000000000000005,2,MX,65,0.0,0,1
2502,31197EEF35A720E8,1,3,0.0,0,US,65,0.0,0,0
2503,D444AFDEAA27B7D2,2,5,0.0,0,DZ,65,0.0,0,0
2504,C5ED1CCB1F878B7,1,6,0.0318,3,CA,63,0.0,0,1
2505,e7be33b3-0811-4e7e-adfa-b138de8f325c,1,1,0.0,0,NP,65,0.0,0,0
2506,8AC5C2F5D1343BCE,1,4,0.0,0,BF,65,0.0,0,0
2507,362310E5C174CB99,1,8,0.0,0,SY,65,0.0,0,0
2508,CBE8EB4890635014,1,5,0.1061,1,US,64,0.0,0,1
2509,523F0CF4C672A1D6,1,5,0.0,0,CZ,65,0.0,0,0
2510,b1642212-bb90-4b4e-9be4-c6cf2d554b21,1,1,0.0,0,NI,64,0.0,0,0
2511,94A7DA5567F8E15A,1,4,0.0,0,BF,65,0.0,0,0
2512,3db0d21f-f6c1-4c26-8688-1d48956c0f61,1,1,0.0,0,MX,63,0.0,0,0
2513,D3E2D56EE20B10F1,1,1,0.0,0,DZ,64,0.0,0,0
2514,6a0204aa-e79d-4fa9-89b8-482e90ec611d,1,1,0.0,0,US,65,0.0,0,0
2515,6825D2B7D1396170,8,55,0.13590000000000002,12,US,65,0.0,0,1
2516,31A77F4C50706A9D,1,14,0.0026,4,KE,64,0.0,0,1
2517,64397673D396A67C,3,11,0.0,0,US,65,0.0,0,0
2518,4B533C2152C130FD,2,47,0.017499999999999998,16,PH,64,0.0,0,1
2519,F6B8209A669DFA87,1,25,0.0,0,CI,63,0.0,0,0
2520,de4aff82-e293-4e44-8176-835504609c72,1,1,0.0,0,MA,64,0.0,0,0
2521,4C95E4DE1C8C91A,1,1,0.0,0,US,64,0.0,0,0
2522,79f4c474-b9ec-4fd7-b345-149b2d121032,1,1,0.0,0,PH,64,0.0,0,0
2523,EF96F58C230269D,1,6,0.0,0,US,65,0.0,0,0
2524,61914FEEA2CD80AC,2,7,0.0024000000000000002,2,PK,65,0.0,0,1
2525,ce862570-0b00-4e96-a1fb-ff714d3683ee,1,1,0.0,0,IN,65,0.0,0,0
2526,FB1E82DB603B4526,1,13,0.0,0,TT,64,0.0,0,0
2527,5647058B17429926,3,3,0.0,0,KI,65,0.0,0,0
2528,90944043adecdf5656f1ae3f2d03632c,1,4,0.0,0,IQ,65,0.0,0,0
2529,C9BDC171D0135D95,2,5,0.0007,1,DZ,65,0.0,0,1
2530,508A80D953A0003D,1,4,0.0,0,IQ,64,0.0,0,0
2531,DEDC3EAA0851135F,1,1,0.0,0,EC,64,0.0,0,0
2532,1949d87a-9bc9-4faf-a7ca-7af6140a01d7,1,1,0.0,0,LY,65,0.0,0,0
2533,1eca8fc2-b569-4652-b9dc-07efab180c99,1,1,0.0,0,VE,63,0.0,0,0
2534,e44894f5-3953-4b70-a856-57ec23640465,1,1,0.0,0,MX,64,0.0,0,0
2535,5ac552ab-565e-4275-aa9e-1d1c826818ad,1,1,0.0,0,DZ,64,0.0,0,0
2536,BE43FB9527A67D1,1,1,0.0,0,US,63,0.0,0,0
2537,372d1425-783d-40b4-a085-6181e3db31d1,1,1,0.0,0,VE,65,0.0,0,0
2538,80F378F44A7EF986,1,8,0.0007,1,IN,63,0.0,0,1
2539,A3A6512F2D1BCF16,1,17,0.0003,1,TN,64,0.0,0,1
2540,65CE32400979450F,1,39,0.0006,1,DZ,64,0.0,0,1
2541,c09bc319-2ad7-4dde-ae3c-55af8329d49a,1,1,0.0,0,IQ,63,0.0,0,0
2542,407928C7BA597A28,7,23,0.0,0,DZ,63,0.0,0,0
2543,2329FAD8105D012B,1,7,0.0,0,VE,63,0.0,0,0
2544,7256D10147969C6C,1,8,0.0068000000000000005,2,ID,65,0.0,0,1
2545,526785B254033CA8,1,6,0.0,0,SA,64,0.0,0,0
2546,E9F33FECE82FBBF6,1,1,0.0,0,SN,65,0.0,0,0
2547,6FF34AEEF25A92D9,1,1,0.0,0,VN,64,0.0,0,0
2548,B434981E4187E9A,1,1,0.0,0,BF,63,0.0,0,0
2549,B0EC2794792474B,1,4,0.0,0,US,63,0.0,0,0
2550,3B6B60C1B3140263,1,13,0.0397,2,GB,65,0.0,0,1
2551,BC85DC1C1EE05C4A,1,7,0.0048000000000000004,3,AU,63,0.0,0,1
2552,A49AA8196CA46DD,1,18,0.0027,2,BR,64,0.0,0,1
2553,D8699C5616F89C17,2,4,0.0,0,CO,65,0.0,0,0
2554,4A2239E9476B9772,1,6,0.0,0,US,63,0.0,0,0
2555,c45de72c-9dc3-45ff-8bf6-b187b755b1cb,1,1,0.0,0,US,63,0.0,0,0
2556,580CECC0D381C14A,1,6,0.0,0,DZ,63,0.0,0,0
2557,3124FAC5A3181D45,1,15,0.0559,2,US,65,0.0,0,1
2558,8054C3C0F083857F,1,8,0.0073,1,GB,65,0.0,0,1
2559,E8471120343F8FE9,3,16,0.0078,4,RU,63,0.0,0,1
2560,3E042DA4A45619B3,1,5,0.0,0,FJ,63,0.0,0,0
2561,166AD1FCB30B5E16,2,2,0.0,0,SA,65,0.0,0,0
2562,195b9cb3-849f-4f97-987e-b0b77a1fc6eb,1,1,0.0,0,GH,63,0.0,0,0
2563,7A1011941653EDD6,1,1,0.0,0,US,64,0.0,0,0
2564,752F37CC171C32AD,1,2,0.0,0,US,63,0.0,0,0
2565,B2911ACD4A780511,1,8,0.015,2,PH,63,0.0,0,1
2566,687B1BDC4217C148,1,34,0.002,1,CI,65,0.0,0,1
2567,EFA9402A625A3803,1,5,0.0,0,AR,65,0.0,0,0
2568,A14EBF91C68DA090,2,9,0.0014,2,VN,64,0.0,0,1
2569,DA27ED28D1D109F2,1,4,0.0,0,US,64,0.0,0,0
2570,4F7019F4B525B6A6,1,4,0.0,0,EG,64,0.0,0,0
2571,81A92ED8C68001E8,1,3,0.0,0,US,65,0.0,0,0
2572,44B1C90EA3920526,1,2,0.0,0,BO,65,0.0,0,0
2573,ee88056b-1cc9-4fe7-9561-4cba837d7c2c,1,1,0.0,0,VE,63,0.0,0,0
2574,8B84B42F7F0F5840,2,42,0.604,13,US,64,0.0,0,1
2575,856B118B8352A24F,1,4,0.0,0,PH,65,0.0,0,0
2576,D471EA864C033824,1,11,0.036899999999999995,4,US,65,0.0,0,1
2577,6E7DBCD328953D60,1,9,0.0018,2,TN,63,0.0,0,1
2578,df2afdd8-c30d-481d-bdeb-fea3896b667e,1,8,0.0,0,IN,64,0.0,0,0
2579,B4D0176FEF20C62C,1,4,0.0029,2,IN,63,0.0,0,1
2580,534E73B5812123D5,1,3,0.0,0,US,63,0.0,0,0
2581,73F7D64399D76772,1,2,0.0,0,BR,65,0.0,0,0
2582,A4730AD7EA389F4F,2,2,0.0,0,US,64,0.0,0,0
2583,4294E781467BCB99,1,112,0.7719999999999998,39,US,64,0.0,0,1
2584,1E9305191C42A67C,3,9,0.0,0,US,65,0.0,0,0
2585,EFE03CADCF4E9AE9,3,5,0.0,0,VE,64,0.0,0,0
2586,53DC9615D2A03BD7,2,16,0.0,0,CA,63,0.0,0,0
2587,CD01F8597FA0C492,2,2,0.0,0,US,65,0.0,0,0
2588,78ff77ce-70ea-42b4-9e52-9b11a6af2c30,1,1,0.0,0,DZ,63,0.0,0,0
2589,597C61B1D8545CCA,1,3,0.0,0,UY,64,0.0,0,0
2590,1E0A2EDE0B991DD4,1,1,0.0,0,LY,64,0.0,0,0
2591,E46D0E78F2D15518,5,31,0.0026000000000000003,10,ID,65,0.0,0,1
2592,B2342CB14562F83B,2,10,0.0,0,EG,64,0.0,0,0
2593,D8D627A3B3E8754E,2,4,0.0,0,CO,65,0.0,0,0
2594,4BC1C7D1BFD47268,1,7,0.0,0,DZ,63,0.0,0,0
2595,173A2A7BF7FB8146,3,8,0.0,0,IQ,65,0.0,0,0
2596,30DE91942CB46D4D,1,3,0.0,0,US,63,0.0,0,0
2597,B025A9E01E43C32E,1,5,0.0,0,TN,63,0.0,0,0
2598,3B2D798B5A81AC93,1,2,0.0,0,UA,63,0.0,0,0
2599,FFAE723E82B8F93D,1,5,0.0,0,BR,63,0.0,0,0
2600,70E3A8BA5FF59D0D,2,5,0.0,0,DZ,64,0.0,0,0
2601,DF5165EC32A6B4AF,3,12,0.0,0,LA,63,0.0,0,0
2602,592B4087DBFE49FF,2,5,0.0021,1,BR,64,0.0,0,1
2603,7BCA3D37AA8D8C8E,2,7,0.0,0,US,64,0.0,0,0
2604,854714817899FE01,33,195,0.0,0,SZ,63,0.0,0,0
2605,42A2E793310B665F,3,24,0.021,10,UA,64,0.0,0,1
2606,CECB6BC216D27C70,1,14,0.0,0,US,63,0.0,0,0
2607,EA90099D45BFD86E,2,3,0.0,0,US,63,0.0,0,0
2608,3667BD6AB010970C,1,3,0.0,0,MY,65,0.0,0,0
2609,016a0e89-11f6-48f2-8b29-c2c951b9e43d,9,63,0.0,0,CI,64,0.0,0,0
2610,7ff27af7-611f-4c70-9de9-c2075ad640bf,3,20,0.0003,1,ZM,65,0.0,0,1
2611,E70DE4FCF30699F1,8,43,0.0,0,EG,65,0.0,0,0
2612,ee07ce56-e124-41d8-affa-87c3fdd32658,2,2,0.0,0,US,65,0.0,0,0
2613,4A17D2025380CC76,1,4,0.0,0,HT,65,0.0,0,0
2614,c2088dcf-ef3c-42d4-821d-2fcb0a7bd8ca,2,2,0.0,0,JM,65,0.0,0,0
2615,B19D516735358FBF,1,3,0.0,0,US,64,0.0,0,0
2616,B7FC6A4DC8AAF3A7,1,15,0.0024999999999999996,3,DZ,64,0.0,0,1
2617,7A5D8844B3CF3B57,2,9,0.0,0,IQ,65,0.0,0,0
2618,30ED46CB1F5D036D,1,1,0.0,0,CI,65,0.0,0,0
2619,9EA09D17194187D1,1,5,0.0,0,JM,63,0.0,0,0
2620,1B33F705BC290513,1,11,0.0,0,US,64,0.0,0,0
2621,88708E808C2DA311,2,7,0.0,0,US,64,0.0,0,0
2622,4B92DFEA36C77E2A,2,3,0.0,0,EG,65,0.0,0,0
2623,3B04AB69DEEDBA8A,1,6,0.0,0,--,65,0.0,0,0
2624,B34E1E47358C96AA,1,4,0.0,0,US,64,0.0,0,0
2625,8F2CD707188ED8E6,4,10,0.0156,3,CA,64,0.0,0,1
2626,6fb110cb-e195-4b2f-a746-4b6e928ce4c5,2,2,0.0,0,LY,63,0.0,0,0
2627,239899409308EACD,2,3,0.0,0,MX,64,0.0,0,0
2628,2183639e-6740-48f9-93e3-8ba43ebecc1d,2,2,0.0,0,DO,63,0.0,0,0
2629,D317B300E1E0B6A8,1,4,0.0068,1,BR,64,0.0,0,1
2630,BD4ABFF68A2D2355,5,57,0.0557,1,NZ,65,0.0,0,1
2631,849A48CC5311CF76,1,2,0.0,0,ID,63,0.0,0,0
2632,770C69F6CA09ABC6,1,11,0.0,0,AR,64,0.0,0,0
2633,C914D57EA023C988,1,2,0.0,0,US,63,0.0,0,0
2634,A2FC829385ECE634,1,4,0.0052,3,CO,63,0.0,0,1
2635,3D56506B91A10982,4,19,0.3463,6,US,63,0.0,0,1
2636,869AA2352C179C25,5,25,0.0,0,US,65,0.0,0,0
2637,d50c6be9-b29f-44c8-8d3b-aa3dedf9b7dc,1,1,0.0,0,US,65,0.0,0,0
2638,770DB126DB235F08,1,21,0.0,0,US,65,0.0,0,0
2639,B86C06AFBDE7E6B1,1,7,0.0,0,US,63,0.0,0,0
2640,9555311679563058,2,30,0.0827,7,FR,65,0.0,0,1
2641,C9D39D6F652E5878,1,7,0.0,0,CO,65,0.0,0,0
2642,92f3a4fe-6a2a-4120-9c30-7d779fd5a2d0,1,1,0.0,0,DZ,63,0.0,0,0
2643,A39646048EA96199,1,2,0.0012,1,ZA,63,0.0,0,1
2644,73F65011424797D3,1,1,0.0,0,ID,63,0.0,0,0
2645,57D379B00619428,3,20,0.1486,5,IN,63,0.0,0,1
2646,eb8e3af0-e942-4e23-b46e-77cb8c9cdc68,1,1,0.0,0,IQ,63,0.0,0,0
2647,E2795C3B2F5788DE,2,19,0.0,0,MA,64,0.0,0,0
2648,42410CE9ACEEC0E4,1,6,0.0004,1,DZ,64,0.0,0,1
2649,97BAF621C575E07C,3,28,0.0,0,US,63,0.0,0,0
2650,1B58D2AAE1826E08,1,2,0.0,0,US,63,0.0,0,0
2651,AF79C2F95C9D7A21,1,3,0.0,0,AR,64,0.0,0,0
2652,468E0AD1EE0C609D,8,59,8.4351,3,US,65,0.0,0,1
2653,312a1d81-c197-4f33-a0f7-58d0689d60d5,1,1,0.0,0,EG,63,0.0,0,0
2654,f1deb1e5-3bd4-434d-ac36-400e6b82364b,2,2,0.0,0,IQ,64,0.0,0,0
2655,40079c30-8d14-4aa5-9b36-9a7fbac767e5,1,1,0.0,0,NI,63,0.0,0,0
2656,fb253759-415c-4452-8b42-abcc0408ff91,1,1,0.0,0,BR,65,0.0,0,0
2657,261250bd-f378-49a6-810a-737edbe81629,1,1,0.0,0,IN,63,0.0,0,0
2658,8A7D510A4B8E8B3C,2,3,0.0,0,CA,65,0.0,0,0
2659,DB5D22519FBF537,3,9,0.0,0,IQ,63,0.0,0,0
2660,414ECFC7ADC1E47,1,6,0.0004,1,EG,65,0.0,0,1
2661,18FC73BE33EBAF79,2,9,0.0002,2,AL,63,0.0,0,1
2662,1BB1A00EB53B4E2C,1,1,0.0,0,JP,65,0.0,0,0
2663,ad609785-509e-4a3c-ab4d-da8ea5ccb7f8,3,3,0.0,0,DZ,65,0.0,0,0
2664,bb63904d-d705-4c73-af3a-96136726cd44,1,1,0.0,0,KE,64,0.0,0,0
2665,8593E0CB9949233,1,1,0.0,0,US,63,0.0,0,0
2666,B015091F1017719B,1,7,0.0,0,US,65,0.0,0,0
2667,A0E6112B41398B95,1,8,0.1123,1,GB,64,0.0,0,1
2668,755a356c-d2ac-49b5-938f-b0b15882bd7a,3,7,0.0,0,NP,65,0.0,0,0
2669,1FE7BAD236F947F0,3,12,0.0043,1,NG,63,0.0,0,1
2670,1283AFDB132B70E6,1,15,0.0,0,CM,63,0.0,0,0
2671,CCCC3529F3A58ADC,1,3,0.0,0,IQ,65,0.0,0,0
2672,54f0719c-32c5-46c1-a35a-75cc9ed09176,2,2,0.0,0,MA,63,0.0,0,0
2673,6ae12f05-9dc7-4859-8003-60254be4446b,1,1,0.0,0,DZ,63,0.0,0,0
2674,0e7a5ec1-7748-48c1-a7ce-ea7a7e0f63f9,1,1,0.0,0,NI,64,0.0,0,0
2675,850D4FBDCE23D967,1,2,0.0,0,BD,65,0.0,0,0
2676,412b5386-baa4-485a-896a-9bfe1703b51b,1,1,0.0,0,IN,63,0.0,0,0
2677,2F672758BFC1CFBE,4,13,0.012299999999999998,3,US,65,0.0,0,1
2678,D7BE16A116FB7466,2,5,0.0,0,US,64,0.0,0,0
2679,1AAFB3476B2C590A,2,11,0.0447,1,GB,64,0.0,0,1
2680,E7F28C017DC66372,1,6,0.0,0,US,63,0.0,0,0
2681,A3EB4FE0DBEC8FB7,2,16,0.0443,5,DE,65,0.0,0,1
2682,75F99319384E2649,1,3,0.0,0,DE,63,0.0,0,0
2683,C36D6377747CED25,1,1,0.0,0,AR,63,0.0,0,0
2684,d1aaa7c2-f09b-42c4-95a0-bc2a091a9781,2,2,0.0,0,JO,64,0.0,0,0
2685,E3AD0E9046276DC,1,23,0.0,0,MY,65,0.0,0,0
2686,17653CAB09A3BBA4,2,32,0.0047,3,DZ,63,0.0,0,1
2687,E529FC2158EEB804,1,2,0.0,0,SN,63,0.0,0,0
2688,A7CE67BDC6484030,4,19,0.0039000000000000007,13,DO,64,0.0,0,1
2689,7D44ACF902D4CA1F,1,7,0.0,0,BO,64,0.0,0,0
2690,AEFBF9A50936342F,1,12,0.08310000000000001,2,US,65,0.0,0,1
2691,EFBB45763B57473B,1,6,0.0,0,SA,64,0.0,0,0
2692,6621E00574A78E74,4,14,0.0096,3,US,65,0.0,0,1
2693,4A2861D38EE46F1A,1,19,0.0,0,DZ,63,0.0,0,0
2694,8D619B0C851C3B4B,1,17,0.0,0,DZ,63,0.0,0,0
2695,DB367D5FB5FC4057,3,41,3.5624000000000002,10,US,65,0.0,0,1
2696,5d587096-98b0-4a0d-a6b5-b934eeb0b6d6,1,1,0.0,0,SA,64,0.0,0,0
2697,73E1332AE1272A33,1,25,0.017,1,CO,64,0.0,0,1
2698,D7C3F6F350097BE8,2,6,0.0,0,PH,65,0.0,0,0
2699,AC8F3AAF6CF8DDA2,1,4,0.0,0,BR,63,0.0,0,0
2700,1b0f084c-7783-4e7c-8710-b903cf6b9436,2,2,0.0,0,ZA,64,0.0,0,0
2701,60dc039f-87e2-469a-802b-2f0ff5850984,3,5,0.0,0,SN,64,0.0,0,0
2702,7A86B5D0F96E758D,2,4,0.0,0,BR,64,0.0,0,0
2703,ec9d2df0-4c42-4501-8c70-b852a4f27741,1,1,0.0,0,IQ,63,0.0,0,0
2704,97138206-3a29-4d19-86fb-ced3e70276b1,1,1,0.0,0,US,63,0.0,0,0
2705,3EC959C4C8F8AFE5,1,3,0.0,0,MY,64,0.0,0,0
2706,811B8A4F9CE7B785,1,3,0.0,0,KR,63,0.0,0,0
2707,AD48D88E0083271C,2,6,0.0,0,US,65,0.0,0,0
2708,1B934E2156515512,1,4,0.0,0,VE,63,0.0,0,0
2709,8563744308E21A27,2,11,0.0033,3,EG,64,0.0,0,1
2710,F39B32873D5AB901,1,27,3.9800000000000004,2,US,63,0.0,0,1
2711,9EB7F3381F7AC187,1,7,0.0,0,EG,65,0.0,0,0
2712,ccecb4a1-123f-4d57-a07e-21822c3bb838,4,11,0.0,0,PH,64,0.0,0,0
2713,ECF2EEF2B630D1F9,1,6,0.0,0,ID,63,0.0,0,0
2714,D11B8084259AC409,6,25,0.07039999999999999,8,US,63,0.0,0,1
2715,D93A5DBB3B16539,1,6,0.0054,1,MY,63,0.0,0,1
2716,af6b1a8a-759c-4ece-8d28-d7a6aeddff39,3,3,0.0,0,BR,64,0.0,0,0
2717,8F134F12E1084EE4,1,1,0.0,0,FR,65,0.0,0,0
2718,8D23DD960791C2A6,1,14,0.0,0,JP,65,0.0,0,0
2719,84C9709BA1DB436B,4,39,0.1238,12,US,64,0.0,0,1
2720,7430BE84AFD969EF,1,3,0.0,0,IN,63,0.0,0,0
2721,F5CDAFDA984BB122,1,3,0.0,0,MX,64,0.0,0,0
2722,8991D639CAECAD38,3,18,0.0018,5,PH,65,0.0,0,1
2723,8baa157b-3911-43a4-9f25-1b389d71fa03,1,1,0.0,0,HT,65,0.0,0,0
2724,8F1E0DAD40BF17C4,1,12,0.0,0,BR,65,0.0,0,0
2725,BBDB7C029871E805,1,17,0.0213,4,ID,64,0.0,0,1
2726,F7526522C64917F8,1,1,0.0,0,SA,65,0.0,0,0
2727,49EF052D4CB0C524,1,20,0.011000000000000001,1,US,65,0.0,0,1
2728,B55A665A8465A8AA,3,12,0.0,0,US,63,0.0,0,0
2729,B68051D926BF46A,1,13,0.0,0,DZ,64,0.0,0,0
2730,65C89189152A36E6,2,7,0.0767,1,US,64,0.0,0,1
2731,60004f72-4484-454c-b7d8-5df2405d116f,1,1,0.0,0,PH,65,0.0,0,0
2732,8BC4F777846FEF70,1,4,0.0,0,CA,63,0.0,0,0
2733,DDB3D4C895131B1E,1,24,0.0023,3,IN,65,0.0,0,1
2734,CF482165C07571EB,1,2,0.0,0,MX,65,0.0,0,0
2735,699EAD1216703B24,1,2,0.0,0,PK,64,0.0,0,0
2736,6658DE7616EF4B70,2,5,0.0074,1,US,65,0.0,0,1
2737,D10D9C86547032C1,1,5,0.0,0,TN,64,0.0,0,0
2738,c1e80d65-158d-4313-939d-71dc93e32a9c,2,2,0.0,0,SA,65,0.0,0,0
2739,AE9971F972B96C17,1,2,0.0,0,US,63,0.0,0,0
2740,AF8B80FB5CFC333E,1,2,0.0,0,MX,65,0.0,0,0
2741,730E87F749987240,1,3,0.0016,1,MX,65,0.0,0,1
2742,3993E0DDD98DC4A2,1,1,0.0,0,DZ,65,0.0,0,0
2743,7A184FCFEFF5A014,2,27,0.007,6,PH,65,0.0,0,1
2744,F3936C506A28B22D,1,14,0.0,0,US,65,0.0,0,0
2745,5E8C979E24008A25,3,10,0.0,0,AU,65,0.0,0,0
2746,8BB3F067432D8D4A,1,3,0.0,0,US,65,0.0,0,0
2747,6D90B08E6610851E,1,25,2.418,3,DE,63,0.0,0,1
2748,F1FD5B81612B3B61,2,8,0.0,0,US,64,0.0,0,0
2749,8ABBF4C7F785129,5,9,0.0,0,US,65,0.0,0,0
2750,674ba569-59e7-4f41-ad9e-b53248a3efd8,1,1,0.0,0,BR,65,0.0,0,0
2751,9A478B2D7A2FF973,1,3,0.0,0,LY,65,0.0,0,0
2752,53AE9D118FD4575C,1,1,0.0,0,BR,65,0.0,0,0
2753,971CBE16E9981861,4,29,0.0,0,DZ,63,0.0,0,0
2754,7CA8D74E736F2B11,1,13,0.0,0,GB,64,0.0,0,0
2755,B4B85ACA8E5C87CB,2,10,0.1059,1,US,65,0.0,0,1
2756,16BF7CE41864A8F4,1,7,0.0,0,IN,65,0.0,0,0
2757,301588908401C731,2,4,0.0006,1,IQ,64,0.0,0,1
2758,34A042BAA816ADB7,1,1,0.0,0,DE,64,0.0,0,0
2759,7214FD8181124715,1,1,0.0,0,AU,65,0.0,0,0
2760,C55CF37279E27080,1,9,0.0,0,DZ,64,0.0,0,0
2761,30330588DD47AA51,1,3,0.0,0,US,65,0.0,0,0
2762,B459AE24049F0F47,3,7,0.0,0,DZ,63,0.0,0,0
2763,4039E561E330FAB4,1,12,0.2662,2,US,65,0.0,0,1
2764,314DD19E029161AB,2,8,0.0,0,MA,64,0.0,0,0
2765,085879f0-ce2e-4277-8658-4d91d5f7867a,6,38,0.0,0,DO,65,0.0,0,0
2766,35E606270305B683,8,66,0.5721,10,US,63,0.0,0,1
2767,C622CFF4A8B2321E,1,7,0.001,2,DE,65,0.0,0,1
2768,d664c563-edd3-4f85-9bd2-464e82af4e95,2,2,0.0,0,MM,64,0.0,0,0
2769,7b78f049-434f-4808-a67b-cd3cb4fd77c6,2,2,0.0,0,NI,63,0.0,0,0
2770,3472C3D8C4F95166,2,6,0.0,0,VE,63,0.0,0,0
2771,d68ae71e-46ef-45f3-9a39-09219868bde0,2,2,0.0,0,IN,64,0.0,0,0
2772,C7B703874CC5AC0E,3,18,0.3227,4,IT,65,0.0,0,1
2773,2E67F9687DE6DD21,1,10,0.0,0,US,65,0.0,0,0
2774,9E7ECEA5CFB39F7,2,4,0.0,0,GB,63,0.0,0,0
2775,e99f8d8a-9da5-486a-9923-262586f52f41,1,1,0.0,0,US,63,0.0,0,0
2776,643110A0150AB049,1,21,0.0007,1,IQ,65,0.0,0,1
2777,5A8D7A598D2117E,1,15,0.0001,1,ID,63,0.0,0,1
2778,09af40c6-4f3c-4043-8fc9-fcca1fb8389d,1,1,0.0,0,FJ,64,0.0,0,0
2779,B7B2165BC4470352,1,1,0.0,0,DO,63,0.0,0,0
2780,C4D80A2470E74410,7,56,0.0092,3,MM,63,0.0,0,1
2781,7CB11E475F659DA1,1,12,0.18380000000000002,6,US,63,0.0,0,1
2782,80A250C1590A34F3,3,4,0.0,0,AU,65,0.0,0,0
2783,9BFFB9C774013D63,1,1,0.0,0,US,64,0.0,0,0
2784,9E0B2B5DDBDE827,1,3,0.0,0,BR,64,0.0,0,0
2785,7085FFE85B4C7086,2,16,0.0,0,JP,63,0.0,0,0
2786,ebcfaf98-9087-4308-8aec-d34a656fbf2d,2,2,0.0,0,AZ,65,0.0,0,0
2787,cacd7e04-86dc-4fc5-a7c1-6db70f1f09a3,1,1,0.0,0,IN,64,0.0,0,0
2788,8023C5620ABFB180,2,7,0.0,0,IN,65,0.0,0,0
2789,A960713B57A91792,1,17,0.0214,1,US,64,0.0,0,1
2790,C8D5FCAA5BC1EC6F,1,10,0.0,0,JO,63,0.0,0,0
2791,61F9655DC2AAB082,2,18,0.2563,1,US,64,0.0,0,1
2792,768C303C009EE1B3,5,15,0.0,0,DZ,64,0.0,0,0
2793,1a4e99cd-d4a2-40a2-9109-08890e61e0f2,1,1,0.0,0,CO,65,0.0,0,0
2794,3E7519D7BC146B07,1,1,0.0,0,BR,63,0.0,0,0
2795,97a2ca8e-3274-43ce-86fa-bfcdae5401db,1,1,0.0,0,CO,65,0.0,0,0
2796,fd449e4e-08f0-472e-8511-9ab80f796694,1,1,0.0,0,ID,64,0.0,0,0
2797,981FCEE33E6F601A,2,19,0.019000000000000003,2,PH,63,0.0,0,1
2798,9151A00C40014207,1,12,0.0005,1,VE,63,0.0,0,1
2799,F54C47F0D55F0B07,1,4,0.0,0,AU,63,0.0,0,0
2800,5B94733CE572A45F,1,3,0.0158,1,US,64,0.0,0,1
2801,3A9BE34126E093FC,1,5,0.0,0,CO,63,0.0,0,0
2802,1d24c2ff-fd04-44a6-b741-cc0f0b321a0d,1,1,0.0,0,GT,64,0.0,0,0
2803,42D5B84C4940501E,1,18,0.0,0,PH,65,0.0,0,0
2804,3E1C1B0AE92DEF66,4,31,0.0248,10,PH,64,0.0,0,1
2805,6CBD2B471314F7FC,1,3,0.0,0,NL,65,0.0,0,0
2806,79005AAB985E9FE7,2,15,0.0,0,AU,63,0.0,0,0
2807,E49DF21F04E00B7A,1,5,0.0,0,IE,65,0.0,0,0
2808,44F0D13C108B249A,1,4,0.0006,1,IN,63,0.0,0,1
2809,B982562BC74C03FC,1,4,0.0,0,US,65,0.0,0,0
2810,CBDFEC8F97355D17,1,3,0.0,0,US,65,0.0,0,0
2811,BA2AACE632BD44AD,2,2,0.0,0,CN,64,0.0,0,0
2812,a37393e0-8f83-435c-8266-c72ff1bab23e,1,1,0.0,0,VE,63,0.0,0,0
2813,b5151f31-1932-4e7e-a14e-3bf45d25ab32,1,1,0.0,0,DZ,64,0.0,0,0
2814,E95B51D27B08B9F7,1,4,0.0,0,CL,63,0.0,0,0
2815,ADBA0F2FE802A602,1,1,0.0,0,SA,64,0.0,0,0
2816,dfa7f446-92b4-4146-8e2b-318a77f47edc,1,1,0.0,0,DZ,64,0.0,0,0
2817,90D376A41EAD2CB,1,10,0.0093,2,PH,65,0.0,0,1
2818,937B8B7A0170AC1A,1,20,0.0149,1,CA,64,0.0,0,1
2819,F3895E7D8F092C30,2,36,0.12689999999999999,14,US,65,0.0,0,1
2820,95C1B456E26FCD4E,1,9,0.0,0,IN,65,0.0,0,0
2821,DD1F83A951367EDE,1,1,0.0,0,US,65,0.0,0,0
2822,35857BADD51F4963,6,9,0.0,0,RS,65,0.0,0,0
2823,2f2f4e13-e922-4648-8fb6-cacc3753ec56,1,1,0.0,0,US,65,0.0,0,0
2824,6c0f0d5c-3e90-411e-9a93-d1c09a840c9d,2,9,0.0,0,DZ,63,0.0,0,0
2825,7D852DFB50CA9DF,1,4,0.0,0,US,64,0.0,0,0
2826,9202222A754CCB30,2,5,0.0,0,NI,63,0.0,0,0
2827,56124a7e-64a1-45fd-a2e7-d7ba870857f7,1,1,0.0,0,CI,65,0.0,0,0
2828,CE9D2DBA3239AB3A,2,6,0.0,0,IT,64,0.0,0,0
2829,97C50F56C28000F5,1,5,0.0,0,LY,65,0.0,0,0
2830,88140B5952D311B9,1,3,0.0,0,FR,65,0.0,0,0
2831,7D4B9816B6C46570,1,1,0.0,0,US,63,0.0,0,0
2832,3C5CDC89A27C89BA,1,28,0.0002,2,DZ,65,0.0,0,1
2833,8A2765F20471E1A2,1,11,0.0,0,US,65,0.0,0,0
2834,13E2FE9F0F6BE6E2,1,3,0.0,0,SG,65,0.0,0,0
2835,BBC4A5B514CBDC7D,1,3,0.0,0,VE,64,0.0,0,0
2836,ec396fd8-819f-4d79-9f9d-8b154931b6c0,1,1,0.0,0,US,64,0.0,0,0
2837,932b5d83-159c-455b-9f5a-b5c197109d02,2,2,0.0,0,NI,63,0.0,0,0
2838,35131AE2F04C51B2,1,2,0.0,0,IN,64,0.0,0,0
2839,28E85BB9943D7A72,2,5,0.0,0,SO,64,0.0,0,0
2840,C3DDB3625BAE6C8E,2,13,0.0162,2,GB,63,0.0,0,1
2841,ADEAD6238E72C434,1,14,0.1886,2,GB,64,0.0,0,1
2842,E4B9CEED14DFDEFB,2,9,0.0,0,US,64,0.0,0,0
2843,78E84DA44C70B999,2,4,0.0,0,US,64,0.0,0,0
2844,B6506304B606E104,1,4,0.0,0,AO,64,0.0,0,0
2845,116bf05e-141d-486f-a1e5-bb4e4d51d186,2,2,0.0,0,BR,64,0.0,0,0
2846,fbf8b64d-5bf2-4dcd-ac5c-70c3601a3a7d,1,1,0.0,0,DZ,64,0.0,0,0
2847,4439C7B9999AA7B5,1,2,0.0,0,BR,64,0.0,0,0
2848,374650BEF97207C0,2,4,0.0,0,US,64,0.0,0,0
2849,34d27d5b-9ce8-478c-9598-b47ee5b5b8ba,1,1,0.0,0,MX,63,0.0,0,0
2850,AD7C627D30C7DAD6,1,30,0.0007,1,IQ,65,0.0,0,1
2851,A9AA9962F603BBAB,3,27,0.0164,1,US,64,0.0,0,1
2852,3A535E3DD4DF94E2,6,34,0.0,0,CG,64,0.0,0,0
2853,7e9c5f7c-a765-4621-9fab-b8490e7cba2c,1,1,0.0,0,IN,65,0.0,0,0
2854,697901355005AFF5,1,2,0.0,0,BR,65,0.0,0,0
2855,4E89824DE6E5620E,1,3,0.0,0,US,65,0.0,0,0
2856,A7A08B8D7F02118B,1,8,0.0098,2,MX,64,0.0,0,1
2857,1BD9FA88CDAB3B2,1,4,0.0053,1,DE,65,0.0,0,1
2858,832B0876F803C261,1,5,0.0021,1,JO,65,0.0,0,1
2859,C9C19D00B6F1230C,1,19,0.0,0,LA,63,0.0,0,0
2860,48FA4454E1D6F887,1,4,0.0,0,JP,63,0.0,0,0
2861,B7ED90E62157D106,1,10,0.0,0,IQ,65,0.0,0,0
2862,923E783558334F8D,2,2,0.0,0,MX,64,0.0,0,0
2863,2B349C74F2C9BF2,1,3,0.0,0,US,65,0.0,0,0
2864,EEA5DE57EDD13F37,1,13,0.0528,5,ID,64,0.0,0,1
2865,13CC7963578CA77B,1,5,0.0,0,VE,63,0.0,0,0
2866,6D5DBA6A95BC387A,1,22,0.1308,4,SA,65,0.0,0,1
2867,C3C15A0D8275191,1,5,0.0,0,VE,65,0.0,0,0
2868,7D3854F540C66009,1,1,0.0,0,SA,65,0.0,0,0
2869,9a794731-f330-404d-abf7-7295473b2ecc,1,1,0.0,0,AZ,65,0.0,0,0
2870,1FB3D827EBC94F2,2,30,0.0742,6,US,65,0.0,0,1
2871,ae95161a-6954-4ab3-b346-027dfc6307a9,1,1,0.0,0,FR,65,0.0,0,0
2872,B03B32AFDD442F23,1,3,0.0,0,US,63,0.0,0,0
2873,fa83a142-adc9-48e6-80a8-88496aa3bede,1,1,0.0,0,LA,63,0.0,0,0
2874,91DA66334EEA97A1,3,24,0.0,0,ID,63,0.0,0,0
2875,697372F8CB0FB52,1,11,0.0039,2,IN,65,0.0,0,1
2876,f974f805-51fa-4bf4-a974-4af2bf8e1d9f,1,1,0.0,0,PK,63,0.0,0,0
2877,60AE7543CC31C1BC,1,1,0.0,0,FR,64,0.0,0,0
2878,ecd4d06d-ccbd-49b6-9895-306d3f680a9d,1,1,0.0,0,LA,63,0.0,0,0
2879,7186EE0EE52B3D8A,1,4,0.0,0,LY,64,0.0,0,0
2880,A6405349B988E62,1,6,0.0,0,GB,65,0.0,0,0
2881,45F82D402EDEE3C5,1,2,0.0,0,IQ,64,0.0,0,0
2882,F05B191E30D08605,1,5,0.0,0,LA,63,0.0,0,0
2883,c01c2175-ebb1-4423-aada-5373cc25669c,2,2,0.0,0,IQ,64,0.0,0,0
2884,E53CF5F90DB07394,4,23,0.0,0,DZ,65,0.0,0,0
2885,B2F46B6242E09B47,1,3,0.0,0,VN,63,0.0,0,0
2886,9D7B01D7AE242668,1,3,0.0,0,US,65,0.0,0,0
2887,ac0db86b-e172-4e1d-86c5-c961640cfcdf,1,4,0.0,0,CU,65,0.0,0,0
2888,85121B56999A0E0,2,9,0.0006,1,LY,65,0.0,0,1
2889,8A302123185DE06B,1,19,0.0119,2,VE,65,0.0,0,1
2890,19F42CD141B9707A,1,1,0.0,0,SA,65,0.0,0,0
2891,4EE0FA0B9F63081D,1,3,0.0,0,IN,65,0.0,0,0
2892,7B84C38D0F621DCB,1,1,0.0,0,US,63,0.0,0,0
2893,B2F165D811DD1E9F,1,8,0.0028,1,US,64,0.0,0,1
2894,F55E67A5CEB4FF46,1,3,0.0,0,US,63,0.0,0,0
2895,EF44EB99343A37C0,2,10,0.0,0,BR,64,0.0,0,0
2896,86574BF7C29253,1,14,0.0,0,LY,65,0.0,0,0
2897,ADAE64B03E482FAC,2,6,0.0,0,JP,65,0.0,0,0
2898,f9cb1787-79d4-4153-a241-3d8541e28a5c,1,1,0.0,0,DZ,64,0.0,0,0
2899,B5ED2A14930B9339,2,8,0.0009,1,IQ,64,0.0,0,1
2900,6A00B33E67AC4EBA,1,3,0.0,0,CA,63,0.0,0,0
2901,14C626EBCB2C2EB6,1,1,0.0,0,CA,65,0.0,0,0
2902,1EC239014CCC1B4F,1,2,0.0,0,US,65,0.0,0,0
2903,34977C8565CE94EE,1,9,0.0,0,IR,64,0.0,0,0
2904,9965A6A6A411621E,1,5,0.0,0,US,63,0.0,0,0
2905,4601636a-e0dd-4e62-b7be-80b130795790,1,1,0.0,0,GB,64,0.0,0,0
2906,b32091d1-9f0b-4c06-9989-6255984ef78d,1,3,0.0008,1,IN,64,0.0,0,1
2907,6F9088134FF7D273,1,8,0.0,0,BR,65,0.0,0,0
2908,462945A118092EB9,5,11,0.0002,1,DZ,65,0.0,0,1
2909,C2809F9BB7935217,2,6,0.0,0,MX,65,0.0,0,0
2910,405af7ce-90a0-4edf-a982-94094c710f8c,1,1,0.0,0,IN,64,0.0,0,0
2911,3955AD57F3C30D05,1,1,0.0,0,UY,65,0.0,0,0
2912,35F5D4B2A84BA825,4,19,0.0174,1,US,65,0.0,0,1
2913,E07C7C8F0F7F3FF3,6,29,0.0,0,US,65,0.0,0,0
2914,2E3ECE9E54849A4E,1,38,0.7147,8,CA,64,0.0,0,1
2915,5085F355F4FEA128,1,14,0.0013,2,ID,63,0.0,0,1
2916,CE6392AD08314B6A,1,1,0.0,0,SA,65,0.0,0,0
2917,7416E522B9AB8C23,1,4,0.0,0,NL,65,0.0,0,0
2918,16734D70A93A2730,1,3,0.0,0,DZ,65,0.0,0,0
2919,8b51dd8b-3984-4ed9-a72b-4a852612c031,1,1,0.0,0,DZ,65,0.0,0,0
2920,A363643169D21DA5,1,1,0.0,0,KR,63,0.0,0,0
2921,442fe4cc-a988-400a-b57e-73e4125d5420,1,1,0.0,0,US,65,0.0,0,0
2922,CB60B444CC10A677,4,16,0.2731,2,US,65,0.0,0,1
2923,7F5DD0A309B3D5A9,1,37,0.044700000000000004,14,US,65,0.0,0,1
2924,C88F07E84C827DD1,2,4,0.0,0,IQ,65,0.0,0,0
2925,8923F86C08827ED8,1,3,0.0,0,MA,65,0.0,0,0
2926,6AB5512D4E468535,1,4,0.0,0,ZA,65,0.0,0,0
2927,43c03e10-71a4-48a7-b60b-df7473ec2daa,1,1,0.0,0,SO,64,0.0,0,0
2928,EEA0C1E082561EBF,1,8,0.1179,1,KR,64,0.0,0,1
2929,346BE8D68001A027,2,7,0.0324,2,US,64,0.0,0,1
2930,cb7ee3a5-5cc6-451c-8dfe-5699960828f1,1,1,0.0,0,CO,63,0.0,0,0
2931,8868A752A24E706C,1,14,0.6506000000000001,2,US,64,0.0,0,1
2932,8e8b823a-143d-4358-b937-25c8e02fa640,1,1,0.0,0,GT,63,0.0,0,0
2933,BB2500604C7EFBD0,1,1,0.0,0,US,65,0.0,0,0
2934,6DBCD46CDBBEFCE,1,5,0.0,0,EG,63,0.0,0,0
2935,79E5555F302C0C76,3,3,0.0,0,IN,64,0.0,0,0
2936,F756FCCF320A3E28,1,16,0.0,0,BF,65,0.0,0,0
2937,19980414-baef-4aff-a277-7a5286a506fa,1,1,0.0,0,MR,63,0.0,0,0
2938,ee0b09c1-e37f-4061-b447-f650dd8985f5,1,1,0.0,0,IQ,63,0.0,0,0
2939,285B848EA04F06B3,1,4,0.0,0,BR,63,0.0,0,0
2940,bf932e55-b7a0-4544-9d29-4323b4af059e,1,2,0.0,0,DZ,65,0.0,0,0
2941,5bfe48a7-e932-4801-bad5-08d14508bc4b,1,20,0.0004,4,DZ,63,0.0,0,1
2942,551239F18680FD94,1,12,0.0022,3,IN,65,0.0,0,1
2943,6F9A9FD879587413,1,11,0.0063,2,US,63,0.0,0,1
2944,F45E759FCD8226BC,1,17,0.0,0,MQ,64,0.0,0,0
2945,C4524637B7C89844,1,2,0.0,0,US,65,0.0,0,0
2946,25CAB0333EB4B008,1,1,0.0,0,US,64,0.0,0,0
2947,B0CC1BC3DF3CD850,12,55,0.0,0,HT,65,0.0,0,0
2948,A4C38BDBD2BA0E6C,2,5,0.0,0,CN,64,0.0,0,0
2949,91987D56FEB344C,1,3,0.0,0,US,65,0.0,0,0
2950,70096cb2-fc0a-410b-b571-29f9e71e31bc,2,2,0.0,0,IQ,65,0.0,0,0
2951,97f610a6-8a13-4c6b-8461-d4d21ea5ef79,1,1,0.0,0,FJ,63,0.0,0,0
2952,215AF33094734315,6,44,0.0,0,EG,64,0.0,0,0
2953,686D0C8F37B50529,2,8,0.0,0,US,65,0.0,0,0
2954,3F9A23772FEBC0F1,1,5,0.0,0,AU,65,0.0,0,0
2955,9637FF12D8F48EF2,1,39,0.18119999999999997,7,PH,64,0.0,0,1
2956,546C1421AEAF366F,1,3,0.0,0,US,65,0.0,0,0
2957,40d5869e-a209-4ba6-8b5f-72f84313c402,2,17,0.0,0,DZ,64,0.0,0,0
2958,6BB08E50B85AC6C5,1,11,0.0,0,LA,64,0.0,0,0
2959,15811532CA8347E2,1,13,0.16210000000000002,2,SA,64,0.0,0,1
2960,A9A76DD1DCBE3569,1,3,0.0,0,BJ,64,0.0,0,0
2961,C959F6761BD527F7,1,6,0.0,0,PY,63,0.0,0,0
2962,60390685-66de-4758-bdb2-97028d7fc6e9,1,1,0.0,0,PH,64,0.0,0,0
2963,BC3702FC6E46E87A,1,4,0.0,0,MY,63,0.0,0,0
2964,A3C32179F4A2AFA6,1,14,0.0693,3,GP,65,0.0,0,1
2965,98781CEAA13480AD,1,3,0.0,0,DZ,65,0.0,0,0
2966,60582BFDFB1C2BB9,1,1,0.0,0,DE,63,0.0,0,0
2967,11A876E799BF6395,1,3,0.0,0,PK,64,0.0,0,0
2968,D126808632A6876,1,3,0.0,0,US,63,0.0,0,0
2969,7C9CD8CEC1593487,1,10,0.0,0,AR,65,0.0,0,0
2970,87B6D0791FAA7A03,1,3,0.0013,1,CO,65,0.0,0,1
2971,D23DAB37BCDD2B86,1,3,0.0,0,US,65,0.0,0,0
2972,A1845813745AFF2C,1,7,0.0,0,GB,64,0.0,0,0
2973,3FB32BDF0EFBF6D8,1,9,0.025,1,US,63,0.0,0,1
2974,51942F4CB2584A7A,1,4,0.0,0,BR,64,0.0,0,0
2975,2dacd9e3-3df8-43a6-9748-6519047c3ffa,1,1,0.0,0,AO,63,0.0,0,0
2976,1075CB1620E52C1E,1,5,0.0,0,BR,63,0.0,0,0
2977,80761C2CA65A4B13,1,8,0.0015,1,US,64,0.0,0,1
2978,87E3B460E753C8C2,1,10,0.0014,2,PH,63,0.0,0,1
2979,7F368D9ABCFC4381,4,11,0.0131,1,NZ,64,0.0,0,1
2980,903FD39BB7F0C9B0,1,5,0.0,0,IN,65,0.0,0,0
2981,66D2DA45141B47C9,2,3,0.0,0,IQ,64,0.0,0,0
2982,6E2345A434B28251,2,6,0.0252,2,US,65,0.0,0,1
2983,84752D63252BDCBF,1,31,0.0007,1,AR,63,0.0,0,1
2984,6A24D6C057100E39,3,28,0.010400000000000001,10,EG,63,0.0,0,1
2985,9838A0A89F317CB7,1,22,0.0732,7,US,64,0.0,0,1
2986,84C1E38607124661,1,4,0.0,0,US,64,0.0,0,0
2987,39E2ADB17D383368,9,53,0.0,0,SD,65,0.0,0,0
2988,87226824-4b54-4220-a240-5048b9e2f611,1,1,0.0,0,US,65,0.0,0,0
2989,50b386e6-a2dd-468d-81f6-814e0a5b0f05,2,2,0.0,0,VE,63,0.0,0,0
2990,1FCBEA8C4A38D623,1,1,0.0,0,US,63,0.0,0,0
2991,8E51C5228F38CEE9,1,1,0.0,0,MY,64,0.0,0,0
2992,6B21A811CE55F946,1,1,0.0,0,IN,64,0.0,0,0
2993,2DE18A7B3BC99236,3,22,0.0001,1,IN,64,0.0,0,1
2994,20d94802-0c53-4e9a-8a5b-1f6ee716ee1a,1,1,0.0,0,GE,64,0.0,0,0
2995,AF7F6DE07E51D8B4,3,3,0.0,0,LY,63,0.0,0,0
2996,FF9B1022AF23BB2A,2,36,0.0328,11,US,65,0.0,0,1
2997,1DF191AD8DAE8838,2,7,0.0498,2,GB,65,0.0,0,1
2998,38D68CD170E1F3E4,1,3,0.0,0,PH,63,0.0,0,0
2999,AE422CEB108A1181,1,1,0.0,0,PH,63,0.0,0,0
3000,ba1429ac-114b-4fee-8423-7adffa6a6e58,2,10,0.0,0,DZ,64,0.0,0,0
3001,B38D4D9C659A73A6,9,39,0.0,0,CA,65,0.0,0,0
3002,FAAFD1E7F970AA57,2,8,0.0077,1,GB,64,0.0,0,1
3003,D4A95E91C12B19E3,1,9,0.0,0,BR,65,0.0,0,0
3004,D769228B28F4A728,3,9,0.0,0,US,65,0.0,0,0
3005,f78274ea-dd8c-4b76-be9a-5e7841f71222,1,1,0.0,0,LA,63,0.0,0,0
3006,714e076e-4298-4c74-b696-b34197ad8f0e,1,1,0.0,0,NZ,63,0.0,0,0
3007,EE1D2B5D0E7305DA,2,5,0.0,0,SA,65,0.0,0,0
3008,ACFA5738D09DC03B,1,5,0.0,0,TN,64,0.0,0,0
3009,1223EBC2E06DF244,3,64,0.0096,18,GB,65,0.0,0,1
3010,46A494B1E1E8DB19,1,2,0.0,0,US,63,0.0,0,0
3011,79142E735672C221,1,7,0.0052,2,US,63,0.0,0,1
3012,1150AA2DE2AE7739,2,40,0.0,0,ID,64,0.0,0,0
3013,69E1443A16EA1D02,2,6,0.0,0,JP,65,0.0,0,0
3014,A6775D5CA56F01A8,5,29,0.0004,2,PK,64,0.0,0,1
3015,21B3B3EC0CFF3F21,1,3,0.0,0,US,65,0.0,0,0
3016,D192A2F2CCCE3C9D,10,30,0.0,0,IR,64,0.0,0,0
3017,23660245154DC7F0,1,1,0.0,0,DO,65,0.0,0,0
3018,868F0C6FD395E2AA,4,5,0.0106,1,US,64,0.0,0,1
3019,5423BC62CE9E2E29,2,10,0.0054,2,AR,63,0.0,0,1
3020,3C5787C26491BF1B,1,14,0.0,0,IQ,63,0.0,0,0
3021,2A0C553FC280E4B,4,21,0.0594,3,US,65,0.0,0,1
3022,31ECC490A58516DB,4,28,0.020999999999999998,7,US,65,0.0,0,1
3023,0119b543-e270-44a0-806b-d51b74312492,1,1,0.0,0,DZ,64,0.0,0,0
3024,5D0C6EE33D52167E,6,48,0.0,0,VE,65,0.0,0,0
3025,56D965DF359C61B9,5,35,0.0009,5,US,65,0.0,0,1
3026,5CDE03F70A01936C,1,2,0.0,0,DZ,63,0.0,0,0
3027,DAC23F624BCC9A6D,1,1,0.0,0,AI,64,0.0,0,0
3028,35A3E9EE1EF84684,3,31,0.0021999999999999997,7,VE,63,0.0,0,1
3029,950675C9F4EAE51E,1,4,0.0,0,PK,65,0.0,0,0
3030,87ACFDDC8933A87B,1,20,0.0086,1,ZA,64,0.0,0,1
3031,5BA8F4A576DD7246,2,10,0.0325,2,US,64,0.0,0,1
3032,e1e20a5e-5ea8-4f53-b279-1e3c721653c2,1,1,0.0,0,BO,64,0.0,0,0
3033,49ae5f83-f5c9-48cb-b364-4ff6bb9dba2b,1,1,0.0,0,DZ,64,0.0,0,0
3034,6E2811ADC051667D,1,18,0.0066,5,DO,64,0.0,0,1
3035,E6712A5E296C035D,3,22,0.0196,5,US,65,0.0,0,1
3036,284781B6849F881C,1,17,0.0517,4,US,64,0.0,0,1
3037,A70715969B535F76,2,13,0.0042,2,JP,64,0.0,0,1
3038,5AB96B72B81B1172,1,2,0.0,0,US,65,0.0,0,0
3039,4B94F5625BBFF6E9,1,4,0.0,0,CA,63,0.0,0,0
3040,1F4B5C3203BD5653,2,15,0.0867,1,US,65,0.0,0,1
3041,211DC0AE20508506,3,3,0.0,0,RS,63,0.0,0,0
3042,D8B4D94E9DA55A72,1,2,0.0,0,BD,65,0.0,0,0
3043,69EAFA6E07FAAED7,3,14,0.0,0,PK,65,0.0,0,0
3044,38633c7b-0830-41da-b190-53448a448672,2,2,0.0,0,CU,65,0.0,0,0
3045,E2FA8FEC5E0F0E5F,1,20,0.0,0,PH,65,0.0,0,0
3046,CBF6E92881CB5BB,3,21,0.0058,3,SV,65,0.0,0,1
3047,44C879736C39AA0E,1,10,0.0,0,PE,64,0.0,0,0
3048,E3EA9F3762A20B9D,2,4,0.0017,1,RU,64,0.0,0,1
3049,6137C8C8838C2DB6,1,4,0.0,0,LY,63,0.0,0,0
3050,5AFC65BD8768B15C,1,2,0.0,0,US,64,0.0,0,0
3051,7A9904D795D15F00,1,4,0.0,0,US,64,0.0,0,0
3052,D324A76723B439D,4,22,0.0528,5,JP,65,0.0,0,1
3053,36B760458D59E72F,1,6,0.0,0,MA,63,0.0,0,0
3054,586BDA14E4C8E7B2,1,8,0.005,1,NL,63,0.0,0,1
3055,784DE8490D8F1114,2,5,0.0007,1,PE,63,0.0,0,1
3056,3EC3B04D5251CB1F,1,9,0.0081,1,SA,65,0.0,0,1
3057,708829B4F3CC0DF4,1,5,0.0055,1,US,64,0.0,0,1
3058,5A2D27352B58747C,1,4,0.0,0,GA,63,0.0,0,0
3059,d455bfc0-5ef5-47a2-b562-6b883f2f1fdd,1,1,0.0,0,VE,63,0.0,0,0
3060,412B0A6A3D020067,1,1,0.0,0,PR,65,0.0,0,0
3061,9EFA5A5BC990C4D4,3,40,0.8675,15,US,63,0.0,0,1
3062,3A197E8712451EF5,2,7,0.0,0,US,63,0.0,0,0
3063,EB6A6E856DF6A789,1,5,0.0,0,MA,65,0.0,0,0
3064,552A98335C0EF70F,1,5,0.0,0,BD,64,0.0,0,0
3065,C66B39C08A00849D,2,5,0.0,0,PH,63,0.0,0,0
3066,60DF775CCB44DF89,1,2,0.0,0,AE,65,0.0,0,0
3067,a3a0e7c5-73c1-4411-9799-b221359fab2c,4,26,0.0,0,IN,64,0.0,0,0
3068,D5B030D43BF2F7D7,5,14,0.0,0,DZ,64,0.0,0,0
3069,F009BE151931E0C8,2,24,0.2351,7,US,65,0.0,0,1
3070,BA839F449D7BD124,2,8,0.0,0,PT,63,0.0,0,0
3071,C8BC524227970E75,1,4,0.0,0,CA,63,0.0,0,0
3072,56EF1C9E04125646,1,5,0.0,0,CD,63,0.0,0,0
3073,4C02FF8BF3C43545,1,5,0.0207,1,US,63,0.0,0,1
3074,1112CFBBC09EE92C,1,3,0.0,0,IN,64,0.0,0,0
3075,1240DAF314D0443C,1,3,0.0,0,MX,63,0.0,0,0
3076,7CD6F8C2A81B0F61,1,6,0.0,0,EG,64,0.0,0,0
3077,F18896F1A685D078,2,25,0.0022,1,MA,64,0.0,0,1
3078,1697D06A467BD2D3,1,1,0.0,0,US,64,0.0,0,0
3079,0bc987ae-ae1e-4efc-b0ae-8033d92a672f,2,2,0.0,0,GY,64,0.0,0,0
3080,B25008AEA40E2CD9,1,5,0.0,0,US,65,0.0,0,0
3081,52F9E8DAD683495F,10,26,0.0,0,BR,65,0.0,0,0
3082,159AF8CF24914FD,1,10,0.0,0,BR,65,0.0,0,0
3083,675F66D31F2D3C2A,4,31,0.0084,7,BR,65,0.0,0,1
3084,45FAF75309B40AE,1,2,0.0,0,VE,63,0.0,0,0
3085,55c2d6b2-2b69-4327-a738-80cbdad6bdac,1,1,0.0,0,AE,65,0.0,0,0
3086,ff6e4652-f933-43f5-adb5-3cd919754c75,1,1,0.0,0,DZ,64,0.0,0,0
3087,AD7AF98E6472F8CF,2,49,0.18519999999999998,15,US,64,0.0,0,1
3088,5FB3D9D30ACBA663,3,19,0.0,0,VE,63,0.0,0,0
3089,1e3aaa60-128a-4d16-92e7-4799eca74ec2,1,1,0.0,0,LK,65,0.0,0,0
3090,F8BECBB40B4637D5,5,32,0.0042,2,EC,63,0.0,0,1
3091,574D50AA48362BA2,1,2,0.0,0,KR,63,0.0,0,0
3092,2116FFAD9815AEA6,2,2,0.0,0,MR,65,0.0,0,0
3093,E9FC57FBADE41DD6,2,7,0.0,0,IN,65,0.0,0,0
3094,CD1A114AF54A7694,2,20,0.0092,1,US,64,0.0,0,1
3095,5639AF60EF6857F1,3,39,0.15380000000000002,12,US,63,0.0,0,1
3096,CDD82BAE07C4AB7E,1,10,0.0156,1,MX,64,0.0,0,1
3097,61DB7C4A0633CE66,3,8,0.0,0,PK,64,0.0,0,0
3098,F9DF8995F60EB2C6,1,1,0.0,0,RU,64,0.0,0,0
3099,510F97C585FD680E,1,1,0.0,0,CA,64,0.0,0,0
3100,DC79CF164F7FBBD0,1,2,0.0,0,SY,65,0.0,0,0
3101,c7e9c6a3-cf87-4e57-a536-5b499274b842,2,9,0.0,0,PE,64,0.0,0,0
3102,C227FE583B31AE7,2,4,0.0,0,IN,64,0.0,0,0
3103,e176fd7d-869b-45c0-b660-de774a64e3ba,1,1,0.0,0,--,65,0.0,0,0
3104,A4109ABE1B99384F,3,19,0.0028000000000000004,16,AZ,63,0.0,0,1
3105,3B7702D6537ED2EB,3,26,0.0023000000000000004,11,EG,64,0.0,0,1
3106,139e3269-0a35-4b8c-872b-22bfb9d934d4,1,1,0.0,0,IN,63,0.0,0,0
3107,96D69A970F4E4168,1,3,0.0,0,US,65,0.0,0,0
3108,900133E8F9A108C7,1,10,0.0,0,GM,63,0.0,0,0
3109,792148EC0CFADA69,1,5,0.0,0,YE,64,0.0,0,0
3110,D4E6DCB559AE0C1A,1,12,0.0,0,GB,63,0.0,0,0
3111,15c010cf-d6be-42be-bbf3-1f8f5a696180,1,1,0.0,0,DZ,63,0.0,0,0
3112,FF7A3AE14DE4FB62,1,3,0.0,0,MY,64,0.0,0,0
3113,EE3C7026E670F5E4,6,25,0.0,0,NI,65,0.0,0,0
3114,594E4AD00E9B6A3,2,15,0.001,2,US,65,0.0,0,1
3115,83201422A4A2E760,1,1,0.0,0,SY,64,0.0,0,0
3116,1D85498052B05A17,9,65,0.0006,1,SZ,63,0.0,0,1
3117,A4F3DBBC3DDD92E2,1,10,0.0005,2,GB,64,0.0,0,1
3118,1D0ED192297E055,1,8,0.0,0,GB,64,0.0,0,0
3119,23ADED45628D08BA,1,1,0.0,0,AR,65,0.0,0,0
3120,60472EFE34F3622C,1,7,0.0022,1,IN,64,0.0,0,1
3121,220DC2C23E361530,4,19,0.015199999999999998,5,FR,65,0.0,0,1
3122,BF887B706C899218,1,3,0.0,0,AU,63,0.0,0,0
3123,C447C56DAC229E95,1,4,0.0,0,PY,64,0.0,0,0
3124,AC17F1493DB96682,1,4,0.0,0,DZ,64,0.0,0,0
3125,BA01B87B4AC1FF4B,1,2,0.0,0,PE,65,0.0,0,0
3126,CEAB8E549124455B,1,2,0.0014,1,ID,64,0.0,0,1
3127,6ec4d18a-8f7f-42bf-ae0b-9e292c3dcafd,1,1,0.0,0,MA,65,0.0,0,0
3128,F09CDC1A935C59F,1,5,0.0,0,US,65,0.0,0,0
3129,3BCDD99C8659524D,2,2,0.0,0,US,65,0.0,0,0
3130,117eae40-8df7-44b7-8596-fd38482473f1,1,1,0.0,0,DZ,63,0.0,0,0
3131,FA65998E27051AF0,1,2,0.0,0,SY,63,0.0,0,0
3132,67B4EF88C292ECC0,2,15,0.0013,3,DZ,65,0.0,0,1
3133,88638D8E2AED1F76,2,6,0.0,0,AU,65,0.0,0,0
3134,89C11F98107A3620,1,5,0.0072,1,US,65,0.0,0,1
3135,b991da33-871d-43a0-a597-c9f031d5bb49,1,1,0.0,0,BR,64,0.0,0,0
3136,EE37ED80B566285E,1,15,0.1697,2,US,63,0.0,0,1
3137,7D38EF720905D312,1,3,0.0,0,US,65,0.0,0,0
3138,7454797DEE11C030,2,4,0.0,0,PH,64,0.0,0,0
3139,4ECEAE0ABFE67FE8,1,9,0.0011,1,EG,63,0.0,0,1
3140,A6F2F542F3BDC7BC,3,64,0.0028,4,VE,64,0.0,0,1
3141,C76684B3A7FB88CD,1,1,0.0,0,JP,65,0.0,0,0
3142,77C5B57D0B3A3036,1,4,0.0,0,SN,63,0.0,0,0
3143,F03BC3BE40FE5DE,2,9,0.0004,1,GH,64,0.0,0,1
3144,B5B2F2B8C5EC5CCF,1,3,0.0,0,MA,65,0.0,0,0
3145,b87b6b2b-e4b0-4d94-aa10-c0db9a79a492,2,6,0.0,0,CI,65,0.0,0,0
3146,D1B52E4D43DB8E25,1,15,0.0,0,DE,64,0.0,0,0
3147,6490939EF50693B4,2,4,0.0124,1,PH,65,0.0,0,1
3148,4c95ab0e-497a-48c4-9dcd-e9320842e6dc,1,1,0.0,0,DZ,65,0.0,0,0
3149,06b9fa1e-a03b-4cff-8a13-eaba0c4ce0b1,1,17,0.0,0,PK,64,0.0,0,0
3150,62D44B2EA18E1D44,1,4,0.0,0,GN,63,0.0,0,0
3151,F115690E1202C788,1,5,0.0,0,US,65,0.0,0,0
3152,4BB961B603FF4026,1,4,0.0,0,IN,65,0.0,0,0
3153,abd76346-dad7-4138-820d-5eeec7ec487f,1,1,0.0,0,DZ,65,0.0,0,0
3154,E08CF58BA49FECA,1,24,0.026500000000000003,2,MX,64,0.0,0,1
3155,0497e6a2-31a2-4b0f-b0ea-1285548aa4ff,1,1,0.0,0,US,65,0.0,0,0
3156,BBE0BB8BDE1E4E5E,2,4,0.001,3,VE,65,0.0,0,1
3157,d504a62a-482c-466d-be48-abd0aa94c230,1,1,0.0,0,IN,64,0.0,0,0
3158,874AEF6E57252137,1,1,0.0,0,US,65,0.0,0,0
3159,cfda88bc-a573-432d-b495-124d6db7d335,1,1,0.0,0,IQ,64,0.0,0,0
3160,E39AB4E34FB05B70,1,3,0.0,0,CA,65,0.0,0,0
3161,D3ACEEC36ED28641,1,19,0.0394,4,US,63,0.0,0,1
3162,DCF3012BCB9E0648,1,2,0.0,0,LY,64,0.0,0,0
3163,a9d3b09d-6081-45f1-b52f-0258ea9fa4f1,2,2,0.0,0,DZ,63,0.0,0,0
3164,E549BE2756F5C9F6,1,10,0.058800000000000005,2,US,64,0.0,0,1
3165,661c8366-327c-4668-8f19-35a62f037d81,1,1,0.0,0,DZ,63,0.0,0,0
3166,834EDC92ECBE5E46,1,1,0.0,0,GB,64,0.0,0,0
3167,9EAD538208DBB153,2,14,0.0,0,DZ,63,0.0,0,0
3168,73E464DC3257B82,1,3,0.0,0,US,64,0.0,0,0
3169,7031CDF545466785,1,6,0.0,0,LY,65,0.0,0,0
3170,909a3ae7-d9bb-4a33-9706-dd9ad4007b2c,1,6,0.0015999999999999999,2,DZ,63,0.0,0,1
3171,709A73352FBF54C5,1,1,0.0,0,MA,64,0.0,0,0
3172,1E1402545A4A7A9A,1,1,0.0,0,EC,65,0.0,0,0
3173,6CEE5A0E36333C25,4,37,0.18359999999999999,10,US,65,0.0,0,1
3174,BF12E70C725569F9,1,5,0.0,0,DZ,63,0.0,0,0
3175,8B707866DFD2AE65,1,19,0.0,0,UA,65,0.0,0,0
3176,62690B6136C28D63,1,2,0.0,0,CR,65,0.0,0,0
3177,32c2be81-2089-42be-9c6c-a800249202a8,1,1,0.0,0,IN,65,0.0,0,0
3178,7A62E97E8F7EDA5A,1,13,0.0424,1,JP,63,0.0,0,1
3179,6D1C43A633B0B2F5,1,7,0.0011,1,US,65,0.0,0,1
3180,1BFDB7CCC66EC6D9,1,8,0.0,0,VE,65,0.0,0,0
3181,0920433d-0f35-4b17-8012-c5410e46f31a,1,1,0.0,0,PK,63,0.0,0,0
3182,66F896299A5B04C0,1,5,0.0051,1,US,63,0.0,0,1
3183,F2268991003DAE07,1,3,0.0,0,CA,64,0.0,0,0
3184,b113495e-d656-4ce7-a55d-758af4d563d7,1,6,0.0,0,DZ,63,0.0,0,0
3185,4a04ce80-5a33-4115-8471-24f27b9ebf0b,1,4,0.0,0,TD,64,0.0,0,0
3186,BD9595A90224CAC1,1,2,0.0,0,US,65,0.0,0,0
3187,1B53B4E814A7278,1,2,0.0,0,IN,63,0.0,0,0
3188,8CAC3B12C56EBF53,1,2,0.0,0,IN,65,0.0,0,0
3189,9823E13835CCA88C,2,6,0.0005,1,DZ,64,0.0,0,1
3190,7c108a7c-4ca3-4552-a3b0-ee200b508b33,2,2,0.0,0,ID,65,0.0,0,0
3191,1bd75ebb-cf88-4c49-abbe-e2132a1f821c,1,1,0.0,0,AR,64,0.0,0,0
3192,2AC5874EB6592D67,1,1,0.0,0,BD,65,0.0,0,0
3193,CE9CFBEE93261B61,1,4,0.0,0,VE,63,0.0,0,0
3194,3af868fb-de8c-431b-acc5-080fecf7a658,3,7,0.0,0,NG,63,0.0,0,0
3195,CFBA0F1DB0A61C5B,1,1,0.0,0,DZ,63,0.0,0,0
3196,CD415DEF8FD801F8,1,1,0.0,0,IN,65,0.0,0,0
3197,F1508F98AAF929B4,3,6,0.0,0,IN,65,0.0,0,0
3198,11DAEBAC3F4E54A0,1,9,0.0,0,BR,63,0.0,0,0
3199,a33bd9bc-750e-4feb-9b32-437818b0cc33,1,1,0.0,0,DO,65,0.0,0,0
3200,48EAC7C92AB6E770,2,11,0.0,0,US,65,0.0,0,0
3201,7C03A4B7BE75AB4A,1,2,0.0,0,US,63,0.0,0,0
3202,860bf742-27b7-4216-aa45-672cb8bee35d,2,3,0.0,0,HT,63,0.0,0,0
3203,86C724CA2410B4E9,1,32,0.0078,7,DZ,64,0.0,0,1
3204,EA97C4134A5FC0D5,1,4,0.0,0,DE,65,0.0,0,0
3205,57D0C308207A4EDA,1,4,0.0,0,TH,64,0.0,0,0
3206,922C685148C89557,3,13,0.0004,1,AR,65,0.0,0,1
3207,0ea7f01b-e882-4821-987c-74da4535dc9d,1,1,0.0,0,IQ,63,0.0,0,0
3208,5ad8d436-cf74-4472-8d9c-26b7f69fae6d,1,1,0.0,0,GA,63,0.0,0,0
3209,D4640689E4B66219,1,4,0.0,0,SA,63,0.0,0,0
3210,701532710FAE4962,1,10,0.0,0,DZ,64,0.0,0,0
3211,386A364874599C0C,1,2,0.0,0,MA,63,0.0,0,0
3212,EF46AEE1E07C6D6D,1,8,0.0247,5,BR,64,0.0,0,1
3213,5b499d0c-cc01-4bd8-823e-00a620b043a5,1,5,0.0,0,IQ,63,0.0,0,0
3214,E1F6E712F91DE55A,2,22,0.0049,3,BR,64,0.0,0,1
3215,44B245E79C2AC9B2,1,4,0.0553,3,US,65,0.0,0,1
3216,be5d6f18-1a1b-4408-9334-0f42fbeaed3e,1,1,0.0,0,IN,64,0.0,0,0
3217,D6471CFF4608D3B2,1,1,0.0,0,US,64,0.0,0,0
3218,FDF734F47AF03F21,3,23,0.0018,2,GH,64,0.0,0,1
3219,1DA4F1BBE5AD874E,1,12,0.0,0,NP,63,0.0,0,0
3220,45E3D66909387111,1,9,0.0786,3,US,64,0.0,0,1
3221,e029ad38-ec2d-45f1-aa70-dbf8b5339901,1,1,0.0,0,US,63,0.0,0,0
3222,818341d7-eeb7-445c-a2a7-cad7485196b2,1,1,0.0,0,AO,65,0.0,0,0
3223,536C7766467583B,1,1,0.0,0,US,65,0.0,0,0
3224,8285E0D6B93C091B,1,6,0.0,0,SA,64,0.0,0,0
3225,78c6920b-9f74-4d36-adf1-cfd773543b58,1,1,0.0,0,DZ,63,0.0,0,0
3226,0e61a6de-26fb-4d21-ae0f-e80d730aefaf,2,28,0.0,0,HT,64,0.0,0,0
3227,10D2E60A34410549,1,12,0.0014,2,BR,65,0.0,0,1
3228,25C829CB30C8F3EB,1,1,0.0,0,DZ,63,0.0,0,0
3229,dfaec574-e9cc-4c88-8baa-ef6eaa9b9e09,1,1,0.0,0,BJ,65,0.0,0,0
3230,79FBDFA81142DDB0,1,4,0.0,0,SA,65,0.0,0,0
3231,E1DF47003D640D8D,1,1,0.0,0,US,64,0.0,0,0
3232,F87403128C16D56C,1,2,0.0,0,JP,65,0.0,0,0
3233,BDA3596BEF70FE63,1,4,0.0,0,GB,65,0.0,0,0
3234,57e343e4-3df5-4f31-baa7-e379c7ee3a27,1,8,0.001,1,IN,65,0.0,0,1
3235,8BADF940C3A8E165,1,4,0.0,0,US,64,0.0,0,0
3236,531C6CC702491269,4,8,0.0,0,US,65,0.0,0,0
3237,182f1857-1e9c-44e6-837c-9844d4a55ccd,7,44,0.0,0,VE,65,0.0,0,0
3238,0148fcf0-1a41-4432-8fff-987e8295ca97,1,1,0.0,0,PK,63,0.0,0,0
3239,AC94D1048FD397EC,2,17,0.0018999999999999998,6,IN,63,0.0,0,1
3240,FE7E5FC31C48BB07,3,4,0.0,0,EG,64,0.0,0,0
3241,b3f4fb90-61ca-4e86-8a94-186fd77b6f63,2,2,0.0,0,BR,64,0.0,0,0
3242,cd9f2604-86af-49c4-8779-cc1a9e821979,1,1,0.0,0,VE,65,0.0,0,0
3243,2D1804C1AD3B9BFD,3,9,0.0,0,BR,64,0.0,0,0
3244,2C644C8BFF4EF49D,4,9,0.0125,1,US,65,0.0,0,1
3245,A863E467CEB30845,2,14,0.0382,1,US,64,0.0,0,1
3246,31EF0FDA1F88B31C,1,1,0.0,0,JP,64,0.0,0,0
3247,906163F02D2B449,1,1,0.0,0,LA,63,0.0,0,0
3248,5A08BBAA140997A7,2,10,0.0,0,CA,63,0.0,0,0
3249,2f2027ca-5885-4270-baf8-8804f9ca32e6,1,1,0.0,0,US,65,0.0,0,0
3250,42c3ddcc-dc4e-4820-bf9a-430c03637365,1,1,0.0,0,HT,65,0.0,0,0
3251,86F46A8C3BBCF257,1,4,0.0017,1,FR,64,0.0,0,1
3252,eb487e77-f81f-4806-b60c-64d6c23147b5,3,3,0.0,0,SA,63,0.0,0,0
3253,EEEEDAA8AD9A3536,2,4,0.0,0,DZ,64,0.0,0,0
3254,5EB3120229DC3E2A,1,2,0.0,0,CO,63,0.0,0,0
3255,5542C6979A8E564D,2,3,0.0,0,IQ,64,0.0,0,0
3256,A4523E7C08C435F5,7,25,0.0192,2,PE,65,0.0,0,1
3257,3CCD43B314F74092,1,4,0.0,0,DZ,64,0.0,0,0
3258,EDAF9B9B72AC07BC,1,3,0.0,0,DO,65,0.0,0,0
3259,7559B0EB8C0B6369,2,19,0.0,0,SY,64,0.0,0,0
3260,4197CE8631817CAB,1,7,0.0113,1,US,63,0.0,0,1
3261,600B51F9B061CF5C,1,1,0.0,0,CA,64,0.0,0,0
3262,7FA8F9D33A8B61C9,3,8,0.0,0,US,65,0.0,0,0
3263,DC843C7E5676E731,1,3,0.0,0,LY,63,0.0,0,0
3264,FDAE7551CDBD0337,2,4,0.0,0,US,64,0.0,0,0
3265,74ACB7F9C5539A12,1,5,0.0,0,MX,63,0.0,0,0
3266,6C81996693246A,4,52,0.0471,18,BE,63,0.0,0,1
3267,D58DFB3AE9BDDC10,2,3,0.0,0,TH,65,0.0,0,0
3268,F2F84DDDEF63889E,2,2,0.0,0,IN,65,0.0,0,0
3269,AC5A7414AE05EA54,2,3,0.0,0,US,65,0.0,0,0
3270,5CF0DBBC2A8AF947,1,1,0.0,0,BR,65,0.0,0,0
3271,45E214EA9E6654A,1,2,0.0,0,CI,65,0.0,0,0
3272,31FC53E1098FFA92,1,4,0.013600000000000001,2,MX,64,0.0,0,1
3273,463BEE5C0F8179AD,1,19,0.0,0,DE,63,0.0,0,0
3274,5B665710E8F6782E,1,4,0.0,0,IN,64,0.0,0,0
3275,ee0bc866-e0c6-4e8b-b7eb-3d926d9ba34c,1,1,0.0,0,IN,64,0.0,0,0
3276,8D0DC84F96F43F97,2,4,0.0,0,GB,63,0.0,0,0
3277,A40EF889D2D6AC8D,4,37,0.0109,1,SA,65,0.0,0,1
3278,a09d4eb7-815d-4c13-9918-deb05f19d1b9,1,1,0.0,0,CU,63,0.0,0,0
3279,A29D85DB38CA40BB,1,6,0.0,0,US,63,0.0,0,0
3280,999BBCDB8D3FF524,1,1,0.0,0,DZ,65,0.0,0,0
3281,B4D13BE2F000C45D,2,16,0.029599999999999998,4,BR,63,0.0,0,1
3282,52D331A5A299C499,2,5,0.0,0,US,65,0.0,0,0
3283,D5BDECC7703AA42F,1,1,0.0,0,US,64,0.0,0,0
3284,D39E474280FDB4FD,1,22,0.0398,1,US,63,0.0,0,1
3285,92960C119759DC66,1,4,0.0,0,GT,63,0.0,0,0
3286,7FC7D90B4FE8E86B,1,2,0.0,0,IN,64,0.0,0,0
3287,B2CC0BB7EFADD375,1,1,0.0,0,BR,65,0.0,0,0
3288,CDF8A3FF8F7748CB,1,3,0.0,0,US,63,0.0,0,0
3289,96FCC702A08E4380,1,9,0.0,0,GB,65,0.0,0,0
3290,47B23A63ABC76428,1,3,0.0,0,PH,64,0.0,0,0
3291,6F79AAE83455314A,1,3,0.0,0,CA,64,0.0,0,0
3292,4D86E69E1473BD58,2,5,0.005,1,CL,65,0.0,0,1
3293,330C066422992FDD,1,3,0.0,0,IN,64,0.0,0,0
3294,DC42EACCDF7F6235,1,3,0.0,0,US,64,0.0,0,0
3295,e0e48abe-6155-421a-9be8-9ac570b7571a,1,1,0.0,0,CA,64,0.0,0,0
3296,558B31F3CD3F1484,1,3,0.0,0,DZ,63,0.0,0,0
3297,B26F0918E524E870,1,2,0.0,0,CL,64,0.0,0,0
3298,64FF742F2083B93,1,24,0.0046,1,AU,64,0.0,0,1
3299,4BC0C730092B7F56,1,4,0.0,0,BB,63,0.0,0,0
3300,b308e571-10b0-4255-bb17-325067758bc9,1,1,0.0,0,NP,63,0.0,0,0
3301,F895C7916567911F,1,10,0.0086,1,CO,64,0.0,0,1
3302,F7F582CD223428CD,1,8,0.0009,1,VE,64,0.0,0,1
3303,A2B1868BB5A382EF,1,1,0.0,0,US,65,0.0,0,0
3304,D5E42A66FDF62441,1,2,0.0,0,MA,65,0.0,0,0
3305,248B5690112C539F,1,6,0.0,0,IQ,64,0.0,0,0
3306,D5962E2421AE13BA,1,1,0.0,0,IN,65,0.0,0,0
3307,184A56F8952DA391,1,1,0.0,0,JM,64,0.0,0,0
3308,58D03369BAD6204F,1,3,0.0,0,JO,64,0.0,0,0
3309,79979d71-6c90-439f-8c95-453c31ca3883,1,1,0.0,0,NG,64,0.0,0,0
